[{"fields": {"model": "logentry", "name": "log entry", "app_label": "admin"}, "model": "contenttypes.contenttype", "pk": 1}, {"fields": {"model": "permission", "name": "permission", "app_label": "auth"}, "model": "contenttypes.contenttype", "pk": 2}, {"fields": {"model": "group", "name": "group", "app_label": "auth"}, "model": "contenttypes.contenttype", "pk": 3}, {"fields": {"model": "user", "name": "user", "app_label": "auth"}, "model": "contenttypes.contenttype", "pk": 4}, {"fields": {"model": "contenttype", "name": "content type", "app_label": "contenttypes"}, "model": "contenttypes.contenttype", "pk": 5}, {"fields": {"model": "session", "name": "session", "app_label": "sessions"}, "model": "contenttypes.contenttype", "pk": 6}, {"fields": {"model": "application", "name": "application", "app_label": "oauth2_provider"}, "model": "contenttypes.contenttype", "pk": 7}, {"fields": {"model": "grant", "name": "grant", "app_label": "oauth2_provider"}, "model": "contenttypes.contenttype", "pk": 8}, {"fields": {"model": "accesstoken", "name": "access token", "app_label": "oauth2_provider"}, "model": "contenttypes.contenttype", "pk": 9}, {"fields": {"model": "refreshtoken", "name": "refresh token", "app_label": "oauth2_provider"}, "model": "contenttypes.contenttype", "pk": 10}, {"fields": {"model": "usersocialauth", "name": "user social auth", "app_label": "default"}, "model": "contenttypes.contenttype", "pk": 11}, {"fields": {"model": "nonce", "name": "nonce", "app_label": "default"}, "model": "contenttypes.contenttype", "pk": 12}, {"fields": {"model": "association", "name": "association", "app_label": "default"}, "model": "contenttypes.contenttype", "pk": 13}, {"fields": {"model": "code", "name": "code", "app_label": "default"}, "model": "contenttypes.contenttype", "pk": 14}, {"fields": {"model": "userprofile", "name": "user profile", "app_label": "user_accounts"}, "model": "contenttypes.contenttype", "pk": 15}, {"fields": {"model": "purchase", "name": "purchase", "app_label": "booking"}, "model": "contenttypes.contenttype", "pk": 16}, {"fields": {"model": "bookingdetails", "name": "booking details", "app_label": "booking"}, "model": "contenttypes.contenttype", "pk": 17}, {"fields": {"model": "bookingservices", "name": "booking services", "app_label": "booking"}, "model": "contenttypes.contenttype", "pk": 19}, {"fields": {"model": "payments", "name": "payments", "app_label": "booking"}, "model": "contenttypes.contenttype", "pk": 20}, {"fields": {"model": "servicetype", "name": "service type", "app_label": "studios"}, "model": "contenttypes.contenttype", "pk": 21}, {"fields": {"model": "service", "name": "service", "app_label": "studios"}, "model": "contenttypes.contenttype", "pk": 22}, {"fields": {"model": "studio", "name": "studio", "app_label": "studios"}, "model": "contenttypes.contenttype", "pk": 23}, {"fields": {"model": "studiotype", "name": "studio type", "app_label": "studios"}, "model": "contenttypes.contenttype", "pk": 24}, {"fields": {"model": "studiogroup", "name": "studio group", "app_label": "studios"}, "model": "contenttypes.contenttype", "pk": 25}, {"fields": {"model": "studioprofile", "name": "studio profile", "app_label": "studios"}, "model": "contenttypes.contenttype", "pk": 26}, {"fields": {"model": "studiostaffcounts", "name": "studio staff counts", "app_label": "studios"}, "model": "contenttypes.contenttype", "pk": 28}, {"fields": {"model": "paymentmodes", "name": "payment modes", "app_label": "studios"}, "model": "contenttypes.contenttype", "pk": 29}, {"fields": {"model": "studioaccountdetails", "name": "studio account details", "app_label": "studios"}, "model": "contenttypes.contenttype", "pk": 30}, {"fields": {"model": "studiopayment", "name": "studio payment", "app_label": "studios"}, "model": "contenttypes.contenttype", "pk": 31}, {"fields": {"model": "studioinvoices", "name": "studio invoices", "app_label": "studios"}, "model": "contenttypes.contenttype", "pk": 32}, {"fields": {"model": "studiopasswordreset", "name": "studio password reset", "app_label": "studios"}, "model": "contenttypes.contenttype", "pk": 33}, {"fields": {"model": "closedates", "name": "close dates", "app_label": "studios"}, "model": "contenttypes.contenttype", "pk": 34}, {"fields": {"model": "studiocloseddetails", "name": "studio closed details", "app_label": "studios"}, "model": "contenttypes.contenttype", "pk": 35}, {"fields": {"model": "studioclosedfromtill", "name": "studio closed from till", "app_label": "studios"}, "model": "contenttypes.contenttype", "pk": 36}, {"fields": {"model": "studiopicture", "name": "studio picture", "app_label": "studios"}, "model": "contenttypes.contenttype", "pk": 38}, {"fields": {"model": "studioservices", "name": "studio services", "app_label": "studios"}, "model": "contenttypes.contenttype", "pk": 40}, {"fields": {"model": "amenities", "name": "amenities", "app_label": "studios"}, "model": "contenttypes.contenttype", "pk": 41}, {"fields": {"model": "studioamenities", "name": "studio amenities", "app_label": "studios"}, "model": "contenttypes.contenttype", "pk": 42}, {"fields": {"model": "studioreviews", "name": "studio reviews", "app_label": "booking"}, "model": "contenttypes.contenttype", "pk": 43}, {"fields": {"model": "userinvites", "name": "user invites", "app_label": "user_accounts"}, "model": "contenttypes.contenttype", "pk": 44}, {"fields": {"model": "refund", "name": "refund", "app_label": "booking"}, "model": "contenttypes.contenttype", "pk": 45}, {"fields": {"model": "studiokind", "name": "studio kind", "app_label": "studios"}, "model": "contenttypes.contenttype", "pk": 46}, {"fields": {"model": "merchantdailyreportstatus", "name": "merchant daily report status", "app_label": "booking"}, "model": "contenttypes.contenttype", "pk": 48}, {"fields": {"model": "dailyreminder", "name": "daily reminder", "app_label": "booking"}, "model": "contenttypes.contenttype", "pk": 49}, {"fields": {"model": "hourlyreminder", "name": "hourly reminder", "app_label": "booking"}, "model": "contenttypes.contenttype", "pk": 50}, {"fields": {"model": "thanksmail", "name": "thanks mail", "app_label": "booking"}, "model": "contenttypes.contenttype", "pk": 51}, {"fields": {"model": "bookedmessagesent", "name": "booked message sent", "app_label": "booking"}, "model": "contenttypes.contenttype", "pk": 52}, {"fields": {"model": "studioaddrequest", "name": "studio add request", "app_label": "studios"}, "model": "contenttypes.contenttype", "pk": 53}, {"fields": {"model": "dailybookingconfirmation", "name": "daily booking confirmation", "app_label": "booking"}, "model": "contenttypes.contenttype", "pk": 54}, {"fields": {"model": "coupon", "name": "coupon", "app_label": "booking"}, "model": "contenttypes.contenttype", "pk": 55}, {"fields": {"model": "couponforstudios", "name": "coupon for studios", "app_label": "booking"}, "model": "contenttypes.contenttype", "pk": 56}, {"fields": {"model": "reviewlink", "name": "review link", "app_label": "booking"}, "model": "contenttypes.contenttype", "pk": 57}, {"fields": {"model": "rzpayment", "name": "rz payment", "app_label": "booking"}, "model": "contenttypes.contenttype", "pk": 58}, {"fields": {"expire_date": "2015-07-22T11:31:40.279Z", "session_data": "ODMyOWY5MDkwMjlhZGQzMzBhYWMyYmE2OWY2NDYxM2JhZmI3ZDJlZjp7fQ=="}, "model": "sessions.session", "pk": "067cj40blnuy5qhfs6tafs2k9a3wtzbx"}, {"fields": {"expire_date": "2015-07-24T15:06:42.467Z", "session_data": "ODMyOWY5MDkwMjlhZGQzMzBhYWMyYmE2OWY2NDYxM2JhZmI3ZDJlZjp7fQ=="}, "model": "sessions.session", "pk": "06tzqm5nqn79dsixdtgo2syi7p7r39ai"}, {"fields": {"expire_date": "2015-06-20T05:55:43.186Z", "session_data": "YWZkNDQ3ZGYxZmQzYzdhNmEzMDg2NmIyNmU1N2NjZmYyZDViOGVmMzp7Il9hdXRoX3VzZXJfaGFzaCI6IjgyZDk1M2Y5ZjI2ZmJhYWVhZDExNDRiOTUxYjNiZDY1NWM3NjZiM2EiLCJfYXV0aF91c2VyX2JhY2tlbmQiOiJkamFuZ28uY29udHJpYi5hdXRoLmJhY2tlbmRzLk1vZGVsQmFja2VuZCIsIl9hdXRoX3VzZXJfaWQiOjF9"}, "model": "sessions.session", "pk": "0ehimf2vplcsb4n3cwx3kq0ukycmj0b2"}, {"fields": {"expire_date": "2015-09-01T17:49:27.864Z", "session_data": "ODMyOWY5MDkwMjlhZGQzMzBhYWMyYmE2OWY2NDYxM2JhZmI3ZDJlZjp7fQ=="}, "model": "sessions.session", "pk": "1bvk74xg8yanai7fwlgv502333e6sin8"}, {"fields": {"expire_date": "2015-07-09T11:26:56.193Z", "session_data": "ODMyOWY5MDkwMjlhZGQzMzBhYWMyYmE2OWY2NDYxM2JhZmI3ZDJlZjp7fQ=="}, "model": "sessions.session", "pk": "1ods8p0j1ydhbrm5ft54j4lnxckk7uhr"}, {"fields": {"expire_date": "2015-08-27T11:20:04.367Z", "session_data": "ODMyOWY5MDkwMjlhZGQzMzBhYWMyYmE2OWY2NDYxM2JhZmI3ZDJlZjp7fQ=="}, "model": "sessions.session", "pk": "1qqfqsyvi3ncgohrdirq288n024kj6ta"}, {"fields": {"expire_date": "2015-08-29T18:46:21.432Z", "session_data": "Nzc1NzRmM2Q4NDliYmNlNmQ2YzE5MjRhYzAxMTI2NGVhYWJmODYxNTp7Il9hdXRoX3VzZXJfaGFzaCI6ImQ5MmU4ZWQ5Yjg1NjQxZDJmMTgyYzUyMjZmODcxODg1NDUwNDFkYjgiLCJfYXV0aF91c2VyX2JhY2tlbmQiOiJzb2NpYWwuYmFja2VuZHMuZmFjZWJvb2suRmFjZWJvb2tPQXV0aDIiLCJfYXV0aF91c2VyX2lkIjoyfQ=="}, "model": "sessions.session", "pk": "1skrue5xggxl7shyki06cof4alj6rvv1"}, {"fields": {"expire_date": "2015-08-18T06:59:20.109Z", "session_data": "Nzc1NzRmM2Q4NDliYmNlNmQ2YzE5MjRhYzAxMTI2NGVhYWJmODYxNTp7Il9hdXRoX3VzZXJfaGFzaCI6ImQ5MmU4ZWQ5Yjg1NjQxZDJmMTgyYzUyMjZmODcxODg1NDUwNDFkYjgiLCJfYXV0aF91c2VyX2JhY2tlbmQiOiJzb2NpYWwuYmFja2VuZHMuZmFjZWJvb2suRmFjZWJvb2tPQXV0aDIiLCJfYXV0aF91c2VyX2lkIjoyfQ=="}, "model": "sessions.session", "pk": "2hd4mssxko8yhg10v2dqcbkzy1guapa6"}, {"fields": {"expire_date": "2015-08-05T01:02:46.009Z", "session_data": "ZjFiOWIwNDg0YjM0ZGQxNmM5ODZiNzM1MTUzMmI0MjkzYzZmMTQyMDp7Il9hdXRoX3VzZXJfYmFja2VuZCI6ImRqYW5nby5jb250cmliLmF1dGguYmFja2VuZHMuTW9kZWxCYWNrZW5kIiwiX2F1dGhfdXNlcl9oYXNoIjoiODJkOTUzZjlmMjZmYmFhZWFkMTE0NGI5NTFiM2JkNjU1Yzc2NmIzYSIsIl9hdXRoX3VzZXJfaWQiOjEsIl9tZXNzYWdlcyI6IltbXCJfX2pzb25fbWVzc2FnZVwiLDAsMjUsXCJUaGUgc3R1ZGlvIHByb2ZpbGUgXFxcIk5hdHVyYWxzLCBHdWluZHlcXFwiIHdhcyBhZGRlZCBzdWNjZXNzZnVsbHkuXCJdLFtcIl9fanNvbl9tZXNzYWdlXCIsMCwyNSxcIlRoZSBzdHVkaW8gY2xvc2VkIGRldGFpbHMgXFxcIlN0dWRpb0Nsb3NlZERldGFpbHMgb2JqZWN0XFxcIiB3YXMgYWRkZWQgc3VjY2Vzc2Z1bGx5LlwiXSxbXCJfX2pzb25fbWVzc2FnZVwiLDAsMjUsXCJUaGUgc3R1ZGlvIHNlcnZpY2VzIFxcXCJTdHVkaW9TZXJ2aWNlcyBvYmplY3RcXFwiIHdhcyBhZGRlZCBzdWNjZXNzZnVsbHkuIFlvdSBtYXkgZWRpdCBpdCBhZ2FpbiBiZWxvdy5cIl0sW1wiX19qc29uX21lc3NhZ2VcIiwwLDI1LFwiVGhlIHN0dWRpbyBzZXJ2aWNlcyBcXFwiU3R1ZGlvU2VydmljZXMgb2JqZWN0XFxcIiB3YXMgY2hhbmdlZCBzdWNjZXNzZnVsbHkuIFlvdSBtYXkgYWRkIGFub3RoZXIgc3R1ZGlvIHNlcnZpY2VzIGJlbG93LlwiXSxbXCJfX2pzb25fbWVzc2FnZVwiLDAsMjUsXCJUaGUgc3R1ZGlvIHNlcnZpY2VzIFxcXCJTdHVkaW9TZXJ2aWNlcyBvYmplY3RcXFwiIHdhcyBhZGRlZCBzdWNjZXNzZnVsbHkuIFlvdSBtYXkgYWRkIGFub3RoZXIgc3R1ZGlvIHNlcnZpY2VzIGJlbG93LlwiXSxbXCJfX2pzb25fbWVzc2FnZVwiLDAsMjUsXCJUaGUgc3R1ZGlvIHNlcnZpY2VzIFxcXCJTdHVkaW9TZXJ2aWNlcyBvYmplY3RcXFwiIHdhcyBhZGRlZCBzdWNjZXNzZnVsbHkuIFlvdSBtYXkgYWRkIGFub3RoZXIgc3R1ZGlvIHNlcnZpY2VzIGJlbG93LlwiXSxbXCJfX2pzb25fbWVzc2FnZVwiLDAsMjUsXCJUaGUgc3R1ZGlvIHNlcnZpY2VzIFxcXCJTdHVkaW9TZXJ2aWNlcyBvYmplY3RcXFwiIHdhcyBhZGRlZCBzdWNjZXNzZnVsbHkuXCJdLFtcIl9fanNvbl9tZXNzYWdlXCIsMCwyNSxcIlRoZSBzdHVkaW8gcHJvZmlsZSBcXFwiTmF0dXJhbHMsIFBvcnVyXFxcIiB3YXMgY2hhbmdlZCBzdWNjZXNzZnVsbHkuXCJdLFtcIl9fanNvbl9tZXNzYWdlXCIsMCwyNSxcIlRoZSBzdHVkaW8gcHJvZmlsZSBcXFwiR3JlZW5uIFRyZW5kcyBQb3J1clxcXCIgd2FzIGNoYW5nZWQgc3VjY2Vzc2Z1bGx5LlwiXSxbXCJfX2pzb25fbWVzc2FnZVwiLDAsMjUsXCJUaGUgc3R1ZGlvIHByb2ZpbGUgXFxcIkImVyBLS0RJXFxcIiB3YXMgY2hhbmdlZCBzdWNjZXNzZnVsbHkuXCJdLFtcIl9fanNvbl9tZXNzYWdlXCIsMCwyNSxcIlRoZSBzdHVkaW8gZ3JvdXAgXFxcIkdyZWVuIFRyZW5kc1xcXCIgd2FzIGFkZGVkIHN1Y2Nlc3NmdWxseS4gWW91IG1heSBhZGQgYW5vdGhlciBzdHVkaW8gZ3JvdXAgYmVsb3cuXCJdLFtcIl9fanNvbl9tZXNzYWdlXCIsMCwyNSxcIlRoZSBzdHVkaW8gZ3JvdXAgXFxcIkJsYWNrIGFuZCBXaGl0ZVxcXCIgd2FzIGFkZGVkIHN1Y2Nlc3NmdWxseS5cIl0sW1wiX19qc29uX21lc3NhZ2VcIiwwLDI1LFwiVGhlIHNlcnZpY2UgdHlwZSBcXFwiTWFuaWN1cmVcXFwiIHdhcyBhZGRlZCBzdWNjZXNzZnVsbHkuIFlvdSBtYXkgYWRkIGFub3RoZXIgc2VydmljZSB0eXBlIGJlbG93LlwiXSxbXCJfX2pzb25fbWVzc2FnZVwiLDAsMjUsXCJUaGUgc2VydmljZSB0eXBlIFxcXCJQZWRpY3VyZVxcXCIgd2FzIGFkZGVkIHN1Y2Nlc3NmdWxseS4gWW91IG1heSBhZGQgYW5vdGhlciBzZXJ2aWNlIHR5cGUgYmVsb3cuXCJdLFtcIl9fanNvbl9tZXNzYWdlXCIsMCwyNSxcIlRoZSBzZXJ2aWNlIHR5cGUgXFxcIkhhaXIgY29sb3JpbmdcXFwiIHdhcyBhZGRlZCBzdWNjZXNzZnVsbHkuXCJdLFtcIl9fanNvbl9tZXNzYWdlXCIsMCwyNSxcIlRoZSBzZXJ2aWNlIHR5cGUgXFxcIk1ha2V1cFxcXCIgd2FzIGFkZGVkIHN1Y2Nlc3NmdWxseS5cIl0sW1wiX19qc29uX21lc3NhZ2VcIiwwLDI1LFwiVGhlIHNlcnZpY2UgXFxcIkJyaWdodCAmIFNoaW5lIEZhY2lhbFxcXCIgd2FzIGFkZGVkIHN1Y2Nlc3NmdWxseS4gWW91IG1heSBhZGQgYW5vdGhlciBzZXJ2aWNlIGJlbG93LlwiXSxbXCJfX2pzb25fbWVzc2FnZVwiLDAsMjUsXCJUaGUgc2VydmljZSBcXFwiRmFpciBCbG9vbSBGYWNpYWxcXFwiIHdhcyBhZGRlZCBzdWNjZXNzZnVsbHkuIFlvdSBtYXkgYWRkIGFub3RoZXIgc2VydmljZSBiZWxvdy5cIl0sW1wiX19qc29uX21lc3NhZ2VcIiwwLDI1LFwiVGhlIHNlcnZpY2UgXFxcIldoaXRlIFNwYXJrbGUgRmFjaWFsXFxcIiB3YXMgYWRkZWQgc3VjY2Vzc2Z1bGx5LiBZb3UgbWF5IGFkZCBhbm90aGVyIHNlcnZpY2UgYmVsb3cuXCJdLFtcIl9fanNvbl9tZXNzYWdlXCIsMCwyNSxcIlRoZSBzZXJ2aWNlIFxcXCJHbG93aW5nIFJhZGlhbmNlIEZhY2lhbFxcXCIgd2FzIGFkZGVkIHN1Y2Nlc3NmdWxseS4gWW91IG1heSBhZGQgYW5vdGhlciBzZXJ2aWNlIGJlbG93LlwiXSxbXCJfX2pzb25fbWVzc2FnZVwiLDAsMjUsXCJUaGUgc2VydmljZSBcXFwiRmFpciBCbG9vbSBGYWNpYWwgV29tZW5cXFwiIHdhcyBhZGRlZCBzdWNjZXNzZnVsbHkuIFlvdSBtYXkgYWRkIGFub3RoZXIgc2VydmljZSBiZWxvdy5cIl0sW1wiX19qc29uX21lc3NhZ2VcIiwwLDI1LFwiVGhlIHNlcnZpY2UgXFxcIlNraW4gQnJpZ2h0ZW5pbmcgRmFjaWFsIFdvbWVuXFxcIiB3YXMgYWRkZWQgc3VjY2Vzc2Z1bGx5LiBZb3UgbWF5IGFkZCBhbm90aGVyIHNlcnZpY2UgYmVsb3cuXCJdLFtcIl9fanNvbl9tZXNzYWdlXCIsMCwyNSxcIlRoZSBzZXJ2aWNlIFxcXCJPeHlnZW4gRmFjaWFsIFdvbWVuXFxcIiB3YXMgYWRkZWQgc3VjY2Vzc2Z1bGx5LiBZb3UgbWF5IGVkaXQgaXQgYWdhaW4gYmVsb3cuXCJdLFtcIl9fanNvbl9tZXNzYWdlXCIsMCwyNSxcIlRoZSBzZXJ2aWNlIFxcXCJPeHlnZW4gRmFjaWFsIC0gV29tZW5cXFwiIHdhcyBjaGFuZ2VkIHN1Y2Nlc3NmdWxseS4gWW91IG1heSBhZGQgYW5vdGhlciBzZXJ2aWNlIGJlbG93LlwiXSxbXCJfX2pzb25fbWVzc2FnZVwiLDAsMjUsXCJUaGUgY2xvc2UgZGF0ZXMgXFxcIk1vbmRheVxcXCIgd2FzIGFkZGVkIHN1Y2Nlc3NmdWxseS4gWW91IG1heSBhZGQgYW5vdGhlciBjbG9zZSBkYXRlcyBiZWxvdy5cIl0sW1wiX19qc29uX21lc3NhZ2VcIiwwLDI1LFwiVGhlIGNsb3NlIGRhdGVzIFxcXCJXZWRuZXNkYXlcXFwiIHdhcyBhZGRlZCBzdWNjZXNzZnVsbHkuIFlvdSBtYXkgYWRkIGFub3RoZXIgY2xvc2UgZGF0ZXMgYmVsb3cuXCJdLFtcIl9fanNvbl9tZXNzYWdlXCIsMCwyNSxcIlRoZSBjbG9zZSBkYXRlcyBcXFwiVGh1cnNkYXlcXFwiIHdhcyBhZGRlZCBzdWNjZXNzZnVsbHkuIFlvdSBtYXkgYWRkIGFub3RoZXIgY2xvc2UgZGF0ZXMgYmVsb3cuXCJdLFtcIl9fanNvbl9tZXNzYWdlXCIsMCwyNSxcIlRoZSBjbG9zZSBkYXRlcyBcXFwiRnJpZGF5XFxcIiB3YXMgYWRkZWQgc3VjY2Vzc2Z1bGx5LiBZb3UgbWF5IGFkZCBhbm90aGVyIGNsb3NlIGRhdGVzIGJlbG93LlwiXSxbXCJfX2pzb25fbWVzc2FnZVwiLDAsMjUsXCJUaGUgY2xvc2UgZGF0ZXMgXFxcIlNhdHVyZGF5XFxcIiB3YXMgYWRkZWQgc3VjY2Vzc2Z1bGx5LiBZb3UgbWF5IGFkZCBhbm90aGVyIGNsb3NlIGRhdGVzIGJlbG93LlwiXSxbXCJfX2pzb25fbWVzc2FnZVwiLDAsMjUsXCJUaGUgc3R1ZGlvIGNsb3NlZCBkZXRhaWxzIFxcXCJTdHVkaW9DbG9zZWREZXRhaWxzIG9iamVjdFxcXCIgd2FzIGFkZGVkIHN1Y2Nlc3NmdWxseS4gWW91IG1heSBhZGQgYW5vdGhlciBzdHVkaW8gY2xvc2VkIGRldGFpbHMgYmVsb3cuXCJdLFtcIl9fanNvbl9tZXNzYWdlXCIsMCwyNSxcIlRoZSBzdHVkaW8gY2xvc2VkIGRldGFpbHMgXFxcIlN0dWRpb0Nsb3NlZERldGFpbHMgb2JqZWN0XFxcIiB3YXMgYWRkZWQgc3VjY2Vzc2Z1bGx5LiBZb3UgbWF5IGFkZCBhbm90aGVyIHN0dWRpbyBjbG9zZWQgZGV0YWlscyBiZWxvdy5cIl0sW1wiX19qc29uX21lc3NhZ2VcIiwwLDI1LFwiVGhlIHN0dWRpbyBwcm9maWxlIFxcXCJOYXR1cmFscywgQWR5YXJcXFwiIHdhcyBhZGRlZCBzdWNjZXNzZnVsbHkuIFlvdSBtYXkgYWRkIGFub3RoZXIgc3R1ZGlvIHByb2ZpbGUgYmVsb3cuXCJdLFtcIl9fanNvbl9tZXNzYWdlXCIsMCwyNSxcIlRoZSBzdHVkaW8gcHJvZmlsZSBcXFwiTmF0dXJhbHMsIEJlc2FudCBOYWdhclxcXCIgd2FzIGFkZGVkIHN1Y2Nlc3NmdWxseS4gWW91IG1heSBhZGQgYW5vdGhlciBzdHVkaW8gcHJvZmlsZSBiZWxvdy5cIl0sW1wiX19qc29uX21lc3NhZ2VcIiwwLDI1LFwiVGhlIHN0dWRpbyBwcm9maWxlIFxcXCJOYXR1cmFscywgUmFtYXB1cmFtXFxcIiB3YXMgYWRkZWQgc3VjY2Vzc2Z1bGx5LiBZb3UgbWF5IGFkZCBhbm90aGVyIHN0dWRpbyBwcm9maWxlIGJlbG93LlwiXSxbXCJfX2pzb25fbWVzc2FnZVwiLDAsMjUsXCJUaGUgc3R1ZGlvIGNsb3NlZCBkZXRhaWxzIFxcXCJTdHVkaW9DbG9zZWREZXRhaWxzIG9iamVjdFxcXCIgd2FzIGFkZGVkIHN1Y2Nlc3NmdWxseS4gWW91IG1heSBhZGQgYW5vdGhlciBzdHVkaW8gY2xvc2VkIGRldGFpbHMgYmVsb3cuXCJdLFtcIl9fanNvbl9tZXNzYWdlXCIsMCwyNSxcIlRoZSBzdHVkaW8gY2xvc2VkIGRldGFpbHMgXFxcIlN0dWRpb0Nsb3NlZERldGFpbHMgb2JqZWN0XFxcIiB3YXMgYWRkZWQgc3VjY2Vzc2Z1bGx5LiBZb3UgbWF5IGFkZCBhbm90aGVyIHN0dWRpbyBjbG9zZWQgZGV0YWlscyBiZWxvdy5cIl0sW1wiX19qc29uX21lc3NhZ2VcIiwwLDI1LFwiVGhlIHN0dWRpbyBwcm9maWxlIFxcXCJOYXR1cmFscywgUmFtYXB1cmFtXFxcIiB3YXMgY2hhbmdlZCBzdWNjZXNzZnVsbHkuXCJdLFtcIl9fanNvbl9tZXNzYWdlXCIsMCwyNSxcIlRoZSBzdHVkaW8gcHJvZmlsZSBcXFwiQiZXIEtLRElcXFwiIHdhcyBjaGFuZ2VkIHN1Y2Nlc3NmdWxseS5cIl0sW1wiX19qc29uX21lc3NhZ2VcIiwwLDI1LFwiVGhlIHN0dWRpbyBwcm9maWxlIFxcXCJCJlcgS0tESVxcXCIgd2FzIGNoYW5nZWQgc3VjY2Vzc2Z1bGx5LiBZb3UgbWF5IGFkZCBhbm90aGVyIHN0dWRpbyBwcm9maWxlIGJlbG93LlwiXSxbXCJfX2pzb25fbWVzc2FnZVwiLDAsMjUsXCJUaGUgc3R1ZGlvIHByb2ZpbGUgXFxcIk5hdHVyYWxzLCBSYW1hcHVyYW1cXFwiIHdhcyBjaGFuZ2VkIHN1Y2Nlc3NmdWxseS5cIl0sW1wiX19qc29uX21lc3NhZ2VcIiwwLDI1LFwiVGhlIHN0dWRpbyBwcm9maWxlIFxcXCJOYXR1cmFscywgQmVzYW50IE5hZ2FyXFxcIiB3YXMgY2hhbmdlZCBzdWNjZXNzZnVsbHkuXCJdLFtcIl9fanNvbl9tZXNzYWdlXCIsMCwyNSxcIlRoZSBzdHVkaW8gcHJvZmlsZSBcXFwiTmF0dXJhbHMsIEFkeWFyXFxcIiB3YXMgY2hhbmdlZCBzdWNjZXNzZnVsbHkuXCJdLFtcIl9fanNvbl9tZXNzYWdlXCIsMCwyNSxcIlRoZSBzdHVkaW8gcHJvZmlsZSBcXFwiTmF0dXJhbHMsIEd1aW5keVxcXCIgd2FzIGNoYW5nZWQgc3VjY2Vzc2Z1bGx5LlwiXSxbXCJfX2pzb25fbWVzc2FnZVwiLDAsMjUsXCJUaGUgc3R1ZGlvIHByb2ZpbGUgXFxcIk5hdHVyYWxzLCBQb3J1clxcXCIgd2FzIGNoYW5nZWQgc3VjY2Vzc2Z1bGx5LlwiXSxbXCJfX2pzb25fbWVzc2FnZVwiLDAsMjUsXCJUaGUgc3R1ZGlvIHByb2ZpbGUgXFxcIkdyZWVubiBUcmVuZHMgUG9ydXJcXFwiIHdhcyBjaGFuZ2VkIHN1Y2Nlc3NmdWxseS5cIl0sW1wiX19qc29uX21lc3NhZ2VcIiwwLDI1LFwiVGhlIHN0dWRpbyBwcm9maWxlIFxcXCJOYXR1cmFscywgR3VpbmR5XFxcIiB3YXMgY2hhbmdlZCBzdWNjZXNzZnVsbHkuXCJdXSJ9"}, "model": "sessions.session", "pk": "2kkzfbwa3fw1ge703ygfz9sqxn85pcdt"}, {"fields": {"expire_date": "2015-07-21T15:27:13.922Z", "session_data": "ODMyOWY5MDkwMjlhZGQzMzBhYWMyYmE2OWY2NDYxM2JhZmI3ZDJlZjp7fQ=="}, "model": "sessions.session", "pk": "2tqmagekxni7qje5kv6yk0xzqa0flc6v"}, {"fields": {"expire_date": "2015-07-24T14:55:45.158Z", "session_data": "ODMyOWY5MDkwMjlhZGQzMzBhYWMyYmE2OWY2NDYxM2JhZmI3ZDJlZjp7fQ=="}, "model": "sessions.session", "pk": "2wno2u1u97b4y81jv0077weri02ua72o"}, {"fields": {"expire_date": "2015-08-16T04:20:56.358Z", "session_data": "YWZkNDQ3ZGYxZmQzYzdhNmEzMDg2NmIyNmU1N2NjZmYyZDViOGVmMzp7Il9hdXRoX3VzZXJfaGFzaCI6IjgyZDk1M2Y5ZjI2ZmJhYWVhZDExNDRiOTUxYjNiZDY1NWM3NjZiM2EiLCJfYXV0aF91c2VyX2JhY2tlbmQiOiJkamFuZ28uY29udHJpYi5hdXRoLmJhY2tlbmRzLk1vZGVsQmFja2VuZCIsIl9hdXRoX3VzZXJfaWQiOjF9"}, "model": "sessions.session", "pk": "37a7wblo9vnbd2iic59l5l2ecztidwj1"}, {"fields": {"expire_date": "2015-08-01T20:40:10.058Z", "session_data": "Nzc1NzRmM2Q4NDliYmNlNmQ2YzE5MjRhYzAxMTI2NGVhYWJmODYxNTp7Il9hdXRoX3VzZXJfaGFzaCI6ImQ5MmU4ZWQ5Yjg1NjQxZDJmMTgyYzUyMjZmODcxODg1NDUwNDFkYjgiLCJfYXV0aF91c2VyX2JhY2tlbmQiOiJzb2NpYWwuYmFja2VuZHMuZmFjZWJvb2suRmFjZWJvb2tPQXV0aDIiLCJfYXV0aF91c2VyX2lkIjoyfQ=="}, "model": "sessions.session", "pk": "3c6k5d1rzycczev75eh773d1n2vy8u4d"}, {"fields": {"expire_date": "2015-07-09T11:27:37.006Z", "session_data": "ODMyOWY5MDkwMjlhZGQzMzBhYWMyYmE2OWY2NDYxM2JhZmI3ZDJlZjp7fQ=="}, "model": "sessions.session", "pk": "3nlxxpe328mskbb6x8dzhx07et711ttp"}, {"fields": {"expire_date": "2015-08-11T06:47:10.248Z", "session_data": "ODMyOWY5MDkwMjlhZGQzMzBhYWMyYmE2OWY2NDYxM2JhZmI3ZDJlZjp7fQ=="}, "model": "sessions.session", "pk": "416cgvyvwp6ywixulai24tu9di4c43kh"}, {"fields": {"expire_date": "2015-07-24T15:48:12.305Z", "session_data": "ODMyOWY5MDkwMjlhZGQzMzBhYWMyYmE2OWY2NDYxM2JhZmI3ZDJlZjp7fQ=="}, "model": "sessions.session", "pk": "45q8jbm9ypngw8zu2y8zrymdrqj6uugk"}, {"fields": {"expire_date": "2015-08-07T18:06:52.174Z", "session_data": "Nzc1NzRmM2Q4NDliYmNlNmQ2YzE5MjRhYzAxMTI2NGVhYWJmODYxNTp7Il9hdXRoX3VzZXJfaGFzaCI6ImQ5MmU4ZWQ5Yjg1NjQxZDJmMTgyYzUyMjZmODcxODg1NDUwNDFkYjgiLCJfYXV0aF91c2VyX2JhY2tlbmQiOiJzb2NpYWwuYmFja2VuZHMuZmFjZWJvb2suRmFjZWJvb2tPQXV0aDIiLCJfYXV0aF91c2VyX2lkIjoyfQ=="}, "model": "sessions.session", "pk": "4swk2htsvlw5xpkraeojozxbh91wzouu"}, {"fields": {"expire_date": "2015-08-17T17:29:40.142Z", "session_data": "Nzc1NzRmM2Q4NDliYmNlNmQ2YzE5MjRhYzAxMTI2NGVhYWJmODYxNTp7Il9hdXRoX3VzZXJfaGFzaCI6ImQ5MmU4ZWQ5Yjg1NjQxZDJmMTgyYzUyMjZmODcxODg1NDUwNDFkYjgiLCJfYXV0aF91c2VyX2JhY2tlbmQiOiJzb2NpYWwuYmFja2VuZHMuZmFjZWJvb2suRmFjZWJvb2tPQXV0aDIiLCJfYXV0aF91c2VyX2lkIjoyfQ=="}, "model": "sessions.session", "pk": "4vggddrhcx4221lgs7u0ug3glwuss1k8"}, {"fields": {"expire_date": "2015-08-17T18:07:37.798Z", "session_data": "NGY3OWI2ZGRmNTJkYTVmMmY1ZGU1YmMyNDI5ZWZkNmUxOGYwZGY5Nzp7Il9hdXRoX3VzZXJfaGFzaCI6IjVkOWFkOGYzYjM0ZThjZmY3NzViODI3NTM5YjE5Mzg2Yjk4ZjZkODgiLCJfYXV0aF91c2VyX2JhY2tlbmQiOiJzb2NpYWwuYmFja2VuZHMuZmFjZWJvb2suRmFjZWJvb2tPQXV0aDIiLCJfYXV0aF91c2VyX2lkIjozfQ=="}, "model": "sessions.session", "pk": "563b8o95gye2hl8lhooouhx0dxwi5oik"}, {"fields": {"expire_date": "2015-06-19T10:03:23.530Z", "session_data": "ODMyOWY5MDkwMjlhZGQzMzBhYWMyYmE2OWY2NDYxM2JhZmI3ZDJlZjp7fQ=="}, "model": "sessions.session", "pk": "5jn1rmekbgn8x349f5ybzuzv1f7j4edg"}, {"fields": {"expire_date": "2015-07-14T06:48:50.244Z", "session_data": "YWZkNDQ3ZGYxZmQzYzdhNmEzMDg2NmIyNmU1N2NjZmYyZDViOGVmMzp7Il9hdXRoX3VzZXJfaGFzaCI6IjgyZDk1M2Y5ZjI2ZmJhYWVhZDExNDRiOTUxYjNiZDY1NWM3NjZiM2EiLCJfYXV0aF91c2VyX2JhY2tlbmQiOiJkamFuZ28uY29udHJpYi5hdXRoLmJhY2tlbmRzLk1vZGVsQmFja2VuZCIsIl9hdXRoX3VzZXJfaWQiOjF9"}, "model": "sessions.session", "pk": "5t1p4oz0rh286kpjlbi7oizvomyqwxi4"}, {"fields": {"expire_date": "2015-07-22T20:29:26.670Z", "session_data": "ODMyOWY5MDkwMjlhZGQzMzBhYWMyYmE2OWY2NDYxM2JhZmI3ZDJlZjp7fQ=="}, "model": "sessions.session", "pk": "5ygniz7hfr035eti4ofmqpojjohxnuxh"}, {"fields": {"expire_date": "2015-06-23T10:16:43.067Z", "session_data": "ODMyOWY5MDkwMjlhZGQzMzBhYWMyYmE2OWY2NDYxM2JhZmI3ZDJlZjp7fQ=="}, "model": "sessions.session", "pk": "6fb35zjv2hisqlj14x0poqyjdqvfe47u"}, {"fields": {"expire_date": "2015-07-04T22:27:17.017Z", "session_data": "YWZkNDQ3ZGYxZmQzYzdhNmEzMDg2NmIyNmU1N2NjZmYyZDViOGVmMzp7Il9hdXRoX3VzZXJfaGFzaCI6IjgyZDk1M2Y5ZjI2ZmJhYWVhZDExNDRiOTUxYjNiZDY1NWM3NjZiM2EiLCJfYXV0aF91c2VyX2JhY2tlbmQiOiJkamFuZ28uY29udHJpYi5hdXRoLmJhY2tlbmRzLk1vZGVsQmFja2VuZCIsIl9hdXRoX3VzZXJfaWQiOjF9"}, "model": "sessions.session", "pk": "6i1wivc3dn26m1mp19n2a2ixbogpia13"}, {"fields": {"expire_date": "2015-08-07T06:25:10.742Z", "session_data": "ODMyOWY5MDkwMjlhZGQzMzBhYWMyYmE2OWY2NDYxM2JhZmI3ZDJlZjp7fQ=="}, "model": "sessions.session", "pk": "6lqm7twt58t9x872genhfeftzsehjlfu"}, {"fields": {"expire_date": "2015-07-09T13:13:55.739Z", "session_data": "Nzc1NzRmM2Q4NDliYmNlNmQ2YzE5MjRhYzAxMTI2NGVhYWJmODYxNTp7Il9hdXRoX3VzZXJfaGFzaCI6ImQ5MmU4ZWQ5Yjg1NjQxZDJmMTgyYzUyMjZmODcxODg1NDUwNDFkYjgiLCJfYXV0aF91c2VyX2JhY2tlbmQiOiJzb2NpYWwuYmFja2VuZHMuZmFjZWJvb2suRmFjZWJvb2tPQXV0aDIiLCJfYXV0aF91c2VyX2lkIjoyfQ=="}, "model": "sessions.session", "pk": "6lr5ndjdij1i2n9q9b2v24ayys805w7o"}, {"fields": {"expire_date": "2015-06-13T20:47:35.224Z", "session_data": "YWZkNDQ3ZGYxZmQzYzdhNmEzMDg2NmIyNmU1N2NjZmYyZDViOGVmMzp7Il9hdXRoX3VzZXJfaGFzaCI6IjgyZDk1M2Y5ZjI2ZmJhYWVhZDExNDRiOTUxYjNiZDY1NWM3NjZiM2EiLCJfYXV0aF91c2VyX2JhY2tlbmQiOiJkamFuZ28uY29udHJpYi5hdXRoLmJhY2tlbmRzLk1vZGVsQmFja2VuZCIsIl9hdXRoX3VzZXJfaWQiOjF9"}, "model": "sessions.session", "pk": "6wza0medgeyk47nnhvutiwfb6z65w5u3"}, {"fields": {"expire_date": "2015-08-08T11:17:26.971Z", "session_data": "Nzc1NzRmM2Q4NDliYmNlNmQ2YzE5MjRhYzAxMTI2NGVhYWJmODYxNTp7Il9hdXRoX3VzZXJfaGFzaCI6ImQ5MmU4ZWQ5Yjg1NjQxZDJmMTgyYzUyMjZmODcxODg1NDUwNDFkYjgiLCJfYXV0aF91c2VyX2JhY2tlbmQiOiJzb2NpYWwuYmFja2VuZHMuZmFjZWJvb2suRmFjZWJvb2tPQXV0aDIiLCJfYXV0aF91c2VyX2lkIjoyfQ=="}, "model": "sessions.session", "pk": "6xctuve4rze7hrr80m4p1kqrq29hr0oq"}, {"fields": {"expire_date": "2015-08-29T18:05:21.349Z", "session_data": "YWZkNDQ3ZGYxZmQzYzdhNmEzMDg2NmIyNmU1N2NjZmYyZDViOGVmMzp7Il9hdXRoX3VzZXJfaGFzaCI6IjgyZDk1M2Y5ZjI2ZmJhYWVhZDExNDRiOTUxYjNiZDY1NWM3NjZiM2EiLCJfYXV0aF91c2VyX2JhY2tlbmQiOiJkamFuZ28uY29udHJpYi5hdXRoLmJhY2tlbmRzLk1vZGVsQmFja2VuZCIsIl9hdXRoX3VzZXJfaWQiOjF9"}, "model": "sessions.session", "pk": "7sl71r8usukr0a0zs99hu6lka6jggmdw"}, {"fields": {"expire_date": "2015-07-09T11:26:21.581Z", "session_data": "ODMyOWY5MDkwMjlhZGQzMzBhYWMyYmE2OWY2NDYxM2JhZmI3ZDJlZjp7fQ=="}, "model": "sessions.session", "pk": "84u5ldzt3d8p5aava554it532jjoipm1"}, {"fields": {"expire_date": "2015-09-01T17:42:08.222Z", "session_data": "ODMyOWY5MDkwMjlhZGQzMzBhYWMyYmE2OWY2NDYxM2JhZmI3ZDJlZjp7fQ=="}, "model": "sessions.session", "pk": "8lw22jhkh44gxl29gf7h7zwgjhbzmqqt"}, {"fields": {"expire_date": "2015-08-28T07:14:13.179Z", "session_data": "ODMyOWY5MDkwMjlhZGQzMzBhYWMyYmE2OWY2NDYxM2JhZmI3ZDJlZjp7fQ=="}, "model": "sessions.session", "pk": "936rnfsu40n4erihnbd5irg0k6lm6xo0"}, {"fields": {"expire_date": "2015-07-09T11:29:41.775Z", "session_data": "ODMyOWY5MDkwMjlhZGQzMzBhYWMyYmE2OWY2NDYxM2JhZmI3ZDJlZjp7fQ=="}, "model": "sessions.session", "pk": "9dbhsat1kmrprbzhfosrurej3jsasoyd"}, {"fields": {"expire_date": "2015-06-26T10:09:38.920Z", "session_data": "ODMyOWY5MDkwMjlhZGQzMzBhYWMyYmE2OWY2NDYxM2JhZmI3ZDJlZjp7fQ=="}, "model": "sessions.session", "pk": "9lp8h1dnjpogjntfa5865vkjgndohae7"}, {"fields": {"expire_date": "2015-09-07T18:35:11.236Z", "session_data": "Nzc1NzRmM2Q4NDliYmNlNmQ2YzE5MjRhYzAxMTI2NGVhYWJmODYxNTp7Il9hdXRoX3VzZXJfaGFzaCI6ImQ5MmU4ZWQ5Yjg1NjQxZDJmMTgyYzUyMjZmODcxODg1NDUwNDFkYjgiLCJfYXV0aF91c2VyX2JhY2tlbmQiOiJzb2NpYWwuYmFja2VuZHMuZmFjZWJvb2suRmFjZWJvb2tPQXV0aDIiLCJfYXV0aF91c2VyX2lkIjoyfQ=="}, "model": "sessions.session", "pk": "9wwlgy79jyds2tuep9cq03loirjhgyn2"}, {"fields": {"expire_date": "2015-08-08T11:02:39.844Z", "session_data": "ODMyOWY5MDkwMjlhZGQzMzBhYWMyYmE2OWY2NDYxM2JhZmI3ZDJlZjp7fQ=="}, "model": "sessions.session", "pk": "9zkulx51ktworuxeubenysajcnsm5vs3"}, {"fields": {"expire_date": "2015-09-01T18:27:37.171Z", "session_data": "NGY3OWI2ZGRmNTJkYTVmMmY1ZGU1YmMyNDI5ZWZkNmUxOGYwZGY5Nzp7Il9hdXRoX3VzZXJfaGFzaCI6IjVkOWFkOGYzYjM0ZThjZmY3NzViODI3NTM5YjE5Mzg2Yjk4ZjZkODgiLCJfYXV0aF91c2VyX2JhY2tlbmQiOiJzb2NpYWwuYmFja2VuZHMuZmFjZWJvb2suRmFjZWJvb2tPQXV0aDIiLCJfYXV0aF91c2VyX2lkIjozfQ=="}, "model": "sessions.session", "pk": "9zqmx6ujuwagpc2ppm9xdugd0v42j5tu"}, {"fields": {"expire_date": "2015-07-24T15:03:55.594Z", "session_data": "ODMyOWY5MDkwMjlhZGQzMzBhYWMyYmE2OWY2NDYxM2JhZmI3ZDJlZjp7fQ=="}, "model": "sessions.session", "pk": "a3zloq1490iytsw7a77cxqnog8ba2k8d"}, {"fields": {"expire_date": "2015-07-25T19:05:36.762Z", "session_data": "ODMyOWY5MDkwMjlhZGQzMzBhYWMyYmE2OWY2NDYxM2JhZmI3ZDJlZjp7fQ=="}, "model": "sessions.session", "pk": "a74pe0oe9zfld9t9wn91zdlc0qjwdvwj"}, {"fields": {"expire_date": "2015-08-30T14:27:20.452Z", "session_data": "Nzc1NzRmM2Q4NDliYmNlNmQ2YzE5MjRhYzAxMTI2NGVhYWJmODYxNTp7Il9hdXRoX3VzZXJfaGFzaCI6ImQ5MmU4ZWQ5Yjg1NjQxZDJmMTgyYzUyMjZmODcxODg1NDUwNDFkYjgiLCJfYXV0aF91c2VyX2JhY2tlbmQiOiJzb2NpYWwuYmFja2VuZHMuZmFjZWJvb2suRmFjZWJvb2tPQXV0aDIiLCJfYXV0aF91c2VyX2lkIjoyfQ=="}, "model": "sessions.session", "pk": "a80agojhget2dh647rladt7olimz9rfc"}, {"fields": {"expire_date": "2015-08-01T23:42:31.548Z", "session_data": "Nzc1NzRmM2Q4NDliYmNlNmQ2YzE5MjRhYzAxMTI2NGVhYWJmODYxNTp7Il9hdXRoX3VzZXJfaGFzaCI6ImQ5MmU4ZWQ5Yjg1NjQxZDJmMTgyYzUyMjZmODcxODg1NDUwNDFkYjgiLCJfYXV0aF91c2VyX2JhY2tlbmQiOiJzb2NpYWwuYmFja2VuZHMuZmFjZWJvb2suRmFjZWJvb2tPQXV0aDIiLCJfYXV0aF91c2VyX2lkIjoyfQ=="}, "model": "sessions.session", "pk": "abzc4arpp4kcqwq7vjwgxcsocbz6up6f"}, {"fields": {"expire_date": "2015-08-08T13:07:38.020Z", "session_data": "Nzc1NzRmM2Q4NDliYmNlNmQ2YzE5MjRhYzAxMTI2NGVhYWJmODYxNTp7Il9hdXRoX3VzZXJfaGFzaCI6ImQ5MmU4ZWQ5Yjg1NjQxZDJmMTgyYzUyMjZmODcxODg1NDUwNDFkYjgiLCJfYXV0aF91c2VyX2JhY2tlbmQiOiJzb2NpYWwuYmFja2VuZHMuZmFjZWJvb2suRmFjZWJvb2tPQXV0aDIiLCJfYXV0aF91c2VyX2lkIjoyfQ=="}, "model": "sessions.session", "pk": "apsxr962w9g8pg1vu7kfxv8kmtp5i660"}, {"fields": {"expire_date": "2015-08-19T14:18:53.034Z", "session_data": "Nzc1NzRmM2Q4NDliYmNlNmQ2YzE5MjRhYzAxMTI2NGVhYWJmODYxNTp7Il9hdXRoX3VzZXJfaGFzaCI6ImQ5MmU4ZWQ5Yjg1NjQxZDJmMTgyYzUyMjZmODcxODg1NDUwNDFkYjgiLCJfYXV0aF91c2VyX2JhY2tlbmQiOiJzb2NpYWwuYmFja2VuZHMuZmFjZWJvb2suRmFjZWJvb2tPQXV0aDIiLCJfYXV0aF91c2VyX2lkIjoyfQ=="}, "model": "sessions.session", "pk": "ay1mmz6eaz7e3cssz16v9f624n8t04v4"}, {"fields": {"expire_date": "2015-06-17T01:33:53.772Z", "session_data": "ODMyOWY5MDkwMjlhZGQzMzBhYWMyYmE2OWY2NDYxM2JhZmI3ZDJlZjp7fQ=="}, "model": "sessions.session", "pk": "b0yptqikbyikxl5uoksda6vv19j09gsz"}, {"fields": {"expire_date": "2015-06-19T14:15:00.441Z", "session_data": "ODMyOWY5MDkwMjlhZGQzMzBhYWMyYmE2OWY2NDYxM2JhZmI3ZDJlZjp7fQ=="}, "model": "sessions.session", "pk": "bb18way5hwbr5ja949tfbhmrykgw93bu"}, {"fields": {"expire_date": "2015-08-08T11:11:58.638Z", "session_data": "ODMyOWY5MDkwMjlhZGQzMzBhYWMyYmE2OWY2NDYxM2JhZmI3ZDJlZjp7fQ=="}, "model": "sessions.session", "pk": "bovozo8bbqhwjig0m6rc33lhgjhbugjs"}, {"fields": {"expire_date": "2015-09-07T18:30:16.944Z", "session_data": "MjAwNDE5MzU3YzZmOTNjMTgwZDUyN2UzZDI0MWMyMzhmYmRlNmUxNzp7Il9hdXRoX3VzZXJfaGFzaCI6ImQ5MmU4ZWQ5Yjg1NjQxZDJmMTgyYzUyMjZmODcxODg1NDUwNDFkYjgiLCJfYXV0aF91c2VyX2lkIjoyLCJfYXV0aF91c2VyX2JhY2tlbmQiOiJzb2NpYWwuYmFja2VuZHMuZmFjZWJvb2suRmFjZWJvb2tPQXV0aDIifQ=="}, "model": "sessions.session", "pk": "bzanswkaitr5zq39xkxgphryefyycawr"}, {"fields": {"expire_date": "2015-08-30T14:33:14.134Z", "session_data": "Nzc1NzRmM2Q4NDliYmNlNmQ2YzE5MjRhYzAxMTI2NGVhYWJmODYxNTp7Il9hdXRoX3VzZXJfaGFzaCI6ImQ5MmU4ZWQ5Yjg1NjQxZDJmMTgyYzUyMjZmODcxODg1NDUwNDFkYjgiLCJfYXV0aF91c2VyX2JhY2tlbmQiOiJzb2NpYWwuYmFja2VuZHMuZmFjZWJvb2suRmFjZWJvb2tPQXV0aDIiLCJfYXV0aF91c2VyX2lkIjoyfQ=="}, "model": "sessions.session", "pk": "c2s68mjwiwivy03hru83bo026yterey0"}, {"fields": {"expire_date": "2015-09-10T11:44:21.802Z", "session_data": "Nzc1NzRmM2Q4NDliYmNlNmQ2YzE5MjRhYzAxMTI2NGVhYWJmODYxNTp7Il9hdXRoX3VzZXJfaGFzaCI6ImQ5MmU4ZWQ5Yjg1NjQxZDJmMTgyYzUyMjZmODcxODg1NDUwNDFkYjgiLCJfYXV0aF91c2VyX2JhY2tlbmQiOiJzb2NpYWwuYmFja2VuZHMuZmFjZWJvb2suRmFjZWJvb2tPQXV0aDIiLCJfYXV0aF91c2VyX2lkIjoyfQ=="}, "model": "sessions.session", "pk": "c3okyx34q7soq0v12w8hxuvii7e7rtmc"}, {"fields": {"expire_date": "2015-09-01T19:33:27.548Z", "session_data": "MjAwNDE5MzU3YzZmOTNjMTgwZDUyN2UzZDI0MWMyMzhmYmRlNmUxNzp7Il9hdXRoX3VzZXJfaGFzaCI6ImQ5MmU4ZWQ5Yjg1NjQxZDJmMTgyYzUyMjZmODcxODg1NDUwNDFkYjgiLCJfYXV0aF91c2VyX2lkIjoyLCJfYXV0aF91c2VyX2JhY2tlbmQiOiJzb2NpYWwuYmFja2VuZHMuZmFjZWJvb2suRmFjZWJvb2tPQXV0aDIifQ=="}, "model": "sessions.session", "pk": "cdxb0uekcj8h0xzrm0hfymtwvc0xj4e0"}, {"fields": {"expire_date": "2015-07-09T11:28:51.484Z", "session_data": "ODMyOWY5MDkwMjlhZGQzMzBhYWMyYmE2OWY2NDYxM2JhZmI3ZDJlZjp7fQ=="}, "model": "sessions.session", "pk": "cgi0la0vbsw69swz3cb3avqqpki20jke"}, {"fields": {"expire_date": "2015-06-20T05:41:18.701Z", "session_data": "Nzc1NzRmM2Q4NDliYmNlNmQ2YzE5MjRhYzAxMTI2NGVhYWJmODYxNTp7Il9hdXRoX3VzZXJfaGFzaCI6ImQ5MmU4ZWQ5Yjg1NjQxZDJmMTgyYzUyMjZmODcxODg1NDUwNDFkYjgiLCJfYXV0aF91c2VyX2JhY2tlbmQiOiJzb2NpYWwuYmFja2VuZHMuZmFjZWJvb2suRmFjZWJvb2tPQXV0aDIiLCJfYXV0aF91c2VyX2lkIjoyfQ=="}, "model": "sessions.session", "pk": "crcl0mh1xzsk6z81xxlg9cdgrx2jnxee"}, {"fields": {"expire_date": "2015-08-07T06:24:44.370Z", "session_data": "ODMyOWY5MDkwMjlhZGQzMzBhYWMyYmE2OWY2NDYxM2JhZmI3ZDJlZjp7fQ=="}, "model": "sessions.session", "pk": "dckoc4k5tm5jobtog3xlfzcj695n1ld9"}, {"fields": {"expire_date": "2015-08-07T18:38:17.808Z", "session_data": "Nzc1NzRmM2Q4NDliYmNlNmQ2YzE5MjRhYzAxMTI2NGVhYWJmODYxNTp7Il9hdXRoX3VzZXJfaGFzaCI6ImQ5MmU4ZWQ5Yjg1NjQxZDJmMTgyYzUyMjZmODcxODg1NDUwNDFkYjgiLCJfYXV0aF91c2VyX2JhY2tlbmQiOiJzb2NpYWwuYmFja2VuZHMuZmFjZWJvb2suRmFjZWJvb2tPQXV0aDIiLCJfYXV0aF91c2VyX2lkIjoyfQ=="}, "model": "sessions.session", "pk": "dibrjgqz2lufyd9xdu31pokwy5xgklt4"}, {"fields": {"expire_date": "2015-08-02T00:02:53.618Z", "session_data": "YWZkNDQ3ZGYxZmQzYzdhNmEzMDg2NmIyNmU1N2NjZmYyZDViOGVmMzp7Il9hdXRoX3VzZXJfaGFzaCI6IjgyZDk1M2Y5ZjI2ZmJhYWVhZDExNDRiOTUxYjNiZDY1NWM3NjZiM2EiLCJfYXV0aF91c2VyX2JhY2tlbmQiOiJkamFuZ28uY29udHJpYi5hdXRoLmJhY2tlbmRzLk1vZGVsQmFja2VuZCIsIl9hdXRoX3VzZXJfaWQiOjF9"}, "model": "sessions.session", "pk": "drxsma5fejnpqvodv8wumgblai1rk46j"}, {"fields": {"expire_date": "2015-07-01T23:15:03.715Z", "session_data": "YWZkNDQ3ZGYxZmQzYzdhNmEzMDg2NmIyNmU1N2NjZmYyZDViOGVmMzp7Il9hdXRoX3VzZXJfaGFzaCI6IjgyZDk1M2Y5ZjI2ZmJhYWVhZDExNDRiOTUxYjNiZDY1NWM3NjZiM2EiLCJfYXV0aF91c2VyX2JhY2tlbmQiOiJkamFuZ28uY29udHJpYi5hdXRoLmJhY2tlbmRzLk1vZGVsQmFja2VuZCIsIl9hdXRoX3VzZXJfaWQiOjF9"}, "model": "sessions.session", "pk": "eansaro7kxakoc3xe44kwn4fpdid01pj"}, {"fields": {"expire_date": "2015-08-27T06:23:03.380Z", "session_data": "YWZkNDQ3ZGYxZmQzYzdhNmEzMDg2NmIyNmU1N2NjZmYyZDViOGVmMzp7Il9hdXRoX3VzZXJfaGFzaCI6IjgyZDk1M2Y5ZjI2ZmJhYWVhZDExNDRiOTUxYjNiZDY1NWM3NjZiM2EiLCJfYXV0aF91c2VyX2JhY2tlbmQiOiJkamFuZ28uY29udHJpYi5hdXRoLmJhY2tlbmRzLk1vZGVsQmFja2VuZCIsIl9hdXRoX3VzZXJfaWQiOjF9"}, "model": "sessions.session", "pk": "eozov92r1wfzsfigmci4t8tpaaooyg83"}, {"fields": {"expire_date": "2015-07-03T15:50:20.249Z", "session_data": "YWZkNDQ3ZGYxZmQzYzdhNmEzMDg2NmIyNmU1N2NjZmYyZDViOGVmMzp7Il9hdXRoX3VzZXJfaGFzaCI6IjgyZDk1M2Y5ZjI2ZmJhYWVhZDExNDRiOTUxYjNiZDY1NWM3NjZiM2EiLCJfYXV0aF91c2VyX2JhY2tlbmQiOiJkamFuZ28uY29udHJpYi5hdXRoLmJhY2tlbmRzLk1vZGVsQmFja2VuZCIsIl9hdXRoX3VzZXJfaWQiOjF9"}, "model": "sessions.session", "pk": "fq2i7vongh5hdv4h2fok2l9tfykvgnk2"}, {"fields": {"expire_date": "2015-08-09T09:30:39.155Z", "session_data": "MjAwNDE5MzU3YzZmOTNjMTgwZDUyN2UzZDI0MWMyMzhmYmRlNmUxNzp7Il9hdXRoX3VzZXJfaGFzaCI6ImQ5MmU4ZWQ5Yjg1NjQxZDJmMTgyYzUyMjZmODcxODg1NDUwNDFkYjgiLCJfYXV0aF91c2VyX2lkIjoyLCJfYXV0aF91c2VyX2JhY2tlbmQiOiJzb2NpYWwuYmFja2VuZHMuZmFjZWJvb2suRmFjZWJvb2tPQXV0aDIifQ=="}, "model": "sessions.session", "pk": "he9t519312szo7tj17tzq2k3pgth73d7"}, {"fields": {"expire_date": "2015-08-07T18:44:41.678Z", "session_data": "Nzc1NzRmM2Q4NDliYmNlNmQ2YzE5MjRhYzAxMTI2NGVhYWJmODYxNTp7Il9hdXRoX3VzZXJfaGFzaCI6ImQ5MmU4ZWQ5Yjg1NjQxZDJmMTgyYzUyMjZmODcxODg1NDUwNDFkYjgiLCJfYXV0aF91c2VyX2JhY2tlbmQiOiJzb2NpYWwuYmFja2VuZHMuZmFjZWJvb2suRmFjZWJvb2tPQXV0aDIiLCJfYXV0aF91c2VyX2lkIjoyfQ=="}, "model": "sessions.session", "pk": "hssrd6ep277wc7h2uj0g0cobadirprg0"}, {"fields": {"expire_date": "2015-07-24T16:35:48.036Z", "session_data": "ODMyOWY5MDkwMjlhZGQzMzBhYWMyYmE2OWY2NDYxM2JhZmI3ZDJlZjp7fQ=="}, "model": "sessions.session", "pk": "htpoy1vnevaeiios6ooqwtlb18c5hqlf"}, {"fields": {"expire_date": "2015-08-05T23:45:37.414Z", "session_data": "ZGFmMGM3ZDZlYTE5MDM4ZjE0N2YzZDQzNzdlM2Y3ZDNhN2UxZTRlOTp7Il9hdXRoX3VzZXJfYmFja2VuZCI6ImRqYW5nby5jb250cmliLmF1dGguYmFja2VuZHMuTW9kZWxCYWNrZW5kIiwiX2F1dGhfdXNlcl9oYXNoIjoiODJkOTUzZjlmMjZmYmFhZWFkMTE0NGI5NTFiM2JkNjU1Yzc2NmIzYSIsIl9hdXRoX3VzZXJfaWQiOjEsIl9tZXNzYWdlcyI6IltbXCJfX2pzb25fbWVzc2FnZVwiLDAsMjUsXCJUaGUgc3R1ZGlvIHBpY3R1cmUgXFxcIlN0dWRpb1BpY3R1cmUgb2JqZWN0XFxcIiB3YXMgYWRkZWQgc3VjY2Vzc2Z1bGx5LiBZb3UgbWF5IGFkZCBhbm90aGVyIHN0dWRpbyBwaWN0dXJlIGJlbG93LlwiXSxbXCJfX2pzb25fbWVzc2FnZVwiLDAsMjUsXCJUaGUgc3R1ZGlvIHBpY3R1cmUgXFxcIlN0dWRpb1BpY3R1cmUgb2JqZWN0XFxcIiB3YXMgYWRkZWQgc3VjY2Vzc2Z1bGx5LiBZb3UgbWF5IGFkZCBhbm90aGVyIHN0dWRpbyBwaWN0dXJlIGJlbG93LlwiXSxbXCJfX2pzb25fbWVzc2FnZVwiLDAsMjUsXCJUaGUgc3R1ZGlvIHBpY3R1cmUgXFxcIlN0dWRpb1BpY3R1cmUgb2JqZWN0XFxcIiB3YXMgYWRkZWQgc3VjY2Vzc2Z1bGx5LiBZb3UgbWF5IGFkZCBhbm90aGVyIHN0dWRpbyBwaWN0dXJlIGJlbG93LlwiXSxbXCJfX2pzb25fbWVzc2FnZVwiLDAsMjUsXCJUaGUgc3R1ZGlvIHBpY3R1cmUgXFxcIlN0dWRpb1BpY3R1cmUgb2JqZWN0XFxcIiB3YXMgYWRkZWQgc3VjY2Vzc2Z1bGx5LiBZb3UgbWF5IGFkZCBhbm90aGVyIHN0dWRpbyBwaWN0dXJlIGJlbG93LlwiXSxbXCJfX2pzb25fbWVzc2FnZVwiLDAsMjUsXCJUaGUgc3R1ZGlvIHBpY3R1cmUgXFxcIlN0dWRpb1BpY3R1cmUgb2JqZWN0XFxcIiB3YXMgYWRkZWQgc3VjY2Vzc2Z1bGx5LiBZb3UgbWF5IGFkZCBhbm90aGVyIHN0dWRpbyBwaWN0dXJlIGJlbG93LlwiXSxbXCJfX2pzb25fbWVzc2FnZVwiLDAsMjUsXCJUaGUgc3R1ZGlvIHBpY3R1cmUgXFxcIlN0dWRpb1BpY3R1cmUgb2JqZWN0XFxcIiB3YXMgYWRkZWQgc3VjY2Vzc2Z1bGx5LiBZb3UgbWF5IGFkZCBhbm90aGVyIHN0dWRpbyBwaWN0dXJlIGJlbG93LlwiXSxbXCJfX2pzb25fbWVzc2FnZVwiLDAsMjUsXCJUaGUgc3R1ZGlvIHBpY3R1cmUgXFxcIlN0dWRpb1BpY3R1cmUgb2JqZWN0XFxcIiB3YXMgYWRkZWQgc3VjY2Vzc2Z1bGx5LiBZb3UgbWF5IGFkZCBhbm90aGVyIHN0dWRpbyBwaWN0dXJlIGJlbG93LlwiXSxbXCJfX2pzb25fbWVzc2FnZVwiLDAsMjUsXCJUaGUgc3R1ZGlvIHBpY3R1cmUgXFxcIlN0dWRpb1BpY3R1cmUgb2JqZWN0XFxcIiB3YXMgYWRkZWQgc3VjY2Vzc2Z1bGx5LiBZb3UgbWF5IGFkZCBhbm90aGVyIHN0dWRpbyBwaWN0dXJlIGJlbG93LlwiXSxbXCJfX2pzb25fbWVzc2FnZVwiLDAsMjUsXCJUaGUgc3R1ZGlvIHBpY3R1cmUgXFxcIlN0dWRpb1BpY3R1cmUgb2JqZWN0XFxcIiB3YXMgYWRkZWQgc3VjY2Vzc2Z1bGx5LiBZb3UgbWF5IGFkZCBhbm90aGVyIHN0dWRpbyBwaWN0dXJlIGJlbG93LlwiXSxbXCJfX2pzb25fbWVzc2FnZVwiLDAsMjUsXCJUaGUgc3R1ZGlvIHBpY3R1cmUgXFxcIlN0dWRpb1BpY3R1cmUgb2JqZWN0XFxcIiB3YXMgYWRkZWQgc3VjY2Vzc2Z1bGx5LiBZb3UgbWF5IGFkZCBhbm90aGVyIHN0dWRpbyBwaWN0dXJlIGJlbG93LlwiXSxbXCJfX2pzb25fbWVzc2FnZVwiLDAsMjUsXCJUaGUgc3R1ZGlvIHBpY3R1cmUgXFxcIlN0dWRpb1BpY3R1cmUgb2JqZWN0XFxcIiB3YXMgYWRkZWQgc3VjY2Vzc2Z1bGx5LiBZb3UgbWF5IGFkZCBhbm90aGVyIHN0dWRpbyBwaWN0dXJlIGJlbG93LlwiXSxbXCJfX2pzb25fbWVzc2FnZVwiLDAsMjUsXCJUaGUgc3R1ZGlvIHBpY3R1cmUgXFxcIlN0dWRpb1BpY3R1cmUgb2JqZWN0XFxcIiB3YXMgYWRkZWQgc3VjY2Vzc2Z1bGx5LiBZb3UgbWF5IGFkZCBhbm90aGVyIHN0dWRpbyBwaWN0dXJlIGJlbG93LlwiXSxbXCJfX2pzb25fbWVzc2FnZVwiLDAsMjUsXCJUaGUgc3R1ZGlvIHBpY3R1cmUgXFxcIlN0dWRpb1BpY3R1cmUgb2JqZWN0XFxcIiB3YXMgYWRkZWQgc3VjY2Vzc2Z1bGx5LiBZb3UgbWF5IGFkZCBhbm90aGVyIHN0dWRpbyBwaWN0dXJlIGJlbG93LlwiXSxbXCJfX2pzb25fbWVzc2FnZVwiLDAsMjUsXCJUaGUgc3R1ZGlvIHBpY3R1cmUgXFxcIlN0dWRpb1BpY3R1cmUgb2JqZWN0XFxcIiB3YXMgYWRkZWQgc3VjY2Vzc2Z1bGx5LiBZb3UgbWF5IGFkZCBhbm90aGVyIHN0dWRpbyBwaWN0dXJlIGJlbG93LlwiXSxbXCJfX2pzb25fbWVzc2FnZVwiLDAsMjUsXCJUaGUgc3R1ZGlvIHBpY3R1cmUgXFxcIlN0dWRpb1BpY3R1cmUgb2JqZWN0XFxcIiB3YXMgYWRkZWQgc3VjY2Vzc2Z1bGx5LiBZb3UgbWF5IGFkZCBhbm90aGVyIHN0dWRpbyBwaWN0dXJlIGJlbG93LlwiXSxbXCJfX2pzb25fbWVzc2FnZVwiLDAsMjUsXCJUaGUgc3R1ZGlvIHBpY3R1cmUgXFxcIlN0dWRpb1BpY3R1cmUgb2JqZWN0XFxcIiB3YXMgYWRkZWQgc3VjY2Vzc2Z1bGx5LiBZb3UgbWF5IGFkZCBhbm90aGVyIHN0dWRpbyBwaWN0dXJlIGJlbG93LlwiXV0ifQ=="}, "model": "sessions.session", "pk": "idyg9tflj8ipyd5ozk5gnd1q31srwtdc"}, {"fields": {"expire_date": "2015-08-19T11:52:24.182Z", "session_data": "ODMyOWY5MDkwMjlhZGQzMzBhYWMyYmE2OWY2NDYxM2JhZmI3ZDJlZjp7fQ=="}, "model": "sessions.session", "pk": "ig316e215mr0dy6v2r12x4rjwh4fvvpj"}, {"fields": {"expire_date": "2015-08-11T06:41:13.731Z", "session_data": "ODMyOWY5MDkwMjlhZGQzMzBhYWMyYmE2OWY2NDYxM2JhZmI3ZDJlZjp7fQ=="}, "model": "sessions.session", "pk": "im5ed9uibpm1ms8d2i647k2g9tuu41x8"}, {"fields": {"expire_date": "2015-08-18T07:15:32.726Z", "session_data": "Nzc1NzRmM2Q4NDliYmNlNmQ2YzE5MjRhYzAxMTI2NGVhYWJmODYxNTp7Il9hdXRoX3VzZXJfaGFzaCI6ImQ5MmU4ZWQ5Yjg1NjQxZDJmMTgyYzUyMjZmODcxODg1NDUwNDFkYjgiLCJfYXV0aF91c2VyX2JhY2tlbmQiOiJzb2NpYWwuYmFja2VuZHMuZmFjZWJvb2suRmFjZWJvb2tPQXV0aDIiLCJfYXV0aF91c2VyX2lkIjoyfQ=="}, "model": "sessions.session", "pk": "j65va2fqw29vdjqc5n3d29to86poken2"}, {"fields": {"expire_date": "2015-09-14T11:45:33.046Z", "session_data": "ODMyOWY5MDkwMjlhZGQzMzBhYWMyYmE2OWY2NDYxM2JhZmI3ZDJlZjp7fQ=="}, "model": "sessions.session", "pk": "jkuqibx04twv28v5jjvkc3s5dgwvuj3x"}, {"fields": {"expire_date": "2015-07-09T11:26:05.413Z", "session_data": "ODMyOWY5MDkwMjlhZGQzMzBhYWMyYmE2OWY2NDYxM2JhZmI3ZDJlZjp7fQ=="}, "model": "sessions.session", "pk": "jqxkccgi6opd5uipycms6jrifw4v0a90"}, {"fields": {"expire_date": "2015-06-28T16:04:38.124Z", "session_data": "ODMyOWY5MDkwMjlhZGQzMzBhYWMyYmE2OWY2NDYxM2JhZmI3ZDJlZjp7fQ=="}, "model": "sessions.session", "pk": "jt5r6gx7s09sqh6t6pvsh4x66981wcpc"}, {"fields": {"expire_date": "2015-07-09T11:27:40.752Z", "session_data": "ODMyOWY5MDkwMjlhZGQzMzBhYWMyYmE2OWY2NDYxM2JhZmI3ZDJlZjp7fQ=="}, "model": "sessions.session", "pk": "jzb61t93t6p5n5hb7aymkr3xthnp7lar"}, {"fields": {"expire_date": "2015-08-29T17:48:13.533Z", "session_data": "ODMyOWY5MDkwMjlhZGQzMzBhYWMyYmE2OWY2NDYxM2JhZmI3ZDJlZjp7fQ=="}, "model": "sessions.session", "pk": "ke7jsdx9x2362stcayh0ebzdepcch21o"}, {"fields": {"expire_date": "2015-06-18T11:58:59.540Z", "session_data": "YjM1OWRiN2Q2NGY4NDliY2Q0ZDZiNWQzYTVkM2MyMTI1ZWJmNjQ0Zjp7ImZhY2Vib29rX3N0YXRlIjoiTk1jejhaVTNZUXp4cFV6ZUdUejA5eWFRNGk4c1BSTTcifQ=="}, "model": "sessions.session", "pk": "kjpywspl3l5ej7duj78lapqwgbc0jhzq"}, {"fields": {"expire_date": "2015-08-07T18:12:58.879Z", "session_data": "Nzc1NzRmM2Q4NDliYmNlNmQ2YzE5MjRhYzAxMTI2NGVhYWJmODYxNTp7Il9hdXRoX3VzZXJfaGFzaCI6ImQ5MmU4ZWQ5Yjg1NjQxZDJmMTgyYzUyMjZmODcxODg1NDUwNDFkYjgiLCJfYXV0aF91c2VyX2JhY2tlbmQiOiJzb2NpYWwuYmFja2VuZHMuZmFjZWJvb2suRmFjZWJvb2tPQXV0aDIiLCJfYXV0aF91c2VyX2lkIjoyfQ=="}, "model": "sessions.session", "pk": "kl8e214c0z50es39kbb39kgdr1hdrbfs"}, {"fields": {"expire_date": "2015-07-09T11:28:39.569Z", "session_data": "ODMyOWY5MDkwMjlhZGQzMzBhYWMyYmE2OWY2NDYxM2JhZmI3ZDJlZjp7fQ=="}, "model": "sessions.session", "pk": "ktzwdtwbr82kg2bh2d37fp3xvx8d9l0e"}, {"fields": {"expire_date": "2015-08-16T17:50:55.780Z", "session_data": "Nzc1NzRmM2Q4NDliYmNlNmQ2YzE5MjRhYzAxMTI2NGVhYWJmODYxNTp7Il9hdXRoX3VzZXJfaGFzaCI6ImQ5MmU4ZWQ5Yjg1NjQxZDJmMTgyYzUyMjZmODcxODg1NDUwNDFkYjgiLCJfYXV0aF91c2VyX2JhY2tlbmQiOiJzb2NpYWwuYmFja2VuZHMuZmFjZWJvb2suRmFjZWJvb2tPQXV0aDIiLCJfYXV0aF91c2VyX2lkIjoyfQ=="}, "model": "sessions.session", "pk": "m1cj4rf578574q7hku28yv57le45bgkl"}, {"fields": {"expire_date": "2015-06-19T09:07:25.469Z", "session_data": "ODMyOWY5MDkwMjlhZGQzMzBhYWMyYmE2OWY2NDYxM2JhZmI3ZDJlZjp7fQ=="}, "model": "sessions.session", "pk": "m541kprgjx3oqulmun59skcoh66d02ow"}, {"fields": {"expire_date": "2015-08-11T06:37:51.966Z", "session_data": "ODMyOWY5MDkwMjlhZGQzMzBhYWMyYmE2OWY2NDYxM2JhZmI3ZDJlZjp7fQ=="}, "model": "sessions.session", "pk": "m6dj6dgvyimfdwsk3ityy0awwub50j1m"}, {"fields": {"expire_date": "2015-06-18T11:58:14.719Z", "session_data": "MjAwNDE5MzU3YzZmOTNjMTgwZDUyN2UzZDI0MWMyMzhmYmRlNmUxNzp7Il9hdXRoX3VzZXJfaGFzaCI6ImQ5MmU4ZWQ5Yjg1NjQxZDJmMTgyYzUyMjZmODcxODg1NDUwNDFkYjgiLCJfYXV0aF91c2VyX2lkIjoyLCJfYXV0aF91c2VyX2JhY2tlbmQiOiJzb2NpYWwuYmFja2VuZHMuZmFjZWJvb2suRmFjZWJvb2tPQXV0aDIifQ=="}, "model": "sessions.session", "pk": "mpi1pxnvig8nucj67gsorsa998kvgqve"}, {"fields": {"expire_date": "2015-07-25T19:39:08.879Z", "session_data": "ODMyOWY5MDkwMjlhZGQzMzBhYWMyYmE2OWY2NDYxM2JhZmI3ZDJlZjp7fQ=="}, "model": "sessions.session", "pk": "nb8q8cbdmy2ydki6yjq75vy9irmarof3"}, {"fields": {"expire_date": "2015-07-24T14:58:07.048Z", "session_data": "ODMyOWY5MDkwMjlhZGQzMzBhYWMyYmE2OWY2NDYxM2JhZmI3ZDJlZjp7fQ=="}, "model": "sessions.session", "pk": "nl8lm1h7qba38t29jz781rbmlwtw5x75"}, {"fields": {"expire_date": "2015-08-12T11:32:40.560Z", "session_data": "ODMyOWY5MDkwMjlhZGQzMzBhYWMyYmE2OWY2NDYxM2JhZmI3ZDJlZjp7fQ=="}, "model": "sessions.session", "pk": "nokc2avy8kzts863vq76ntbii4wb3znz"}, {"fields": {"expire_date": "2015-09-12T14:16:43.352Z", "session_data": "NGY3OWI2ZGRmNTJkYTVmMmY1ZGU1YmMyNDI5ZWZkNmUxOGYwZGY5Nzp7Il9hdXRoX3VzZXJfaGFzaCI6IjVkOWFkOGYzYjM0ZThjZmY3NzViODI3NTM5YjE5Mzg2Yjk4ZjZkODgiLCJfYXV0aF91c2VyX2JhY2tlbmQiOiJzb2NpYWwuYmFja2VuZHMuZmFjZWJvb2suRmFjZWJvb2tPQXV0aDIiLCJfYXV0aF91c2VyX2lkIjozfQ=="}, "model": "sessions.session", "pk": "o4chxenv9xa6rkpmcq3z90zlbjh62tlc"}, {"fields": {"expire_date": "2015-08-07T18:41:16.883Z", "session_data": "Nzc1NzRmM2Q4NDliYmNlNmQ2YzE5MjRhYzAxMTI2NGVhYWJmODYxNTp7Il9hdXRoX3VzZXJfaGFzaCI6ImQ5MmU4ZWQ5Yjg1NjQxZDJmMTgyYzUyMjZmODcxODg1NDUwNDFkYjgiLCJfYXV0aF91c2VyX2JhY2tlbmQiOiJzb2NpYWwuYmFja2VuZHMuZmFjZWJvb2suRmFjZWJvb2tPQXV0aDIiLCJfYXV0aF91c2VyX2lkIjoyfQ=="}, "model": "sessions.session", "pk": "o5lvfxm02rnz8vh5e8wi2ltmiwcabiap"}, {"fields": {"expire_date": "2015-08-17T17:31:02.039Z", "session_data": "Nzc1NzRmM2Q4NDliYmNlNmQ2YzE5MjRhYzAxMTI2NGVhYWJmODYxNTp7Il9hdXRoX3VzZXJfaGFzaCI6ImQ5MmU4ZWQ5Yjg1NjQxZDJmMTgyYzUyMjZmODcxODg1NDUwNDFkYjgiLCJfYXV0aF91c2VyX2JhY2tlbmQiOiJzb2NpYWwuYmFja2VuZHMuZmFjZWJvb2suRmFjZWJvb2tPQXV0aDIiLCJfYXV0aF91c2VyX2lkIjoyfQ=="}, "model": "sessions.session", "pk": "pd90lbz4ypab43ys1ynqd3kppta8kvwk"}, {"fields": {"expire_date": "2015-08-19T05:40:52.387Z", "session_data": "ODkyOTY2OWNkYTM2ZDZiYWJkMTA4YmM3MWQxMmI3MzE2ZGFjNDcwNzp7Il9hdXRoX3VzZXJfaGFzaCI6IjgyZDk1M2Y5ZjI2ZmJhYWVhZDExNDRiOTUxYjNiZDY1NWM3NjZiM2EiLCJfbWVzc2FnZXMiOiJbW1wiX19qc29uX21lc3NhZ2VcIiwwLDI1LFwiVGhlIGFjY2VzcyB0b2tlbiBcXFwiWWljZnNTMUVIaUxsT3NDWG9GVDg2OWFsellwRXZwXFxcIiB3YXMgY2hhbmdlZCBzdWNjZXNzZnVsbHkuXCJdXSIsIl9hdXRoX3VzZXJfaWQiOjEsIl9hdXRoX3VzZXJfYmFja2VuZCI6ImRqYW5nby5jb250cmliLmF1dGguYmFja2VuZHMuTW9kZWxCYWNrZW5kIn0="}, "model": "sessions.session", "pk": "pg388t5f06huw9gyec726qj30ppt4isa"}, {"fields": {"expire_date": "2015-08-10T06:26:08.093Z", "session_data": "MjQ0YjJjOGZhYTg4OTViOWI3ZDFkMTkyOGRmYTZiNGZhOTYxMjZjMzp7Il9hdXRoX3VzZXJfaGFzaCI6IjgyZDk1M2Y5ZjI2ZmJhYWVhZDExNDRiOTUxYjNiZDY1NWM3NjZiM2EiLCJfbWVzc2FnZXMiOiJbW1wiX19qc29uX21lc3NhZ2VcIiwwLDI1LFwiVGhlIHN0dWRpbyBwcm9maWxlIFxcXCJOYXR1cmFscywgUG9ydXJcXFwiIHdhcyBjaGFuZ2VkIHN1Y2Nlc3NmdWxseS5cIl1dIiwiX2F1dGhfdXNlcl9pZCI6MSwiX2F1dGhfdXNlcl9iYWNrZW5kIjoiZGphbmdvLmNvbnRyaWIuYXV0aC5iYWNrZW5kcy5Nb2RlbEJhY2tlbmQifQ=="}, "model": "sessions.session", "pk": "poes96ex3r9u3autkpmb0evr0iarb8xa"}, {"fields": {"expire_date": "2015-09-13T06:44:09.682Z", "session_data": "ZDk2ZDNmNjA5M2ZhNWRhNzMxOTU3YWZhNmIxYTZmYzZkOTFjMDEzOTp7Il9hdXRoX3VzZXJfaGFzaCI6IjMyMDkzYTkwODczZmM3ZDk2MjgyZThlNGFhMWVkMzc1NTQyNjRiNmQiLCJfYXV0aF91c2VyX2JhY2tlbmQiOiJzb2NpYWwuYmFja2VuZHMuZmFjZWJvb2suRmFjZWJvb2tPQXV0aDIiLCJfYXV0aF91c2VyX2lkIjo0fQ=="}, "model": "sessions.session", "pk": "pxf67ll0fpe9q3hv6ayk5lt8itjorumj"}, {"fields": {"expire_date": "2015-08-28T13:21:25.184Z", "session_data": "Nzc1NzRmM2Q4NDliYmNlNmQ2YzE5MjRhYzAxMTI2NGVhYWJmODYxNTp7Il9hdXRoX3VzZXJfaGFzaCI6ImQ5MmU4ZWQ5Yjg1NjQxZDJmMTgyYzUyMjZmODcxODg1NDUwNDFkYjgiLCJfYXV0aF91c2VyX2JhY2tlbmQiOiJzb2NpYWwuYmFja2VuZHMuZmFjZWJvb2suRmFjZWJvb2tPQXV0aDIiLCJfYXV0aF91c2VyX2lkIjoyfQ=="}, "model": "sessions.session", "pk": "qb0737mydisskfq8wp7w1z87efc3zb2q"}, {"fields": {"expire_date": "2015-08-06T11:07:15.304Z", "session_data": "ODMyOWY5MDkwMjlhZGQzMzBhYWMyYmE2OWY2NDYxM2JhZmI3ZDJlZjp7fQ=="}, "model": "sessions.session", "pk": "r9f8blwp1ncwu5oljmm97p2tztc7ccjf"}, {"fields": {"expire_date": "2015-07-09T11:29:03.312Z", "session_data": "ODMyOWY5MDkwMjlhZGQzMzBhYWMyYmE2OWY2NDYxM2JhZmI3ZDJlZjp7fQ=="}, "model": "sessions.session", "pk": "re95gxd1ht5lw8wfbc61fd59tu80blh3"}, {"fields": {"expire_date": "2015-08-07T06:28:09.268Z", "session_data": "ODMyOWY5MDkwMjlhZGQzMzBhYWMyYmE2OWY2NDYxM2JhZmI3ZDJlZjp7fQ=="}, "model": "sessions.session", "pk": "rebe7zncc65kxb0qy90wwdr9akusn3s9"}, {"fields": {"expire_date": "2015-07-24T12:53:56.197Z", "session_data": "ODMyOWY5MDkwMjlhZGQzMzBhYWMyYmE2OWY2NDYxM2JhZmI3ZDJlZjp7fQ=="}, "model": "sessions.session", "pk": "sc7vs1evcx4096db8gdrap3d3yigwpcl"}, {"fields": {"expire_date": "2015-06-19T09:08:47.140Z", "session_data": "ODMyOWY5MDkwMjlhZGQzMzBhYWMyYmE2OWY2NDYxM2JhZmI3ZDJlZjp7fQ=="}, "model": "sessions.session", "pk": "sco4jc7dih2r3mvi3t3fmljs2f9a8iy9"}, {"fields": {"expire_date": "2015-07-03T07:33:22.620Z", "session_data": "YWZkNDQ3ZGYxZmQzYzdhNmEzMDg2NmIyNmU1N2NjZmYyZDViOGVmMzp7Il9hdXRoX3VzZXJfaGFzaCI6IjgyZDk1M2Y5ZjI2ZmJhYWVhZDExNDRiOTUxYjNiZDY1NWM3NjZiM2EiLCJfYXV0aF91c2VyX2JhY2tlbmQiOiJkamFuZ28uY29udHJpYi5hdXRoLmJhY2tlbmRzLk1vZGVsQmFja2VuZCIsIl9hdXRoX3VzZXJfaWQiOjF9"}, "model": "sessions.session", "pk": "sin43p99zol7a5ivdigkgr70egq51837"}, {"fields": {"expire_date": "2015-08-05T23:09:57.278Z", "session_data": "ZjA3NWIzOWQ2NGY1ZWMxODU4YTQ5NmZhNjY5ZDM2ZjVjN2ZiYjRmMDp7Il9hdXRoX3VzZXJfaGFzaCI6IjgyZDk1M2Y5ZjI2ZmJhYWVhZDExNDRiOTUxYjNiZDY1NWM3NjZiM2EiLCJfbWVzc2FnZXMiOiJbW1wiX19qc29uX21lc3NhZ2VcIiwwLDI1LFwiVGhlIHN0dWRpbyBzZXJ2aWNlcyBcXFwiU3R1ZGlvU2VydmljZXMgb2JqZWN0XFxcIiB3YXMgYWRkZWQgc3VjY2Vzc2Z1bGx5LiBZb3UgbWF5IGFkZCBhbm90aGVyIHN0dWRpbyBzZXJ2aWNlcyBiZWxvdy5cIl0sW1wiX19qc29uX21lc3NhZ2VcIiwwLDI1LFwiVGhlIHN0dWRpbyBzZXJ2aWNlcyBcXFwiU3R1ZGlvU2VydmljZXMgb2JqZWN0XFxcIiB3YXMgYWRkZWQgc3VjY2Vzc2Z1bGx5LiBZb3UgbWF5IGFkZCBhbm90aGVyIHN0dWRpbyBzZXJ2aWNlcyBiZWxvdy5cIl0sW1wiX19qc29uX21lc3NhZ2VcIiwwLDI1LFwiVGhlIHN0dWRpbyBzZXJ2aWNlcyBcXFwiU3R1ZGlvU2VydmljZXMgb2JqZWN0XFxcIiB3YXMgYWRkZWQgc3VjY2Vzc2Z1bGx5LiBZb3UgbWF5IGFkZCBhbm90aGVyIHN0dWRpbyBzZXJ2aWNlcyBiZWxvdy5cIl0sW1wiX19qc29uX21lc3NhZ2VcIiwwLDI1LFwiVGhlIHN0dWRpbyBzZXJ2aWNlcyBcXFwiU3R1ZGlvU2VydmljZXMgb2JqZWN0XFxcIiB3YXMgYWRkZWQgc3VjY2Vzc2Z1bGx5LiBZb3UgbWF5IGFkZCBhbm90aGVyIHN0dWRpbyBzZXJ2aWNlcyBiZWxvdy5cIl0sW1wiX19qc29uX21lc3NhZ2VcIiwwLDI1LFwiVGhlIHN0dWRpbyBzZXJ2aWNlcyBcXFwiU3R1ZGlvU2VydmljZXMgb2JqZWN0XFxcIiB3YXMgYWRkZWQgc3VjY2Vzc2Z1bGx5LiBZb3UgbWF5IGFkZCBhbm90aGVyIHN0dWRpbyBzZXJ2aWNlcyBiZWxvdy5cIl0sW1wiX19qc29uX21lc3NhZ2VcIiwwLDI1LFwiVGhlIHN0dWRpbyBzZXJ2aWNlcyBcXFwiU3R1ZGlvU2VydmljZXMgb2JqZWN0XFxcIiB3YXMgYWRkZWQgc3VjY2Vzc2Z1bGx5LiBZb3UgbWF5IGFkZCBhbm90aGVyIHN0dWRpbyBzZXJ2aWNlcyBiZWxvdy5cIl0sW1wiX19qc29uX21lc3NhZ2VcIiwwLDI1LFwiVGhlIHN0dWRpbyBzZXJ2aWNlcyBcXFwiU3R1ZGlvU2VydmljZXMgb2JqZWN0XFxcIiB3YXMgYWRkZWQgc3VjY2Vzc2Z1bGx5LiBZb3UgbWF5IGFkZCBhbm90aGVyIHN0dWRpbyBzZXJ2aWNlcyBiZWxvdy5cIl0sW1wiX19qc29uX21lc3NhZ2VcIiwwLDI1LFwiVGhlIHN0dWRpbyBzZXJ2aWNlcyBcXFwiU3R1ZGlvU2VydmljZXMgb2JqZWN0XFxcIiB3YXMgYWRkZWQgc3VjY2Vzc2Z1bGx5LlwiXSxbXCJfX2pzb25fbWVzc2FnZVwiLDAsMjUsXCJUaGUgc3R1ZGlvIHNlcnZpY2VzIFxcXCJTdHVkaW9TZXJ2aWNlcyBvYmplY3RcXFwiIHdhcyBhZGRlZCBzdWNjZXNzZnVsbHkuIFlvdSBtYXkgYWRkIGFub3RoZXIgc3R1ZGlvIHNlcnZpY2VzIGJlbG93LlwiXV0iLCJfYXV0aF91c2VyX2lkIjoxLCJfYXV0aF91c2VyX2JhY2tlbmQiOiJkamFuZ28uY29udHJpYi5hdXRoLmJhY2tlbmRzLk1vZGVsQmFja2VuZCJ9"}, "model": "sessions.session", "pk": "srpmr71nbb14ctpzjts1xikvha8po7or"}, {"fields": {"expire_date": "2015-07-09T11:26:32.303Z", "session_data": "ODMyOWY5MDkwMjlhZGQzMzBhYWMyYmE2OWY2NDYxM2JhZmI3ZDJlZjp7fQ=="}, "model": "sessions.session", "pk": "srycjnk381np3immbagoopqya69ojkzt"}, {"fields": {"expire_date": "2015-09-14T11:30:25.598Z", "session_data": "Nzc1NzRmM2Q4NDliYmNlNmQ2YzE5MjRhYzAxMTI2NGVhYWJmODYxNTp7Il9hdXRoX3VzZXJfaGFzaCI6ImQ5MmU4ZWQ5Yjg1NjQxZDJmMTgyYzUyMjZmODcxODg1NDUwNDFkYjgiLCJfYXV0aF91c2VyX2JhY2tlbmQiOiJzb2NpYWwuYmFja2VuZHMuZmFjZWJvb2suRmFjZWJvb2tPQXV0aDIiLCJfYXV0aF91c2VyX2lkIjoyfQ=="}, "model": "sessions.session", "pk": "ssa3ny6hjxhfeegck0y62g15vvu3ezog"}, {"fields": {"expire_date": "2015-08-28T06:31:55.480Z", "session_data": "ODMyOWY5MDkwMjlhZGQzMzBhYWMyYmE2OWY2NDYxM2JhZmI3ZDJlZjp7fQ=="}, "model": "sessions.session", "pk": "sz347al3fl5kgrqps2mprpsk2h9e8xfy"}, {"fields": {"expire_date": "2015-08-07T06:30:56.769Z", "session_data": "Yzc4OTUwMjg5YTRmZjRkMDk0NmJkOTVlNDAzY2QzYTFkMWZiZWU3Nzp7Il9hdXRoX3VzZXJfYmFja2VuZCI6ImRqYW5nby5jb250cmliLmF1dGguYmFja2VuZHMuTW9kZWxCYWNrZW5kIiwiX2F1dGhfdXNlcl9oYXNoIjoiODJkOTUzZjlmMjZmYmFhZWFkMTE0NGI5NTFiM2JkNjU1Yzc2NmIzYSIsIl9hdXRoX3VzZXJfaWQiOjEsIl9tZXNzYWdlcyI6IltbXCJfX2pzb25fbWVzc2FnZVwiLDAsMjUsXCJUaGUgYWNjZXNzIHRva2VuIFxcXCJwcW01c2hmQVo5NXhReFprV0I0cEtMSU8zVVdyaE1cXFwiIHdhcyBjaGFuZ2VkIHN1Y2Nlc3NmdWxseS5cIl0sW1wiX19qc29uX21lc3NhZ2VcIiwwLDI1LFwiVGhlIGFjY2VzcyB0b2tlbiBcXFwiUnpGa0F2MVlxb2hqaUlFRFA5VW1ZQXJqOTJUbzdrXFxcIiB3YXMgY2hhbmdlZCBzdWNjZXNzZnVsbHkuXCJdXSJ9"}, "model": "sessions.session", "pk": "szjzif5dfsge1vkas512rtm5x2egq6m5"}, {"fields": {"expire_date": "2015-08-27T18:02:00.591Z", "session_data": "ODMyOWY5MDkwMjlhZGQzMzBhYWMyYmE2OWY2NDYxM2JhZmI3ZDJlZjp7fQ=="}, "model": "sessions.session", "pk": "t504jtagcv2ek3f56q38qhjgawmion7g"}, {"fields": {"expire_date": "2015-09-12T14:16:49.522Z", "session_data": "ODMyOWY5MDkwMjlhZGQzMzBhYWMyYmE2OWY2NDYxM2JhZmI3ZDJlZjp7fQ=="}, "model": "sessions.session", "pk": "t8o0prehmh3x9wokeqfs5hm2igurj6me"}, {"fields": {"expire_date": "2015-09-01T19:10:35.385Z", "session_data": "Nzc1NzRmM2Q4NDliYmNlNmQ2YzE5MjRhYzAxMTI2NGVhYWJmODYxNTp7Il9hdXRoX3VzZXJfaGFzaCI6ImQ5MmU4ZWQ5Yjg1NjQxZDJmMTgyYzUyMjZmODcxODg1NDUwNDFkYjgiLCJfYXV0aF91c2VyX2JhY2tlbmQiOiJzb2NpYWwuYmFja2VuZHMuZmFjZWJvb2suRmFjZWJvb2tPQXV0aDIiLCJfYXV0aF91c2VyX2lkIjoyfQ=="}, "model": "sessions.session", "pk": "tln7ii7dhdunce9npvcz0aa49j91a04d"}, {"fields": {"expire_date": "2015-09-11T11:03:46.493Z", "session_data": "YWZkNDQ3ZGYxZmQzYzdhNmEzMDg2NmIyNmU1N2NjZmYyZDViOGVmMzp7Il9hdXRoX3VzZXJfaGFzaCI6IjgyZDk1M2Y5ZjI2ZmJhYWVhZDExNDRiOTUxYjNiZDY1NWM3NjZiM2EiLCJfYXV0aF91c2VyX2JhY2tlbmQiOiJkamFuZ28uY29udHJpYi5hdXRoLmJhY2tlbmRzLk1vZGVsQmFja2VuZCIsIl9hdXRoX3VzZXJfaWQiOjF9"}, "model": "sessions.session", "pk": "u9v981hqxybwu1sttfjxm2uu3sas6u97"}, {"fields": {"expire_date": "2015-06-19T09:08:11.281Z", "session_data": "ODMyOWY5MDkwMjlhZGQzMzBhYWMyYmE2OWY2NDYxM2JhZmI3ZDJlZjp7fQ=="}, "model": "sessions.session", "pk": "v6zgag00j4wai5jr7sjetx0rfr0o4jhk"}, {"fields": {"expire_date": "2015-08-07T18:41:59.052Z", "session_data": "Nzc1NzRmM2Q4NDliYmNlNmQ2YzE5MjRhYzAxMTI2NGVhYWJmODYxNTp7Il9hdXRoX3VzZXJfaGFzaCI6ImQ5MmU4ZWQ5Yjg1NjQxZDJmMTgyYzUyMjZmODcxODg1NDUwNDFkYjgiLCJfYXV0aF91c2VyX2JhY2tlbmQiOiJzb2NpYWwuYmFja2VuZHMuZmFjZWJvb2suRmFjZWJvb2tPQXV0aDIiLCJfYXV0aF91c2VyX2lkIjoyfQ=="}, "model": "sessions.session", "pk": "v6zyps2cj0oiiymvsbchvzu173zxz0p5"}, {"fields": {"expire_date": "2015-08-09T11:19:35.476Z", "session_data": "Nzc1NzRmM2Q4NDliYmNlNmQ2YzE5MjRhYzAxMTI2NGVhYWJmODYxNTp7Il9hdXRoX3VzZXJfaGFzaCI6ImQ5MmU4ZWQ5Yjg1NjQxZDJmMTgyYzUyMjZmODcxODg1NDUwNDFkYjgiLCJfYXV0aF91c2VyX2JhY2tlbmQiOiJzb2NpYWwuYmFja2VuZHMuZmFjZWJvb2suRmFjZWJvb2tPQXV0aDIiLCJfYXV0aF91c2VyX2lkIjoyfQ=="}, "model": "sessions.session", "pk": "vazwmdnen6lspuc6ylapa1zme02519gd"}, {"fields": {"expire_date": "2015-06-19T15:00:42.286Z", "session_data": "ODMyOWY5MDkwMjlhZGQzMzBhYWMyYmE2OWY2NDYxM2JhZmI3ZDJlZjp7fQ=="}, "model": "sessions.session", "pk": "vbuglnub2tt9u049x3ptnf9sdm5zota0"}, {"fields": {"expire_date": "2015-06-19T14:14:20.255Z", "session_data": "ODMyOWY5MDkwMjlhZGQzMzBhYWMyYmE2OWY2NDYxM2JhZmI3ZDJlZjp7fQ=="}, "model": "sessions.session", "pk": "vkdwlv0719z6ghlrteuti7xbmjffzqdt"}, {"fields": {"expire_date": "2015-07-25T19:39:08.532Z", "session_data": "ODMyOWY5MDkwMjlhZGQzMzBhYWMyYmE2OWY2NDYxM2JhZmI3ZDJlZjp7fQ=="}, "model": "sessions.session", "pk": "vqk35a1vqc2epo7jgheowaayblo1236w"}, {"fields": {"expire_date": "2015-08-08T10:50:54.892Z", "session_data": "ODMyOWY5MDkwMjlhZGQzMzBhYWMyYmE2OWY2NDYxM2JhZmI3ZDJlZjp7fQ=="}, "model": "sessions.session", "pk": "w9fmchw7dhkbnkr88ox8wxca5wm6vh2k"}, {"fields": {"expire_date": "2015-08-28T06:01:10.767Z", "session_data": "Nzc1NzRmM2Q4NDliYmNlNmQ2YzE5MjRhYzAxMTI2NGVhYWJmODYxNTp7Il9hdXRoX3VzZXJfaGFzaCI6ImQ5MmU4ZWQ5Yjg1NjQxZDJmMTgyYzUyMjZmODcxODg1NDUwNDFkYjgiLCJfYXV0aF91c2VyX2JhY2tlbmQiOiJzb2NpYWwuYmFja2VuZHMuZmFjZWJvb2suRmFjZWJvb2tPQXV0aDIiLCJfYXV0aF91c2VyX2lkIjoyfQ=="}, "model": "sessions.session", "pk": "wc3w8liay5b8oxx8zqvndwcn3yyhmvx2"}, {"fields": {"expire_date": "2015-08-03T00:53:05.033Z", "session_data": "NGE5ZDA4OGU0MTI4NjExYTE5YTFmOTkxNWYxZjg4NGY1ZjJjMTY5MDp7Il9hdXRoX3VzZXJfYmFja2VuZCI6ImRqYW5nby5jb250cmliLmF1dGguYmFja2VuZHMuTW9kZWxCYWNrZW5kIiwiX2F1dGhfdXNlcl9oYXNoIjoiODJkOTUzZjlmMjZmYmFhZWFkMTE0NGI5NTFiM2JkNjU1Yzc2NmIzYSIsIl9hdXRoX3VzZXJfaWQiOjEsIl9tZXNzYWdlcyI6IltbXCJfX2pzb25fbWVzc2FnZVwiLDAsMjUsXCJUaGUgc2VydmljZSBcXFwiU2VydmljZSBvYmplY3RcXFwiIHdhcyBjaGFuZ2VkIHN1Y2Nlc3NmdWxseS4gWW91IG1heSBhZGQgYW5vdGhlciBzZXJ2aWNlIGJlbG93LlwiXSxbXCJfX2pzb25fbWVzc2FnZVwiLDAsMjUsXCJUaGUgY2xvc2UgZGF0ZXMgXFxcIkNsb3NlRGF0ZXMgb2JqZWN0XFxcIiB3YXMgY2hhbmdlZCBzdWNjZXNzZnVsbHkuXCJdLFtcIl9fanNvbl9tZXNzYWdlXCIsMCwyNSxcIlRoZSBjbG9zZSBkYXRlcyBcXFwiQ2xvc2VEYXRlcyBvYmplY3RcXFwiIHdhcyBjaGFuZ2VkIHN1Y2Nlc3NmdWxseS5cIl0sW1wiX19qc29uX21lc3NhZ2VcIiwwLDI1LFwiVGhlIGNsb3NlIGRhdGVzIFxcXCJDbG9zZURhdGVzIG9iamVjdFxcXCIgd2FzIGFkZGVkIHN1Y2Nlc3NmdWxseS5cIl0sW1wiX19qc29uX21lc3NhZ2VcIiwwLDI1LFwiVGhlIHN0dWRpbyBjbG9zZWQgZGV0YWlscyBcXFwiU3R1ZGlvQ2xvc2VkRGV0YWlscyBvYmplY3RcXFwiIHdhcyBjaGFuZ2VkIHN1Y2Nlc3NmdWxseS5cIl1dIn0="}, "model": "sessions.session", "pk": "wf6hepfxub8ap8plhpleh3rf5k4d89i5"}, {"fields": {"expire_date": "2015-08-11T06:51:51.192Z", "session_data": "ODMyOWY5MDkwMjlhZGQzMzBhYWMyYmE2OWY2NDYxM2JhZmI3ZDJlZjp7fQ=="}, "model": "sessions.session", "pk": "wgtjv6afl4k3vrl22d95u9nynlipx4a0"}, {"fields": {"expire_date": "2015-06-26T10:35:52.349Z", "session_data": "ODMyOWY5MDkwMjlhZGQzMzBhYWMyYmE2OWY2NDYxM2JhZmI3ZDJlZjp7fQ=="}, "model": "sessions.session", "pk": "x2c5hsfc3zjashedtzl4hrnvncoqtvwd"}, {"fields": {"expire_date": "2015-08-08T11:02:03.745Z", "session_data": "Nzc1NzRmM2Q4NDliYmNlNmQ2YzE5MjRhYzAxMTI2NGVhYWJmODYxNTp7Il9hdXRoX3VzZXJfaGFzaCI6ImQ5MmU4ZWQ5Yjg1NjQxZDJmMTgyYzUyMjZmODcxODg1NDUwNDFkYjgiLCJfYXV0aF91c2VyX2JhY2tlbmQiOiJzb2NpYWwuYmFja2VuZHMuZmFjZWJvb2suRmFjZWJvb2tPQXV0aDIiLCJfYXV0aF91c2VyX2lkIjoyfQ=="}, "model": "sessions.session", "pk": "xnhoaiipkurko8ckmzvpxige84jxavxy"}, {"fields": {"expire_date": "2015-07-09T11:28:00.027Z", "session_data": "ODMyOWY5MDkwMjlhZGQzMzBhYWMyYmE2OWY2NDYxM2JhZmI3ZDJlZjp7fQ=="}, "model": "sessions.session", "pk": "xsm4xqptp8bs8g5793dh2iw97yhu7vhl"}, {"fields": {"expire_date": "2015-07-18T00:00:33.538Z", "session_data": "MTc2OTEzODQ5ZTM3MjdjZDBkYmMyZjVlYTY0ZGJlNzk3NmE5NGM0NDp7Il9hdXRoX3VzZXJfYmFja2VuZCI6ImRqYW5nby5jb250cmliLmF1dGguYmFja2VuZHMuTW9kZWxCYWNrZW5kIiwiX2F1dGhfdXNlcl9oYXNoIjoiODJkOTUzZjlmMjZmYmFhZWFkMTE0NGI5NTFiM2JkNjU1Yzc2NmIzYSIsIl9hdXRoX3VzZXJfaWQiOjEsIl9tZXNzYWdlcyI6IltbXCJfX2pzb25fbWVzc2FnZVwiLDAsMjUsXCJUaGUgYm9va2luZyBkZXRhaWxzIFxcXCJCb29raW5nRGV0YWlscyBvYmplY3RcXFwiIHdhcyBjaGFuZ2VkIHN1Y2Nlc3NmdWxseS4gWW91IG1heSBlZGl0IGl0IGFnYWluIGJlbG93LlwiXSxbXCJfX2pzb25fbWVzc2FnZVwiLDAsMjUsXCJUaGUgYm9va2luZyBkZXRhaWxzIFxcXCJCb29raW5nRGV0YWlscyBvYmplY3RcXFwiIHdhcyBjaGFuZ2VkIHN1Y2Nlc3NmdWxseS4gWW91IG1heSBlZGl0IGl0IGFnYWluIGJlbG93LlwiXSxbXCJfX2pzb25fbWVzc2FnZVwiLDAsMjUsXCJUaGUgZGFpbHkgcmVtaW5kZXIgXFxcIkRhaWx5UmVtaW5kZXIgb2JqZWN0XFxcIiB3YXMgY2hhbmdlZCBzdWNjZXNzZnVsbHkuIFlvdSBtYXkgZWRpdCBpdCBhZ2FpbiBiZWxvdy5cIl0sW1wiX19qc29uX21lc3NhZ2VcIiwwLDI1LFwiVGhlIGJvb2tpbmcgZGV0YWlscyBcXFwiQm9va2luZ0RldGFpbHMgb2JqZWN0XFxcIiB3YXMgY2hhbmdlZCBzdWNjZXNzZnVsbHkuIFlvdSBtYXkgZWRpdCBpdCBhZ2FpbiBiZWxvdy5cIl0sW1wiX19qc29uX21lc3NhZ2VcIiwwLDI1LFwiVGhlIGNvdXBvbiBcXFwiQ291cG9uIG9iamVjdFxcXCIgd2FzIGFkZGVkIHN1Y2Nlc3NmdWxseS4gWW91IG1heSBlZGl0IGl0IGFnYWluIGJlbG93LlwiXSxbXCJfX2pzb25fbWVzc2FnZVwiLDAsMjUsXCJUaGUgY291cG9uIGZvciBzdHVkaW9zIFxcXCJDb3Vwb25Gb3JTdHVkaW9zIG9iamVjdFxcXCIgd2FzIGFkZGVkIHN1Y2Nlc3NmdWxseS4gWW91IG1heSBlZGl0IGl0IGFnYWluIGJlbG93LlwiXSxbXCJfX2pzb25fbWVzc2FnZVwiLDAsMjUsXCJUaGUgY291cG9uIFxcXCJDb3Vwb24gb2JqZWN0XFxcIiB3YXMgY2hhbmdlZCBzdWNjZXNzZnVsbHkuIFlvdSBtYXkgZWRpdCBpdCBhZ2FpbiBiZWxvdy5cIl0sW1wiX19qc29uX21lc3NhZ2VcIiwwLDI1LFwiVGhlIGNvdXBvbiBcXFwiQ291cG9uIG9iamVjdFxcXCIgd2FzIGNoYW5nZWQgc3VjY2Vzc2Z1bGx5LiBZb3UgbWF5IGVkaXQgaXQgYWdhaW4gYmVsb3cuXCJdLFtcIl9fanNvbl9tZXNzYWdlXCIsMCwyNSxcIlRoZSBjb3Vwb24gXFxcIkNvdXBvbiBvYmplY3RcXFwiIHdhcyBjaGFuZ2VkIHN1Y2Nlc3NmdWxseS4gWW91IG1heSBlZGl0IGl0IGFnYWluIGJlbG93LlwiXSxbXCJfX2pzb25fbWVzc2FnZVwiLDAsMjUsXCJUaGUgYm9va2luZyBkZXRhaWxzIFxcXCJCb29raW5nRGV0YWlscyBvYmplY3RcXFwiIHdhcyBjaGFuZ2VkIHN1Y2Nlc3NmdWxseS4gWW91IG1heSBlZGl0IGl0IGFnYWluIGJlbG93LlwiXSxbXCJfX2pzb25fbWVzc2FnZVwiLDAsMjUsXCJUaGUgY291cG9uIFxcXCJDb3Vwb24gb2JqZWN0XFxcIiB3YXMgY2hhbmdlZCBzdWNjZXNzZnVsbHkuIFlvdSBtYXkgZWRpdCBpdCBhZ2FpbiBiZWxvdy5cIl0sW1wiX19qc29uX21lc3NhZ2VcIiwwLDI1LFwiVGhlIHN0dWRpbyBwcm9maWxlIFxcXCJTdHVkaW9Qcm9maWxlIG9iamVjdFxcXCIgd2FzIGNoYW5nZWQgc3VjY2Vzc2Z1bGx5LiBZb3UgbWF5IGVkaXQgaXQgYWdhaW4gYmVsb3cuXCJdXSJ9"}, "model": "sessions.session", "pk": "xuhcwwi1rdnbci26lp7ennaik5gwoz07"}, {"fields": {"expire_date": "2015-08-02T12:46:28.181Z", "session_data": "YWZkNDQ3ZGYxZmQzYzdhNmEzMDg2NmIyNmU1N2NjZmYyZDViOGVmMzp7Il9hdXRoX3VzZXJfaGFzaCI6IjgyZDk1M2Y5ZjI2ZmJhYWVhZDExNDRiOTUxYjNiZDY1NWM3NjZiM2EiLCJfYXV0aF91c2VyX2JhY2tlbmQiOiJkamFuZ28uY29udHJpYi5hdXRoLmJhY2tlbmRzLk1vZGVsQmFja2VuZCIsIl9hdXRoX3VzZXJfaWQiOjF9"}, "model": "sessions.session", "pk": "xvwppqhht7lcrwfivrvyvnfxhauiy6qi"}, {"fields": {"expire_date": "2015-06-19T14:16:47.484Z", "session_data": "Nzc1NzRmM2Q4NDliYmNlNmQ2YzE5MjRhYzAxMTI2NGVhYWJmODYxNTp7Il9hdXRoX3VzZXJfaGFzaCI6ImQ5MmU4ZWQ5Yjg1NjQxZDJmMTgyYzUyMjZmODcxODg1NDUwNDFkYjgiLCJfYXV0aF91c2VyX2JhY2tlbmQiOiJzb2NpYWwuYmFja2VuZHMuZmFjZWJvb2suRmFjZWJvb2tPQXV0aDIiLCJfYXV0aF91c2VyX2lkIjoyfQ=="}, "model": "sessions.session", "pk": "xxbt21mfnhr83zcagf6nz3z81vezipmq"}, {"fields": {"expire_date": "2015-07-24T14:51:45.793Z", "session_data": "ODMyOWY5MDkwMjlhZGQzMzBhYWMyYmE2OWY2NDYxM2JhZmI3ZDJlZjp7fQ=="}, "model": "sessions.session", "pk": "y3tmykf82ws31alix1kit3hk97z2pwo0"}, {"fields": {"expire_date": "2015-07-25T19:39:07.894Z", "session_data": "ODMyOWY5MDkwMjlhZGQzMzBhYWMyYmE2OWY2NDYxM2JhZmI3ZDJlZjp7fQ=="}, "model": "sessions.session", "pk": "ymbf9bgrwq7v51pdxwm46ey1akjmqkwt"}, {"fields": {"expire_date": "2015-07-25T19:39:08.271Z", "session_data": "ODMyOWY5MDkwMjlhZGQzMzBhYWMyYmE2OWY2NDYxM2JhZmI3ZDJlZjp7fQ=="}, "model": "sessions.session", "pk": "z5pl0v8ne9dvjwiyklnsuifhlpleo5pw"}, {"fields": {"expire_date": "2015-08-11T06:05:36.625Z", "session_data": "Nzc1NzRmM2Q4NDliYmNlNmQ2YzE5MjRhYzAxMTI2NGVhYWJmODYxNTp7Il9hdXRoX3VzZXJfaGFzaCI6ImQ5MmU4ZWQ5Yjg1NjQxZDJmMTgyYzUyMjZmODcxODg1NDUwNDFkYjgiLCJfYXV0aF91c2VyX2JhY2tlbmQiOiJzb2NpYWwuYmFja2VuZHMuZmFjZWJvb2suRmFjZWJvb2tPQXV0aDIiLCJfYXV0aF91c2VyX2lkIjoyfQ=="}, "model": "sessions.session", "pk": "z67d1npmoxkqsoez2jucrqlvs74jy2wt"}, {"fields": {"expire_date": "2015-08-07T18:45:13.952Z", "session_data": "Nzc1NzRmM2Q4NDliYmNlNmQ2YzE5MjRhYzAxMTI2NGVhYWJmODYxNTp7Il9hdXRoX3VzZXJfaGFzaCI6ImQ5MmU4ZWQ5Yjg1NjQxZDJmMTgyYzUyMjZmODcxODg1NDUwNDFkYjgiLCJfYXV0aF91c2VyX2JhY2tlbmQiOiJzb2NpYWwuYmFja2VuZHMuZmFjZWJvb2suRmFjZWJvb2tPQXV0aDIiLCJfYXV0aF91c2VyX2lkIjoyfQ=="}, "model": "sessions.session", "pk": "z7h05alvqw3i5szshdud9py0l581gm7h"}, {"fields": {"expire_date": "2015-08-07T06:27:55.619Z", "session_data": "ODMyOWY5MDkwMjlhZGQzMzBhYWMyYmE2OWY2NDYxM2JhZmI3ZDJlZjp7fQ=="}, "model": "sessions.session", "pk": "z8tsibdg1p2vjj934qqrfz7r19iuvux8"}, {"fields": {"expire_date": "2015-07-24T19:20:51.762Z", "session_data": "ODMyOWY5MDkwMjlhZGQzMzBhYWMyYmE2OWY2NDYxM2JhZmI3ZDJlZjp7fQ=="}, "model": "sessions.session", "pk": "zczy3z6kqelup86c7f6istpmtq2rbc8v"}, {"fields": {"date": "2015-06-14T23:48:06.224Z", "email": "asha@ruku.com"}, "model": "user_accounts.userinvites", "pk": 1}, {"fields": {"date": "2015-06-14T23:49:36.016Z", "email": "vbnetmithun@gmail.com"}, "model": "user_accounts.userinvites", "pk": 2}, {"fields": {"date": "2015-06-14T23:53:55.619Z", "email": "dddfds@ff.com"}, "model": "user_accounts.userinvites", "pk": 3}, {"fields": {"date": "2015-06-14T23:54:43.182Z", "email": "jawahar.ceg@gmail.com"}, "model": "user_accounts.userinvites", "pk": 4}, {"fields": {"date": "2015-06-14T23:55:04.908Z", "email": "ted@ted.com"}, "model": "user_accounts.userinvites", "pk": 5}, {"fields": {"date": "2015-06-15T07:55:49.166Z", "email": "jawahar7.ceg@gmail.com"}, "model": "user_accounts.userinvites", "pk": 6}, {"fields": {"date": "2015-06-15T11:50:16.760Z", "email": "vbnetmithun@gmail.com"}, "model": "user_accounts.userinvites", "pk": 7}, {"fields": {"date": "2015-06-16T07:01:04.549Z", "email": "jawahar7.ceg@gmail.com"}, "model": "user_accounts.userinvites", "pk": 8}, {"fields": {"date": "2015-06-16T07:45:06.905Z", "email": "mithun@gmail.com"}, "model": "user_accounts.userinvites", "pk": 9}, {"fields": {"date": "2015-06-16T07:45:06.905Z", "email": "vbnetmithun@gmail.com"}, "model": "user_accounts.userinvites", "pk": 10}, {"fields": {"date": "2015-06-16T07:45:06.905Z", "email": "ajees.89@gmail.com"}, "model": "user_accounts.userinvites", "pk": 11}, {"fields": {"date": "2015-06-16T07:45:06.905Z", "email": "vbnetmithun@gmail.com"}, "model": "user_accounts.userinvites", "pk": 12}, {"fields": {"date": "2015-06-16T07:45:06.905Z", "email": "rpolsca_sidhuescu_1431772896@tfbnw.net"}, "model": "user_accounts.userinvites", "pk": 13}, {"fields": {"date": "2015-06-16T11:05:45.626Z", "email": "vbnetmithun@gmail.com"}, "model": "user_accounts.userinvites", "pk": 14}, {"fields": {"date": "2015-06-16T11:05:45.626Z", "email": "studio@studio.com"}, "model": "user_accounts.userinvites", "pk": 15}, {"fields": {"date": "2015-06-23T10:48:24.473Z", "email": "vbnetmithun@gmail.com"}, "model": "user_accounts.userinvites", "pk": 16}, {"fields": {"date": "2015-06-23T10:48:24.473Z", "email": "df@gmail.com"}, "model": "user_accounts.userinvites", "pk": 17}, {"fields": {"date": "2015-07-10T14:51:38.660Z", "email": "vbnetmithun@gmail.com"}, "model": "user_accounts.userinvites", "pk": 18}, {"fields": {"date": "2015-07-11T21:59:20.200Z", "email": "vbnetmithun@gmail.com"}, "model": "user_accounts.userinvites", "pk": 19}, {"fields": {"coupon_type": "PERCENT", "is_one_time": false, "is_active": true, "maximum_discount": 200, "coupon_code": "TEST10", "expiry_date": "2015-08-31T00:00:00Z", "for_all_studios": true, "updated_date_time": "2015-07-03T21:33:23Z", "discount_value": 10, "service_updated": "Admin"}, "model": "booking.coupon", "pk": 1}, {"fields": {"coupon_type": "PERCENT", "is_one_time": true, "is_active": true, "maximum_discount": 250, "coupon_code": "NATURALS10", "expiry_date": "2015-09-29T18:30:00Z", "for_all_studios": false, "updated_date_time": "2015-08-28T17:41:44Z", "discount_value": 10, "service_updated": "Admin"}, "model": "booking.coupon", "pk": 2}, {"fields": {"coupon": 1, "is_active": true, "studio": 1, "service_updated": "Admin", "updated_date_time": "2015-07-03T21:58:02Z"}, "model": "booking.couponforstudios", "pk": 1}, {"fields": {"coupon": 2, "is_active": true, "studio": 3, "service_updated": "Admin", "updated_date_time": "2015-08-28T17:41:44Z"}, "model": "booking.couponforstudios", "pk": 2}, {"fields": {"coupon": 2, "is_active": true, "studio": 4, "service_updated": "Admin", "updated_date_time": "2015-08-28T17:41:44Z"}, "model": "booking.couponforstudios", "pk": 3}, {"fields": {"purchase": 47, "rzp_status": "CAPTURE", "refund_id": null, "updated_date_time": "2015-08-04T15:12:15.603Z", "rzp_payment_id": "pay_3hlO9IWuH7QOGt", "service_updated": "new booking"}, "model": "booking.rzpayment", "pk": 1}, {"fields": {"purchase": 48, "rzp_status": "REFUND_INI", "refund_id": "rfnd_3hlS1M0mKoZRL4", "updated_date_time": "2015-08-04T15:16:35.267Z", "rzp_payment_id": "pay_3hlRbPe24111m2", "service_updated": "cancel booking"}, "model": "booking.rzpayment", "pk": 2}, {"fields": {"purchase": 49, "rzp_status": "CAPTURE", "refund_id": null, "updated_date_time": "2015-08-04T15:17:11.282Z", "rzp_payment_id": "pay_3hlUrstBg6x6oe", "service_updated": "new booking"}, "model": "booking.rzpayment", "pk": 3}, {"fields": {"purchase": 50, "rzp_status": "CAPTURE", "refund_id": null, "updated_date_time": "2015-08-04T15:17:11.282Z", "rzp_payment_id": "pay_3hlWh7wSFngG2y", "service_updated": "new booking"}, "model": "booking.rzpayment", "pk": 4}, {"fields": {"purchase": 51, "rzp_status": "CAPTURE", "refund_id": null, "updated_date_time": "2015-08-05T02:05:59.180Z", "rzp_payment_id": "pay_3hwWoVwn7sGCjM", "service_updated": "new booking"}, "model": "booking.rzpayment", "pk": 5}, {"fields": {"purchase": 52, "rzp_status": "REFUND_INI", "refund_id": "rfnd_3kxihwIIuTNYBn", "updated_date_time": "2015-08-12T17:13:39.405Z", "rzp_payment_id": "pay_3hwhlgsWP0HS3V", "service_updated": "cancel booking"}, "model": "booking.rzpayment", "pk": 6}, {"fields": {"purchase": 53, "rzp_status": "CAPTURE", "refund_id": null, "updated_date_time": "2015-08-05T05:38:03.205Z", "rzp_payment_id": "pay_3i0EaFR1gU7dVm", "service_updated": "new booking"}, "model": "booking.rzpayment", "pk": 7}, {"fields": {"purchase": 54, "rzp_status": "CAPTURE", "refund_id": null, "updated_date_time": "2015-08-05T05:38:03.205Z", "rzp_payment_id": "pay_3i0HEa54fRHUAe", "service_updated": "new booking"}, "model": "booking.rzpayment", "pk": 8}, {"fields": {"purchase": 55, "rzp_status": "CAPTURE", "refund_id": null, "updated_date_time": "2015-08-05T05:38:03.205Z", "rzp_payment_id": "pay_3i0QTbAmnBacmG", "service_updated": "new booking"}, "model": "booking.rzpayment", "pk": 9}, {"fields": {"purchase": 56, "rzp_status": "CAPTURE", "refund_id": null, "updated_date_time": "2015-08-05T05:38:03.205Z", "rzp_payment_id": "pay_3i0RBb0ERYT6i9", "service_updated": "new booking"}, "model": "booking.rzpayment", "pk": 10}, {"fields": {"purchase": 57, "rzp_status": "CAPTURE", "refund_id": null, "updated_date_time": "2015-08-05T05:38:03.205Z", "rzp_payment_id": "pay_3i0TYew6NciZ2l", "service_updated": "new booking"}, "model": "booking.rzpayment", "pk": 11}, {"fields": {"purchase": 58, "rzp_status": "REFUND_INI", "refund_id": "rfnd_3i0pAp1TDwjkkF", "updated_date_time": "2015-08-05T06:18:52.772Z", "rzp_payment_id": "pay_3i0UxoA90FHN42", "service_updated": "cancel booking"}, "model": "booking.rzpayment", "pk": 12}, {"fields": {"purchase": 59, "rzp_status": "CAPTURE", "refund_id": null, "updated_date_time": "2015-08-05T05:38:03.205Z", "rzp_payment_id": "pay_3i0X1goXjIoszI", "service_updated": "new booking"}, "model": "booking.rzpayment", "pk": 13}, {"fields": {"purchase": 60, "rzp_status": "REFUND_INI", "refund_id": "rfnd_3i0mGxgMvAI0Ff", "updated_date_time": "2015-08-05T06:16:07.990Z", "rzp_payment_id": "pay_3i0YkoXMzGxicz", "service_updated": "cancel booking"}, "model": "booking.rzpayment", "pk": 14}, {"fields": {"purchase": 61, "rzp_status": "REFUND_INI", "refund_id": "rfnd_3i0n4pBMoYf6zE", "updated_date_time": "2015-08-05T06:16:53.686Z", "rzp_payment_id": "pay_3i0ZfvHlm46Ndn", "service_updated": "cancel booking"}, "model": "booking.rzpayment", "pk": 15}, {"fields": {"purchase": 62, "rzp_status": "REFUND_INI", "refund_id": "rfnd_3i0muPQi8W5vaR", "updated_date_time": "2015-08-05T06:16:44.149Z", "rzp_payment_id": "pay_3i0aTP2SqFAvfH", "service_updated": "cancel booking"}, "model": "booking.rzpayment", "pk": 16}, {"fields": {"purchase": 63, "rzp_status": "REFUND_INI", "refund_id": "rfnd_3i0iPE6Sx31kx1", "updated_date_time": "2015-08-05T06:12:28.393Z", "rzp_payment_id": "pay_3i0dNcAnHyJvGy", "service_updated": "cancel booking"}, "model": "booking.rzpayment", "pk": 17}, {"fields": {"purchase": 64, "rzp_status": "REFUND_INI", "refund_id": "rfnd_3i1qPfM1gwV3iS", "updated_date_time": "2015-08-05T07:18:44.874Z", "rzp_payment_id": "pay_3i0oowR6RLm9sO", "service_updated": "cancel booking"}, "model": "booking.rzpayment", "pk": 18}, {"fields": {"purchase": 65, "rzp_status": "REFUND_INI", "refund_id": "rfnd_3i19o49SbKdpHb", "updated_date_time": "2015-08-05T06:38:24.798Z", "rzp_payment_id": "pay_3i0tCNR0UaUvzO", "service_updated": "cancel booking"}, "model": "booking.rzpayment", "pk": 19}, {"fields": {"purchase": 66, "rzp_status": "CAPTURE", "refund_id": null, "updated_date_time": "2015-08-05T06:19:46.540Z", "rzp_payment_id": "pay_3i2PxQsTqdu1p1", "service_updated": "new booking"}, "model": "booking.rzpayment", "pk": 20}, {"fields": {"purchase": 67, "rzp_status": "CAPTURE", "refund_id": null, "updated_date_time": "2015-08-05T07:59:15.394Z", "rzp_payment_id": "pay_3i2XaasjvYI1OK", "service_updated": "new booking"}, "model": "booking.rzpayment", "pk": 21}, {"fields": {"purchase": 68, "rzp_status": "REFUND_INI", "refund_id": "rfnd_3mVTPmmOzCU3JF", "updated_date_time": "2015-08-16T14:53:45.470Z", "rzp_payment_id": "pay_3i2Y9hr6gti6y2", "service_updated": "cancel booking"}, "model": "booking.rzpayment", "pk": 22}, {"fields": {"purchase": 69, "rzp_status": "CAPTURE", "refund_id": null, "updated_date_time": "2015-08-05T08:00:15.032Z", "rzp_payment_id": "pay_3i2ZaS41JuwOLf", "service_updated": "new booking"}, "model": "booking.rzpayment", "pk": 23}, {"fields": {"purchase": 70, "rzp_status": "CAPTURE", "refund_id": null, "updated_date_time": "2015-08-05T08:00:15.032Z", "rzp_payment_id": "pay_3i2aNVjBv8k6Eq", "service_updated": "new booking"}, "model": "booking.rzpayment", "pk": 24}, {"fields": {"purchase": 71, "rzp_status": "CAPTURE", "refund_id": null, "updated_date_time": "2015-08-05T08:14:40.714Z", "rzp_payment_id": "pay_3i2nguj6PmdJRw", "service_updated": "new booking"}, "model": "booking.rzpayment", "pk": 25}, {"fields": {"purchase": 72, "rzp_status": "REFUND_INI", "refund_id": "rfnd_3m0sER2m8fpyLl", "updated_date_time": "2015-08-15T08:57:45.050Z", "rzp_payment_id": "pay_3i2oObBMKyUuVz", "service_updated": "cancel booking"}, "model": "booking.rzpayment", "pk": 26}, {"fields": {"purchase": 73, "rzp_status": "REFUND_INI", "refund_id": "rfnd_3kxi5HsFdddXtb", "updated_date_time": "2015-08-12T17:13:04.321Z", "rzp_payment_id": "pay_3jKBHobLje5ibJ", "service_updated": "cancel booking"}, "model": "booking.rzpayment", "pk": 27}, {"fields": {"purchase": 74, "rzp_status": "REFUND_INI", "refund_id": "rfnd_3jL84xYuZHuMWt", "updated_date_time": "2015-08-08T14:49:38.283Z", "rzp_payment_id": "pay_3jKDaBig0TrsFE", "service_updated": "cancel booking"}, "model": "booking.rzpayment", "pk": 28}, {"fields": {"purchase": 75, "rzp_status": "CAPTURE", "refund_id": null, "updated_date_time": "2015-08-12T16:24:37.434Z", "rzp_payment_id": "pay_3kyBS6zOAj6YIQ", "service_updated": "new booking"}, "model": "booking.rzpayment", "pk": 29}, {"fields": {"purchase": 76, "rzp_status": "REFUND_INI", "refund_id": "rfnd_3l95puDff1Dhb8", "updated_date_time": "2015-08-13T04:21:09.720Z", "rzp_payment_id": "pay_3l951agziR4nbC", "service_updated": "cancel booking"}, "model": "booking.rzpayment", "pk": 30}, {"fields": {"purchase": 77, "rzp_status": "REFUND_INI", "refund_id": "rfnd_3lyApWCUurXtBW", "updated_date_time": "2015-08-15T06:19:16.737Z", "rzp_payment_id": "pay_3lBXD262Ijq8lQ", "service_updated": "cancel booking"}, "model": "booking.rzpayment", "pk": 31}, {"fields": {"purchase": 78, "rzp_status": "REFUND_INI", "refund_id": "rfnd_3ly61dRRPsDGf2", "updated_date_time": "2015-08-15T06:14:43.852Z", "rzp_payment_id": "pay_3lMvs3XjDtU1Cz", "service_updated": "cancel booking"}, "model": "booking.rzpayment", "pk": 32}, {"fields": {"purchase": 79, "rzp_status": "REFUND_INI", "refund_id": "rfnd_3ly4snlyOVQ8sj", "updated_date_time": "2015-08-15T06:13:39.084Z", "rzp_payment_id": "pay_3lgsXYvewXhOcb", "service_updated": "cancel booking"}, "model": "booking.rzpayment", "pk": 33}, {"fields": {"purchase": 80, "rzp_status": "CAPTURE", "refund_id": null, "updated_date_time": "2015-08-14T17:33:39.297Z", "rzp_payment_id": "pay_3lmMl9uKQKrOYn", "service_updated": "new booking"}, "model": "booking.rzpayment", "pk": 34}, {"fields": {"purchase": 81, "rzp_status": "REFUND_INI", "refund_id": "rfnd_3ly4Jp7fuQjcma", "updated_date_time": "2015-08-15T06:13:07.117Z", "rzp_payment_id": "pay_3ln47RNPp4uHO9", "service_updated": "cancel booking"}, "model": "booking.rzpayment", "pk": 35}, {"fields": {"purchase": 82, "rzp_status": "REFUND_INI", "refund_id": "rfnd_3mPcS70dJJQJOw", "updated_date_time": "2015-08-16T09:10:10.091Z", "rzp_payment_id": "pay_3m7WR1tgcMcwcK", "service_updated": "cancel booking"}, "model": "booking.rzpayment", "pk": 36}, {"fields": {"purchase": 83, "rzp_status": "CAPTURE", "refund_id": null, "updated_date_time": "2015-08-15T17:34:10.904Z", "rzp_payment_id": "pay_3m9obeyOvJ1Xp5", "service_updated": "new booking"}, "model": "booking.rzpayment", "pk": 37}, {"fields": {"purchase": 84, "rzp_status": "REFUND_INI", "refund_id": "rfnd_3mAVcZzC3ERdc2", "updated_date_time": "2015-08-15T18:23:15.895Z", "rzp_payment_id": "pay_3mAT7U6GAKJ5ks", "service_updated": "cancel booking"}, "model": "booking.rzpayment", "pk": 38}, {"fields": {"purchase": 85, "rzp_status": "CAPTURE", "refund_id": null, "updated_date_time": "2015-08-16T03:40:29.880Z", "rzp_payment_id": "pay_3mK1fo6NMhVFHJ", "service_updated": "new booking"}, "model": "booking.rzpayment", "pk": 39}, {"fields": {"purchase": 86, "rzp_status": "CAPTURE", "refund_id": null, "updated_date_time": "2015-08-16T15:53:25.488Z", "rzp_payment_id": "pay_3mY0xGdkmCFBvm", "service_updated": "new booking"}, "model": "booking.rzpayment", "pk": 40}, {"fields": {"purchase": 87, "rzp_status": "CAPTURE", "refund_id": null, "updated_date_time": "2015-08-16T15:53:25.488Z", "rzp_payment_id": "pay_3mY4hmW88SGkSW", "service_updated": "new booking"}, "model": "booking.rzpayment", "pk": 41}, {"fields": {"purchase": 88, "rzp_status": "CAPTURE", "refund_id": null, "updated_date_time": "2015-08-16T15:53:25.488Z", "rzp_payment_id": "pay_3mY87CfhZEYOHu", "service_updated": "new booking"}, "model": "booking.rzpayment", "pk": 42}, {"fields": {"purchase": 89, "rzp_status": "CAPTURE", "refund_id": null, "updated_date_time": "2015-08-16T15:53:25.488Z", "rzp_payment_id": "pay_3mY9iRo3NOjyTO", "service_updated": "new booking"}, "model": "booking.rzpayment", "pk": 43}, {"fields": {"purchase": 90, "rzp_status": "CAPTURE", "refund_id": null, "updated_date_time": "2015-08-16T15:53:25.488Z", "rzp_payment_id": "pay_3mYAxqYYBUKvXN", "service_updated": "new booking"}, "model": "booking.rzpayment", "pk": 44}, {"fields": {"purchase": 91, "rzp_status": "CAPTURE", "refund_id": null, "updated_date_time": "2015-08-16T15:53:25.488Z", "rzp_payment_id": "pay_3mYCjPlif5k4Gx", "service_updated": "new booking"}, "model": "booking.rzpayment", "pk": 45}, {"fields": {"purchase": 92, "rzp_status": "CAPTURE", "refund_id": null, "updated_date_time": "2015-08-17T19:02:59.494Z", "rzp_payment_id": "pay_3mz8U0iLjgnoZD", "service_updated": "new booking"}, "model": "booking.rzpayment", "pk": 46}, {"fields": {"purchase": 93, "rzp_status": "CAPTURE", "refund_id": null, "updated_date_time": "2015-08-17T20:36:28.952Z", "rzp_payment_id": "pay_3mzqjPiApnOPJw", "service_updated": "new booking"}, "model": "booking.rzpayment", "pk": 47}, {"fields": {"purchase": 94, "rzp_status": "CAPTURE", "refund_id": null, "updated_date_time": "2015-08-17T20:45:04.859Z", "rzp_payment_id": "pay_3mzzmWKybxcoGs", "service_updated": "new booking"}, "model": "booking.rzpayment", "pk": 48}, {"fields": {"purchase": 95, "rzp_status": "CAPTURE", "refund_id": null, "updated_date_time": "2015-08-17T20:46:40.067Z", "rzp_payment_id": "pay_3n03f07KUjwxmm", "service_updated": "new booking"}, "model": "booking.rzpayment", "pk": 49}, {"fields": {"purchase": 96, "rzp_status": "CAPTURE", "refund_id": null, "updated_date_time": "2015-08-17T20:53:39.324Z", "rzp_payment_id": "pay_3n096Qsu8ziz7F", "service_updated": "new booking"}, "model": "booking.rzpayment", "pk": 50}, {"fields": {"purchase": 97, "rzp_status": "CAPTURE", "refund_id": null, "updated_date_time": "2015-08-17T20:53:39.324Z", "rzp_payment_id": "pay_3n0AaxU00atRXJ", "service_updated": "new booking"}, "model": "booking.rzpayment", "pk": 51}, {"fields": {"purchase": 98, "rzp_status": "REFUND_INI", "refund_id": "rfnd_3n10FdNG6HL0lJ", "updated_date_time": "2015-08-17T21:44:19.185Z", "rzp_payment_id": "pay_3n0BaJlXXUcv5S", "service_updated": "cancel booking"}, "model": "booking.rzpayment", "pk": 52}, {"fields": {"purchase": 99, "rzp_status": "REFUND_INI", "refund_id": "rfnd_3q7KH1h19hWPBZ", "updated_date_time": "2015-08-25T17:52:28.371Z", "rzp_payment_id": "pay_3n0J0DFm1Ev9hf", "service_updated": "cancel booking"}, "model": "booking.rzpayment", "pk": 53}, {"fields": {"purchase": 100, "rzp_status": "REFUND_INI", "refund_id": "rfnd_3n0mdoC9QSFo7S", "updated_date_time": "2015-08-17T21:31:26.053Z", "rzp_payment_id": "pay_3n0TYEoKfbE3Cl", "service_updated": "cancel booking"}, "model": "booking.rzpayment", "pk": 54}, {"fields": {"purchase": 101, "rzp_status": "CAPTURE", "refund_id": null, "updated_date_time": "2015-08-17T21:14:59.311Z", "rzp_payment_id": "pay_3n0ViseaElhn0R", "service_updated": "new booking"}, "model": "booking.rzpayment", "pk": 55}, {"fields": {"purchase": 102, "rzp_status": "REFUND_INI", "refund_id": "rfnd_3nLJTGHsfbkQoE", "updated_date_time": "2015-08-18T17:36:25.851Z", "rzp_payment_id": "pay_3nLHTkU5GlcO7u", "service_updated": "cancel booking"}, "model": "booking.rzpayment", "pk": 56}, {"fields": {"purchase": 103, "rzp_status": "REFUND_INI", "refund_id": "rfnd_3pjSJ4NKee6Rxb", "updated_date_time": "2015-08-24T18:31:14.775Z", "rzp_payment_id": "pay_3nLbTUnvAXdQri", "service_updated": "cancel booking"}, "model": "booking.rzpayment", "pk": 57}, {"fields": {"purchase": 104, "rzp_status": "CAPTURE", "refund_id": null, "updated_date_time": "2015-08-18T17:28:24.964Z", "rzp_payment_id": "pay_3nMQq9l7bE9f0X", "service_updated": "new booking"}, "model": "booking.rzpayment", "pk": 58}, {"fields": {"purchase": 105, "rzp_status": "CAPTURE", "refund_id": null, "updated_date_time": "2015-08-23T15:09:20.711Z", "rzp_payment_id": "pay_3pjRokcjv1fauD", "service_updated": "new booking"}, "model": "booking.rzpayment", "pk": 59}, {"fields": {"purchase": 106, "rzp_status": "REFUND_INI", "refund_id": "rfnd_3q8qkPC2Y1mlQD", "updated_date_time": "2015-08-25T19:21:54.307Z", "rzp_payment_id": "pay_3q8hAfCsejuVl5", "service_updated": "cancel booking"}, "model": "booking.rzpayment", "pk": 60}, {"fields": {"purchase": 107, "rzp_status": "REFUND_INI", "refund_id": "rfnd_3q8qJMDExIErsL", "updated_date_time": "2015-08-25T19:21:29.501Z", "rzp_payment_id": "pay_3q8m4q9mv6guOh", "service_updated": "cancel booking"}, "model": "booking.rzpayment", "pk": 61}, {"fields": {"purchase": 108, "rzp_status": "REFUND_INI", "refund_id": "rfnd_3qWBgFPhMLVkFl", "updated_date_time": "2015-08-26T18:11:40.511Z", "rzp_payment_id": "pay_3qWBBl3f4XNXor", "service_updated": "cancel booking"}, "model": "booking.rzpayment", "pk": 62}, {"fields": {"purchase": 109, "rzp_status": "CAPTURE", "refund_id": null, "updated_date_time": "2015-08-27T11:41:27.550Z", "rzp_payment_id": "pay_3qoN83EggOpvoJ", "service_updated": "new booking"}, "model": "booking.rzpayment", "pk": 63}, {"fields": {"purchase": 110, "rzp_status": "CAPTURE", "refund_id": null, "updated_date_time": "2015-08-27T17:58:16.356Z", "rzp_payment_id": "pay_3quiTOEFfevC2Q", "service_updated": "new booking"}, "model": "booking.rzpayment", "pk": 64}, {"fields": {"purchase": 111, "rzp_status": "REFUND_INI", "refund_id": "rfnd_3qvSNDKKDBMF1p", "updated_date_time": "2015-08-27T18:54:49.220Z", "rzp_payment_id": "pay_3qvObIBFCb8BxK", "service_updated": "cancel booking"}, "model": "booking.rzpayment", "pk": 65}, {"fields": {"purchase": 112, "rzp_status": "CAPTURE", "refund_id": null, "updated_date_time": "2015-08-28T17:01:46.323Z", "rzp_payment_id": "pay_3rIDxSVm2TLjvH", "service_updated": "new booking"}, "model": "booking.rzpayment", "pk": 66}, {"fields": {"purchase": 113, "rzp_status": "REFUND_INI", "refund_id": "rfnd_3rJAKmVtQ69J2C", "updated_date_time": "2015-08-28T18:06:23.507Z", "rzp_payment_id": "pay_3rJ9o7KrhD8gjD", "service_updated": "cancel booking"}, "model": "booking.rzpayment", "pk": 67}, {"fields": {"purchase": 114, "rzp_status": "CAPTURE", "refund_id": null, "updated_date_time": "2015-08-28T18:17:28.432Z", "rzp_payment_id": "pay_3rJPPsprF69qNA", "service_updated": "new booking"}, "model": "booking.rzpayment", "pk": 68}, {"fields": {"purchase": 115, "rzp_status": "CAPTURE", "refund_id": null, "updated_date_time": "2015-08-28T18:29:38.167Z", "rzp_payment_id": "pay_3rJZCrKV8Oj412", "service_updated": "new booking"}, "model": "booking.rzpayment", "pk": 69}, {"fields": {"purchase": 116, "rzp_status": "REFUND_INI", "refund_id": "rfnd_3rugmS9RrCdruc", "updated_date_time": "2015-08-30T06:48:46.074Z", "rzp_payment_id": "pay_3rufMpt0itK7tB", "service_updated": "cancel booking"}, "model": "booking.rzpayment", "pk": 70}, {"fields": {"purchase": 117, "rzp_status": "CAPTURE", "refund_id": null, "updated_date_time": "2015-08-30T06:18:45.838Z", "rzp_payment_id": "pay_3rws1alGwPWtIL", "service_updated": "new booking"}, "model": "booking.rzpayment", "pk": 71}, {"fields": {"purchase": 118, "rzp_status": "CAPTURE", "refund_id": null, "updated_date_time": "2015-08-30T06:18:45.838Z", "rzp_payment_id": "pay_3rx0dRhn1EARbM", "service_updated": "new booking"}, "model": "booking.rzpayment", "pk": 72}, {"fields": {"purchase": 119, "rzp_status": "CAPTURE", "refund_id": null, "updated_date_time": "2015-08-30T06:18:45.838Z", "rzp_payment_id": "pay_3ry0Ba0UZbqy3v", "service_updated": "new booking"}, "model": "booking.rzpayment", "pk": 73}, {"fields": {"is_successful": true, "updated_date_time": "2015-06-30T07:30:27.233Z", "type_of_message": "book", "mode": "email", "message": null, "service_updated": "new booking", "booking": 4}, "model": "booking.bookedmessagesent", "pk": 1}, {"fields": {"is_successful": true, "updated_date_time": "2015-06-30T07:30:27.233Z", "type_of_message": "book", "mode": "email", "message": null, "service_updated": "new booking", "booking": 5}, "model": "booking.bookedmessagesent", "pk": 2}, {"fields": {"is_successful": true, "updated_date_time": "2015-07-02T11:37:50.197Z", "type_of_message": "book", "mode": "sms", "message": "", "service_updated": "booking confirmed", "booking": 7}, "model": "booking.bookedmessagesent", "pk": 3}, {"fields": {"is_successful": true, "updated_date_time": "2015-07-02T11:48:56.628Z", "type_of_message": "book", "mode": "email", "message": null, "service_updated": "new booking", "booking": 7}, "model": "booking.bookedmessagesent", "pk": 4}, {"fields": {"is_successful": false, "updated_date_time": "2015-07-05T10:09:21.382Z", "type_of_message": "book", "mode": "sms", "message": "", "service_updated": "new booking", "booking": 8}, "model": "booking.bookedmessagesent", "pk": 5}, {"fields": {"is_successful": true, "updated_date_time": "2015-07-06T12:43:49.152Z", "type_of_message": "book", "mode": "sms", "message": "", "service_updated": "booking confirmed", "booking": 9}, "model": "booking.bookedmessagesent", "pk": 6}, {"fields": {"is_successful": true, "updated_date_time": "2015-07-06T12:46:46.058Z", "type_of_message": "book", "mode": "email", "message": null, "service_updated": "new booking", "booking": 9}, "model": "booking.bookedmessagesent", "pk": 7}, {"fields": {"is_successful": true, "updated_date_time": "2015-07-06T12:47:39.613Z", "type_of_message": "book", "mode": "sms", "message": "", "service_updated": "booking confirmed", "booking": 10}, "model": "booking.bookedmessagesent", "pk": 8}, {"fields": {"is_successful": true, "updated_date_time": "2015-07-06T12:47:39.613Z", "type_of_message": "book", "mode": "email", "message": null, "service_updated": "new booking", "booking": 10}, "model": "booking.bookedmessagesent", "pk": 9}, {"fields": {"is_successful": true, "updated_date_time": "2015-07-06T12:54:22.981Z", "type_of_message": "book", "mode": "sms", "message": "", "service_updated": "booking confirmed", "booking": 11}, "model": "booking.bookedmessagesent", "pk": 10}, {"fields": {"is_successful": true, "updated_date_time": "2015-07-06T12:54:22.981Z", "type_of_message": "book", "mode": "email", "message": null, "service_updated": "new booking", "booking": 11}, "model": "booking.bookedmessagesent", "pk": 11}, {"fields": {"is_successful": true, "updated_date_time": "2015-07-06T12:57:48.404Z", "type_of_message": "book", "mode": "sms", "message": "", "service_updated": "booking confirmed", "booking": 12}, "model": "booking.bookedmessagesent", "pk": 12}, {"fields": {"is_successful": true, "updated_date_time": "2015-07-06T12:57:48.404Z", "type_of_message": "book", "mode": "email", "message": null, "service_updated": "new booking", "booking": 12}, "model": "booking.bookedmessagesent", "pk": 13}, {"fields": {"is_successful": true, "updated_date_time": "2015-07-13T23:10:39.475Z", "type_of_message": "book", "mode": "sms", "message": "", "service_updated": "booking confirmed", "booking": 13}, "model": "booking.bookedmessagesent", "pk": 14}, {"fields": {"is_successful": true, "updated_date_time": "2015-07-13T23:12:19.277Z", "type_of_message": "book", "mode": "email", "message": null, "service_updated": "new booking", "booking": 13}, "model": "booking.bookedmessagesent", "pk": 15}, {"fields": {"is_successful": false, "updated_date_time": "2015-07-24T06:33:27.960Z", "type_of_message": "book", "mode": "sms", "message": "", "service_updated": "new booking", "booking": 14}, "model": "booking.bookedmessagesent", "pk": 16}, {"fields": {"is_successful": false, "updated_date_time": "2015-07-24T06:34:20.430Z", "type_of_message": "book", "mode": "sms", "message": "", "service_updated": "new booking", "booking": 15}, "model": "booking.bookedmessagesent", "pk": 17}, {"fields": {"is_successful": false, "updated_date_time": "2015-07-24T06:36:03.293Z", "type_of_message": "book", "mode": "sms", "message": "", "service_updated": "new booking", "booking": 16}, "model": "booking.bookedmessagesent", "pk": 18}, {"fields": {"is_successful": false, "updated_date_time": "2015-07-24T06:36:52.787Z", "type_of_message": "book", "mode": "sms", "message": "", "service_updated": "new booking", "booking": 17}, "model": "booking.bookedmessagesent", "pk": 19}, {"fields": {"is_successful": false, "updated_date_time": "2015-07-24T06:37:24.873Z", "type_of_message": "book", "mode": "sms", "message": "", "service_updated": "new booking", "booking": 18}, "model": "booking.bookedmessagesent", "pk": 20}, {"fields": {"is_successful": false, "updated_date_time": "2015-07-24T06:38:11.250Z", "type_of_message": "book", "mode": "sms", "message": "", "service_updated": "new booking", "booking": 19}, "model": "booking.bookedmessagesent", "pk": 21}, {"fields": {"is_successful": false, "updated_date_time": "2015-07-24T06:48:55.755Z", "type_of_message": "book", "mode": "sms", "message": "", "service_updated": "new booking", "booking": 20}, "model": "booking.bookedmessagesent", "pk": 22}, {"fields": {"is_successful": false, "updated_date_time": "2015-08-02T04:01:15.835Z", "type_of_message": "book", "mode": "sms", "message": "", "service_updated": "new booking", "booking": 21}, "model": "booking.bookedmessagesent", "pk": 23}, {"fields": {"is_successful": false, "updated_date_time": "2015-08-02T04:22:59.797Z", "type_of_message": "book", "mode": "sms", "message": "", "service_updated": "new booking", "booking": 22}, "model": "booking.bookedmessagesent", "pk": 24}, {"fields": {"is_successful": false, "updated_date_time": "2015-08-02T04:35:31.269Z", "type_of_message": "book", "mode": "sms", "message": "", "service_updated": "new booking", "booking": 23}, "model": "booking.bookedmessagesent", "pk": 25}, {"fields": {"is_successful": false, "updated_date_time": "2015-08-02T04:35:31.269Z", "type_of_message": "book", "mode": "sms", "message": "", "service_updated": "new booking", "booking": 24}, "model": "booking.bookedmessagesent", "pk": 26}, {"fields": {"is_successful": false, "updated_date_time": "2015-08-02T04:35:31.269Z", "type_of_message": "book", "mode": "sms", "message": "", "service_updated": "new booking", "booking": 25}, "model": "booking.bookedmessagesent", "pk": 27}, {"fields": {"is_successful": false, "updated_date_time": "2015-08-02T04:35:31.269Z", "type_of_message": "book", "mode": "sms", "message": "", "service_updated": "new booking", "booking": 26}, "model": "booking.bookedmessagesent", "pk": 28}, {"fields": {"is_successful": false, "updated_date_time": "2015-08-02T04:35:31.269Z", "type_of_message": "book", "mode": "sms", "message": "", "service_updated": "new booking", "booking": 27}, "model": "booking.bookedmessagesent", "pk": 29}, {"fields": {"is_successful": false, "updated_date_time": "2015-08-02T04:35:31.269Z", "type_of_message": "book", "mode": "sms", "message": "", "service_updated": "new booking", "booking": 28}, "model": "booking.bookedmessagesent", "pk": 30}, {"fields": {"is_successful": false, "updated_date_time": "2015-08-02T04:35:31.269Z", "type_of_message": "book", "mode": "sms", "message": "", "service_updated": "new booking", "booking": 29}, "model": "booking.bookedmessagesent", "pk": 31}, {"fields": {"is_successful": false, "updated_date_time": "2015-08-02T10:26:19.043Z", "type_of_message": "book", "mode": "sms", "message": "", "service_updated": "new booking", "booking": 30}, "model": "booking.bookedmessagesent", "pk": 32}, {"fields": {"is_successful": false, "updated_date_time": "2015-08-02T17:21:58.808Z", "type_of_message": "book", "mode": "sms", "message": "", "service_updated": "new booking", "booking": 31}, "model": "booking.bookedmessagesent", "pk": 33}, {"fields": {"is_successful": false, "updated_date_time": "2015-08-02T17:54:21.756Z", "type_of_message": "book", "mode": "sms", "message": "", "service_updated": "new booking", "booking": 32}, "model": "booking.bookedmessagesent", "pk": 34}, {"fields": {"is_successful": false, "updated_date_time": "2015-08-02T17:55:20.220Z", "type_of_message": "book", "mode": "sms", "message": "", "service_updated": "new booking", "booking": 33}, "model": "booking.bookedmessagesent", "pk": 35}, {"fields": {"is_successful": false, "updated_date_time": "2015-08-02T18:02:22.458Z", "type_of_message": "book", "mode": "sms", "message": "", "service_updated": "new booking", "booking": 34}, "model": "booking.bookedmessagesent", "pk": 36}, {"fields": {"is_successful": false, "updated_date_time": "2015-08-03T17:28:04.949Z", "type_of_message": "book", "mode": "sms", "message": "", "service_updated": "new booking", "booking": 35}, "model": "booking.bookedmessagesent", "pk": 37}, {"fields": {"is_successful": false, "updated_date_time": "2015-08-03T17:28:04.949Z", "type_of_message": "book", "mode": "sms", "message": "", "service_updated": "new booking", "booking": 36}, "model": "booking.bookedmessagesent", "pk": 38}, {"fields": {"is_successful": false, "updated_date_time": "2015-08-03T17:40:49.350Z", "type_of_message": "book", "mode": "sms", "message": "", "service_updated": "new booking", "booking": 37}, "model": "booking.bookedmessagesent", "pk": 39}, {"fields": {"is_successful": false, "updated_date_time": "2015-08-04T06:56:46.178Z", "type_of_message": "book", "mode": "sms", "message": "", "service_updated": "new booking", "booking": 38}, "model": "booking.bookedmessagesent", "pk": 40}, {"fields": {"is_successful": false, "updated_date_time": "2015-08-04T07:06:05.816Z", "type_of_message": "book", "mode": "sms", "message": "", "service_updated": "new booking", "booking": 39}, "model": "booking.bookedmessagesent", "pk": 41}, {"fields": {"is_successful": false, "updated_date_time": "2015-08-04T07:06:05.816Z", "type_of_message": "book", "mode": "sms", "message": "", "service_updated": "new booking", "booking": 40}, "model": "booking.bookedmessagesent", "pk": 42}, {"fields": {"is_successful": false, "updated_date_time": "2015-08-04T07:30:04.670Z", "type_of_message": "book", "mode": "sms", "message": "", "service_updated": "new booking", "booking": 41}, "model": "booking.bookedmessagesent", "pk": 43}, {"fields": {"is_successful": false, "updated_date_time": "2015-08-04T07:35:03.126Z", "type_of_message": "book", "mode": "sms", "message": "", "service_updated": "new booking", "booking": 42}, "model": "booking.bookedmessagesent", "pk": 44}, {"fields": {"is_successful": false, "updated_date_time": "2015-08-04T07:43:46.932Z", "type_of_message": "book", "mode": "sms", "message": "", "service_updated": "new booking", "booking": 43}, "model": "booking.bookedmessagesent", "pk": 45}, {"fields": {"is_successful": true, "updated_date_time": "2015-08-04T14:18:55.634Z", "type_of_message": "book", "mode": "sms", "message": "", "service_updated": "booking confirmed", "booking": 44}, "model": "booking.bookedmessagesent", "pk": 46}, {"fields": {"is_successful": true, "updated_date_time": "2015-08-04T14:18:55.634Z", "type_of_message": "book", "mode": "email", "message": null, "service_updated": "new booking", "booking": 44}, "model": "booking.bookedmessagesent", "pk": 47}, {"fields": {"is_successful": true, "updated_date_time": "2015-08-04T14:18:55.634Z", "type_of_message": "book", "mode": "sms", "message": "", "service_updated": "booking confirmed", "booking": 45}, "model": "booking.bookedmessagesent", "pk": 48}, {"fields": {"is_successful": true, "updated_date_time": "2015-08-04T14:18:55.634Z", "type_of_message": "book", "mode": "email", "message": null, "service_updated": "new booking", "booking": 45}, "model": "booking.bookedmessagesent", "pk": 49}, {"fields": {"is_successful": true, "updated_date_time": "2015-08-04T14:53:21.993Z", "type_of_message": "book", "mode": "sms", "message": "", "service_updated": "booking confirmed", "booking": 46}, "model": "booking.bookedmessagesent", "pk": 50}, {"fields": {"is_successful": true, "updated_date_time": "2015-08-04T14:53:21.993Z", "type_of_message": "book", "mode": "email", "message": null, "service_updated": "new booking", "booking": 46}, "model": "booking.bookedmessagesent", "pk": 51}, {"fields": {"is_successful": true, "updated_date_time": "2015-08-04T14:53:21.993Z", "type_of_message": "book", "mode": "sms", "message": "", "service_updated": "booking confirmed", "booking": 47}, "model": "booking.bookedmessagesent", "pk": 52}, {"fields": {"is_successful": true, "updated_date_time": "2015-08-04T14:53:21.993Z", "type_of_message": "book", "mode": "email", "message": null, "service_updated": "new booking", "booking": 47}, "model": "booking.bookedmessagesent", "pk": 53}, {"fields": {"is_successful": true, "updated_date_time": "2015-08-04T15:12:15.604Z", "type_of_message": "book", "mode": "sms", "message": "", "service_updated": "booking confirmed", "booking": 48}, "model": "booking.bookedmessagesent", "pk": 54}, {"fields": {"is_successful": true, "updated_date_time": "2015-08-04T15:12:15.604Z", "type_of_message": "book", "mode": "email", "message": null, "service_updated": "new booking", "booking": 48}, "model": "booking.bookedmessagesent", "pk": 55}, {"fields": {"is_successful": true, "updated_date_time": "2015-08-04T15:15:19.567Z", "type_of_message": "book", "mode": "sms", "message": "", "service_updated": "booking confirmed", "booking": 49}, "model": "booking.bookedmessagesent", "pk": 56}, {"fields": {"is_successful": true, "updated_date_time": "2015-08-04T15:15:19.567Z", "type_of_message": "book", "mode": "email", "message": null, "service_updated": "new booking", "booking": 49}, "model": "booking.bookedmessagesent", "pk": 57}, {"fields": {"is_successful": true, "updated_date_time": "2015-08-04T15:17:11.284Z", "type_of_message": "book", "mode": "sms", "message": "", "service_updated": "booking confirmed", "booking": 50}, "model": "booking.bookedmessagesent", "pk": 58}, {"fields": {"is_successful": true, "updated_date_time": "2015-08-04T15:17:11.284Z", "type_of_message": "book", "mode": "email", "message": null, "service_updated": "new booking", "booking": 50}, "model": "booking.bookedmessagesent", "pk": 59}, {"fields": {"is_successful": true, "updated_date_time": "2015-08-04T15:17:11.284Z", "type_of_message": "book", "mode": "sms", "message": "", "service_updated": "booking confirmed", "booking": 51}, "model": "booking.bookedmessagesent", "pk": 60}, {"fields": {"is_successful": true, "updated_date_time": "2015-08-04T15:17:11.284Z", "type_of_message": "book", "mode": "email", "message": null, "service_updated": "new booking", "booking": 51}, "model": "booking.bookedmessagesent", "pk": 61}, {"fields": {"is_successful": true, "updated_date_time": "2015-08-05T02:05:59.181Z", "type_of_message": "book", "mode": "sms", "message": "", "service_updated": "booking confirmed", "booking": 52}, "model": "booking.bookedmessagesent", "pk": 62}, {"fields": {"is_successful": true, "updated_date_time": "2015-08-05T02:05:59.181Z", "type_of_message": "book", "mode": "email", "message": null, "service_updated": "new booking", "booking": 52}, "model": "booking.bookedmessagesent", "pk": 63}, {"fields": {"is_successful": true, "updated_date_time": "2015-08-05T02:10:06.968Z", "type_of_message": "book", "mode": "sms", "message": "", "service_updated": "booking confirmed", "booking": 53}, "model": "booking.bookedmessagesent", "pk": 64}, {"fields": {"is_successful": true, "updated_date_time": "2015-08-05T02:10:06.968Z", "type_of_message": "book", "mode": "email", "message": null, "service_updated": "new booking", "booking": 53}, "model": "booking.bookedmessagesent", "pk": 65}, {"fields": {"is_successful": true, "updated_date_time": "2015-08-05T05:38:03.207Z", "type_of_message": "book", "mode": "sms", "message": "", "service_updated": "booking confirmed", "booking": 54}, "model": "booking.bookedmessagesent", "pk": 66}, {"fields": {"is_successful": true, "updated_date_time": "2015-08-05T05:38:03.207Z", "type_of_message": "book", "mode": "email", "message": null, "service_updated": "new booking", "booking": 54}, "model": "booking.bookedmessagesent", "pk": 67}, {"fields": {"is_successful": true, "updated_date_time": "2015-08-05T05:38:03.207Z", "type_of_message": "book", "mode": "sms", "message": "", "service_updated": "booking confirmed", "booking": 55}, "model": "booking.bookedmessagesent", "pk": 68}, {"fields": {"is_successful": true, "updated_date_time": "2015-08-05T05:38:03.207Z", "type_of_message": "book", "mode": "email", "message": null, "service_updated": "new booking", "booking": 55}, "model": "booking.bookedmessagesent", "pk": 69}, {"fields": {"is_successful": true, "updated_date_time": "2015-08-05T05:38:03.207Z", "type_of_message": "book", "mode": "sms", "message": "", "service_updated": "booking confirmed", "booking": 56}, "model": "booking.bookedmessagesent", "pk": 70}, {"fields": {"is_successful": true, "updated_date_time": "2015-08-05T05:38:03.207Z", "type_of_message": "book", "mode": "email", "message": null, "service_updated": "new booking", "booking": 56}, "model": "booking.bookedmessagesent", "pk": 71}, {"fields": {"is_successful": true, "updated_date_time": "2015-08-05T05:38:03.207Z", "type_of_message": "book", "mode": "sms", "message": "", "service_updated": "booking confirmed", "booking": 57}, "model": "booking.bookedmessagesent", "pk": 72}, {"fields": {"is_successful": true, "updated_date_time": "2015-08-05T05:38:03.207Z", "type_of_message": "book", "mode": "email", "message": null, "service_updated": "new booking", "booking": 57}, "model": "booking.bookedmessagesent", "pk": 73}, {"fields": {"is_successful": true, "updated_date_time": "2015-08-05T05:38:03.207Z", "type_of_message": "book", "mode": "sms", "message": "", "service_updated": "booking confirmed", "booking": 58}, "model": "booking.bookedmessagesent", "pk": 74}, {"fields": {"is_successful": true, "updated_date_time": "2015-08-05T05:38:03.207Z", "type_of_message": "book", "mode": "email", "message": null, "service_updated": "new booking", "booking": 58}, "model": "booking.bookedmessagesent", "pk": 75}, {"fields": {"is_successful": true, "updated_date_time": "2015-08-05T05:38:03.207Z", "type_of_message": "book", "mode": "sms", "message": "", "service_updated": "booking confirmed", "booking": 59}, "model": "booking.bookedmessagesent", "pk": 76}, {"fields": {"is_successful": true, "updated_date_time": "2015-08-05T05:38:03.207Z", "type_of_message": "book", "mode": "email", "message": null, "service_updated": "new booking", "booking": 59}, "model": "booking.bookedmessagesent", "pk": 77}, {"fields": {"is_successful": true, "updated_date_time": "2015-08-05T05:38:03.207Z", "type_of_message": "book", "mode": "sms", "message": "", "service_updated": "booking confirmed", "booking": 60}, "model": "booking.bookedmessagesent", "pk": 78}, {"fields": {"is_successful": true, "updated_date_time": "2015-08-05T05:38:03.207Z", "type_of_message": "book", "mode": "email", "message": null, "service_updated": "new booking", "booking": 60}, "model": "booking.bookedmessagesent", "pk": 79}, {"fields": {"is_successful": true, "updated_date_time": "2015-08-05T05:38:03.207Z", "type_of_message": "book", "mode": "sms", "message": "", "service_updated": "booking confirmed", "booking": 61}, "model": "booking.bookedmessagesent", "pk": 80}, {"fields": {"is_successful": true, "updated_date_time": "2015-08-05T05:38:03.207Z", "type_of_message": "book", "mode": "email", "message": null, "service_updated": "new booking", "booking": 61}, "model": "booking.bookedmessagesent", "pk": 81}, {"fields": {"is_successful": true, "updated_date_time": "2015-08-05T05:38:03.207Z", "type_of_message": "book", "mode": "sms", "message": "", "service_updated": "booking confirmed", "booking": 62}, "model": "booking.bookedmessagesent", "pk": 82}, {"fields": {"is_successful": true, "updated_date_time": "2015-08-05T05:38:03.207Z", "type_of_message": "book", "mode": "email", "message": null, "service_updated": "new booking", "booking": 62}, "model": "booking.bookedmessagesent", "pk": 83}, {"fields": {"is_successful": true, "updated_date_time": "2015-08-05T05:38:03.207Z", "type_of_message": "book", "mode": "sms", "message": "", "service_updated": "booking confirmed", "booking": 63}, "model": "booking.bookedmessagesent", "pk": 84}, {"fields": {"is_successful": true, "updated_date_time": "2015-08-05T05:38:03.207Z", "type_of_message": "book", "mode": "email", "message": null, "service_updated": "new booking", "booking": 63}, "model": "booking.bookedmessagesent", "pk": 85}, {"fields": {"is_successful": true, "updated_date_time": "2015-08-05T05:38:03.207Z", "type_of_message": "book", "mode": "sms", "message": "", "service_updated": "booking confirmed", "booking": 64}, "model": "booking.bookedmessagesent", "pk": 86}, {"fields": {"is_successful": true, "updated_date_time": "2015-08-05T05:38:03.207Z", "type_of_message": "book", "mode": "email", "message": null, "service_updated": "new booking", "booking": 64}, "model": "booking.bookedmessagesent", "pk": 87}, {"fields": {"is_successful": true, "updated_date_time": "2015-08-05T05:38:03.207Z", "type_of_message": "book", "mode": "sms", "message": "", "service_updated": "booking confirmed", "booking": 65}, "model": "booking.bookedmessagesent", "pk": 88}, {"fields": {"is_successful": true, "updated_date_time": "2015-08-05T05:38:03.207Z", "type_of_message": "book", "mode": "email", "message": null, "service_updated": "new booking", "booking": 65}, "model": "booking.bookedmessagesent", "pk": 89}, {"fields": {"is_successful": true, "updated_date_time": "2015-08-05T06:19:46.541Z", "type_of_message": "book", "mode": "sms", "message": "", "service_updated": "booking confirmed", "booking": 66}, "model": "booking.bookedmessagesent", "pk": 90}, {"fields": {"is_successful": true, "updated_date_time": "2015-08-05T06:19:46.541Z", "type_of_message": "book", "mode": "email", "message": null, "service_updated": "new booking", "booking": 66}, "model": "booking.bookedmessagesent", "pk": 91}, {"fields": {"is_successful": true, "updated_date_time": "2015-08-05T06:19:46.541Z", "type_of_message": "book", "mode": "sms", "message": "", "service_updated": "booking confirmed", "booking": 67}, "model": "booking.bookedmessagesent", "pk": 92}, {"fields": {"is_successful": true, "updated_date_time": "2015-08-05T06:19:46.541Z", "type_of_message": "book", "mode": "email", "message": null, "service_updated": "new booking", "booking": 67}, "model": "booking.bookedmessagesent", "pk": 93}, {"fields": {"is_successful": true, "updated_date_time": "2015-08-05T07:59:15.395Z", "type_of_message": "book", "mode": "sms", "message": "", "service_updated": "booking confirmed", "booking": 68}, "model": "booking.bookedmessagesent", "pk": 94}, {"fields": {"is_successful": true, "updated_date_time": "2015-08-05T07:59:15.395Z", "type_of_message": "book", "mode": "email", "message": null, "service_updated": "new booking", "booking": 68}, "model": "booking.bookedmessagesent", "pk": 95}, {"fields": {"is_successful": true, "updated_date_time": "2015-08-05T08:00:15.033Z", "type_of_message": "book", "mode": "sms", "message": "", "service_updated": "booking confirmed", "booking": 69}, "model": "booking.bookedmessagesent", "pk": 96}, {"fields": {"is_successful": true, "updated_date_time": "2015-08-05T08:00:15.033Z", "type_of_message": "book", "mode": "email", "message": null, "service_updated": "new booking", "booking": 69}, "model": "booking.bookedmessagesent", "pk": 97}, {"fields": {"is_successful": true, "updated_date_time": "2015-08-05T08:00:15.033Z", "type_of_message": "book", "mode": "sms", "message": "", "service_updated": "booking confirmed", "booking": 70}, "model": "booking.bookedmessagesent", "pk": 98}, {"fields": {"is_successful": true, "updated_date_time": "2015-08-05T08:00:15.033Z", "type_of_message": "book", "mode": "email", "message": null, "service_updated": "new booking", "booking": 70}, "model": "booking.bookedmessagesent", "pk": 99}, {"fields": {"is_successful": true, "updated_date_time": "2015-08-05T08:00:15.033Z", "type_of_message": "book", "mode": "sms", "message": "", "service_updated": "booking confirmed", "booking": 71}, "model": "booking.bookedmessagesent", "pk": 100}, {"fields": {"is_successful": true, "updated_date_time": "2015-08-05T08:00:15.033Z", "type_of_message": "book", "mode": "email", "message": null, "service_updated": "new booking", "booking": 71}, "model": "booking.bookedmessagesent", "pk": 101}, {"fields": {"is_successful": true, "updated_date_time": "2015-08-05T08:14:40.715Z", "type_of_message": "book", "mode": "sms", "message": "", "service_updated": "booking confirmed", "booking": 72}, "model": "booking.bookedmessagesent", "pk": 102}, {"fields": {"is_successful": true, "updated_date_time": "2015-08-05T08:14:40.715Z", "type_of_message": "book", "mode": "email", "message": null, "service_updated": "new booking", "booking": 72}, "model": "booking.bookedmessagesent", "pk": 103}, {"fields": {"is_successful": true, "updated_date_time": "2015-08-05T08:14:40.715Z", "type_of_message": "book", "mode": "sms", "message": "", "service_updated": "booking confirmed", "booking": 73}, "model": "booking.bookedmessagesent", "pk": 104}, {"fields": {"is_successful": true, "updated_date_time": "2015-08-05T08:14:40.715Z", "type_of_message": "book", "mode": "email", "message": null, "service_updated": "new booking", "booking": 73}, "model": "booking.bookedmessagesent", "pk": 105}, {"fields": {"is_successful": true, "updated_date_time": "2015-08-08T08:03:27.021Z", "type_of_message": "book", "mode": "sms", "message": "", "service_updated": "booking confirmed", "booking": 74}, "model": "booking.bookedmessagesent", "pk": 106}, {"fields": {"is_successful": true, "updated_date_time": "2015-08-08T08:03:27.021Z", "type_of_message": "book", "mode": "email", "message": null, "service_updated": "new booking", "booking": 74}, "model": "booking.bookedmessagesent", "pk": 107}, {"fields": {"is_successful": true, "updated_date_time": "2015-08-08T08:03:27.021Z", "type_of_message": "book", "mode": "sms", "message": "", "service_updated": "booking confirmed", "booking": 75}, "model": "booking.bookedmessagesent", "pk": 108}, {"fields": {"is_successful": true, "updated_date_time": "2015-08-08T08:03:27.021Z", "type_of_message": "book", "mode": "email", "message": null, "service_updated": "new booking", "booking": 75}, "model": "booking.bookedmessagesent", "pk": 109}, {"fields": {"is_successful": true, "updated_date_time": "2015-08-12T16:24:37.435Z", "type_of_message": "book", "mode": "sms", "message": "", "service_updated": "booking confirmed", "booking": 76}, "model": "booking.bookedmessagesent", "pk": 110}, {"fields": {"is_successful": true, "updated_date_time": "2015-08-12T16:24:37.435Z", "type_of_message": "book", "mode": "email", "message": null, "service_updated": "new booking", "booking": 76}, "model": "booking.bookedmessagesent", "pk": 111}, {"fields": {"is_successful": true, "updated_date_time": "2015-08-13T04:18:17.480Z", "type_of_message": "book", "mode": "sms", "message": "", "service_updated": "booking confirmed", "booking": 77}, "model": "booking.bookedmessagesent", "pk": 112}, {"fields": {"is_successful": true, "updated_date_time": "2015-08-13T04:18:17.480Z", "type_of_message": "book", "mode": "email", "message": null, "service_updated": "new booking", "booking": 77}, "model": "booking.bookedmessagesent", "pk": 113}, {"fields": {"is_successful": true, "updated_date_time": "2015-08-13T06:28:42.527Z", "type_of_message": "book", "mode": "sms", "message": "", "service_updated": "booking confirmed", "booking": 78}, "model": "booking.bookedmessagesent", "pk": 114}, {"fields": {"is_successful": true, "updated_date_time": "2015-08-13T06:28:42.527Z", "type_of_message": "book", "mode": "email", "message": null, "service_updated": "new booking", "booking": 78}, "model": "booking.bookedmessagesent", "pk": 115}, {"fields": {"is_successful": true, "updated_date_time": "2015-08-13T17:51:53.239Z", "type_of_message": "book", "mode": "sms", "message": "", "service_updated": "booking confirmed", "booking": 79}, "model": "booking.bookedmessagesent", "pk": 116}, {"fields": {"is_successful": true, "updated_date_time": "2015-08-13T17:51:53.239Z", "type_of_message": "book", "mode": "email", "message": null, "service_updated": "new booking", "booking": 79}, "model": "booking.bookedmessagesent", "pk": 117}, {"fields": {"is_successful": true, "updated_date_time": "2015-08-14T06:03:26.228Z", "type_of_message": "book", "mode": "sms", "message": "", "service_updated": "booking confirmed", "booking": 80}, "model": "booking.bookedmessagesent", "pk": 118}, {"fields": {"is_successful": true, "updated_date_time": "2015-08-14T06:03:26.228Z", "type_of_message": "book", "mode": "email", "message": null, "service_updated": "new booking", "booking": 80}, "model": "booking.bookedmessagesent", "pk": 119}, {"fields": {"is_successful": true, "updated_date_time": "2015-08-14T17:33:39.298Z", "type_of_message": "book", "mode": "sms", "message": "", "service_updated": "booking confirmed", "booking": 81}, "model": "booking.bookedmessagesent", "pk": 120}, {"fields": {"is_successful": true, "updated_date_time": "2015-08-14T17:33:39.298Z", "type_of_message": "book", "mode": "email", "message": null, "service_updated": "new booking", "booking": 81}, "model": "booking.bookedmessagesent", "pk": 121}, {"fields": {"is_successful": true, "updated_date_time": "2015-08-14T17:33:39.298Z", "type_of_message": "book", "mode": "sms", "message": "", "service_updated": "booking confirmed", "booking": 82}, "model": "booking.bookedmessagesent", "pk": 122}, {"fields": {"is_successful": true, "updated_date_time": "2015-08-14T17:33:39.298Z", "type_of_message": "book", "mode": "email", "message": null, "service_updated": "new booking", "booking": 82}, "model": "booking.bookedmessagesent", "pk": 123}, {"fields": {"is_successful": true, "updated_date_time": "2015-08-15T06:47:20.981Z", "type_of_message": "book", "mode": "sms", "message": "", "service_updated": "booking confirmed", "booking": 83}, "model": "booking.bookedmessagesent", "pk": 124}, {"fields": {"is_successful": true, "updated_date_time": "2015-08-15T06:47:20.981Z", "type_of_message": "book", "mode": "email", "message": null, "service_updated": "new booking", "booking": 83}, "model": "booking.bookedmessagesent", "pk": 125}, {"fields": {"is_successful": true, "updated_date_time": "2015-08-15T17:34:10.905Z", "type_of_message": "book", "mode": "sms", "message": "", "service_updated": "booking confirmed", "booking": 84}, "model": "booking.bookedmessagesent", "pk": 126}, {"fields": {"is_successful": true, "updated_date_time": "2015-08-15T17:34:10.905Z", "type_of_message": "book", "mode": "email", "message": null, "service_updated": "new booking", "booking": 84}, "model": "booking.bookedmessagesent", "pk": 127}, {"fields": {"is_successful": true, "updated_date_time": "2015-08-15T17:58:16.108Z", "type_of_message": "book", "mode": "sms", "message": "", "service_updated": "booking confirmed", "booking": 85}, "model": "booking.bookedmessagesent", "pk": 128}, {"fields": {"is_successful": true, "updated_date_time": "2015-08-15T17:58:16.108Z", "type_of_message": "book", "mode": "email", "message": null, "service_updated": "new booking", "booking": 85}, "model": "booking.bookedmessagesent", "pk": 129}, {"fields": {"is_successful": true, "updated_date_time": "2015-08-16T03:40:29.881Z", "type_of_message": "book", "mode": "sms", "message": "", "service_updated": "booking confirmed", "booking": 86}, "model": "booking.bookedmessagesent", "pk": 130}, {"fields": {"is_successful": true, "updated_date_time": "2015-08-16T03:40:29.881Z", "type_of_message": "book", "mode": "email", "message": null, "service_updated": "new booking", "booking": 86}, "model": "booking.bookedmessagesent", "pk": 131}, {"fields": {"is_successful": true, "updated_date_time": "2015-08-16T15:53:25.489Z", "type_of_message": "book", "mode": "sms", "message": "", "service_updated": "booking confirmed", "booking": 87}, "model": "booking.bookedmessagesent", "pk": 132}, {"fields": {"is_successful": true, "updated_date_time": "2015-08-16T15:53:25.489Z", "type_of_message": "book", "mode": "email", "message": null, "service_updated": "new booking", "booking": 87}, "model": "booking.bookedmessagesent", "pk": 133}, {"fields": {"is_successful": true, "updated_date_time": "2015-08-16T15:53:25.489Z", "type_of_message": "book", "mode": "sms", "message": "", "service_updated": "booking confirmed", "booking": 88}, "model": "booking.bookedmessagesent", "pk": 134}, {"fields": {"is_successful": true, "updated_date_time": "2015-08-16T15:53:25.489Z", "type_of_message": "book", "mode": "email", "message": null, "service_updated": "new booking", "booking": 88}, "model": "booking.bookedmessagesent", "pk": 135}, {"fields": {"is_successful": true, "updated_date_time": "2015-08-16T15:53:25.489Z", "type_of_message": "book", "mode": "sms", "message": "", "service_updated": "booking confirmed", "booking": 89}, "model": "booking.bookedmessagesent", "pk": 136}, {"fields": {"is_successful": true, "updated_date_time": "2015-08-16T15:53:25.489Z", "type_of_message": "book", "mode": "email", "message": null, "service_updated": "new booking", "booking": 89}, "model": "booking.bookedmessagesent", "pk": 137}, {"fields": {"is_successful": true, "updated_date_time": "2015-08-16T15:53:25.489Z", "type_of_message": "book", "mode": "sms", "message": "", "service_updated": "booking confirmed", "booking": 90}, "model": "booking.bookedmessagesent", "pk": 138}, {"fields": {"is_successful": true, "updated_date_time": "2015-08-16T15:53:25.489Z", "type_of_message": "book", "mode": "email", "message": null, "service_updated": "new booking", "booking": 90}, "model": "booking.bookedmessagesent", "pk": 139}, {"fields": {"is_successful": true, "updated_date_time": "2015-08-16T15:53:25.489Z", "type_of_message": "book", "mode": "sms", "message": "", "service_updated": "booking confirmed", "booking": 91}, "model": "booking.bookedmessagesent", "pk": 140}, {"fields": {"is_successful": true, "updated_date_time": "2015-08-16T15:53:25.489Z", "type_of_message": "book", "mode": "email", "message": null, "service_updated": "new booking", "booking": 91}, "model": "booking.bookedmessagesent", "pk": 141}, {"fields": {"is_successful": true, "updated_date_time": "2015-08-16T15:53:25.489Z", "type_of_message": "book", "mode": "sms", "message": "", "service_updated": "booking confirmed", "booking": 92}, "model": "booking.bookedmessagesent", "pk": 142}, {"fields": {"is_successful": true, "updated_date_time": "2015-08-16T15:53:25.489Z", "type_of_message": "book", "mode": "email", "message": null, "service_updated": "new booking", "booking": 92}, "model": "booking.bookedmessagesent", "pk": 143}, {"fields": {"is_successful": true, "updated_date_time": "2015-08-17T19:02:59.495Z", "type_of_message": "book", "mode": "sms", "message": "", "service_updated": "booking confirmed", "booking": 93}, "model": "booking.bookedmessagesent", "pk": 144}, {"fields": {"is_successful": true, "updated_date_time": "2015-08-17T19:02:59.495Z", "type_of_message": "book", "mode": "email", "message": null, "service_updated": "new booking", "booking": 93}, "model": "booking.bookedmessagesent", "pk": 145}, {"fields": {"is_successful": true, "updated_date_time": "2015-08-17T20:36:28.953Z", "type_of_message": "book", "mode": "sms", "message": "", "service_updated": "booking confirmed", "booking": 94}, "model": "booking.bookedmessagesent", "pk": 146}, {"fields": {"is_successful": true, "updated_date_time": "2015-08-17T20:36:28.953Z", "type_of_message": "book", "mode": "email", "message": null, "service_updated": "new booking", "booking": 94}, "model": "booking.bookedmessagesent", "pk": 147}, {"fields": {"is_successful": true, "updated_date_time": "2015-08-17T20:45:04.861Z", "type_of_message": "book", "mode": "sms", "message": "", "service_updated": "booking confirmed", "booking": 95}, "model": "booking.bookedmessagesent", "pk": 148}, {"fields": {"is_successful": true, "updated_date_time": "2015-08-17T20:45:04.861Z", "type_of_message": "book", "mode": "email", "message": null, "service_updated": "new booking", "booking": 95}, "model": "booking.bookedmessagesent", "pk": 149}, {"fields": {"is_successful": true, "updated_date_time": "2015-08-17T20:46:40.069Z", "type_of_message": "book", "mode": "sms", "message": "", "service_updated": "booking confirmed", "booking": 96}, "model": "booking.bookedmessagesent", "pk": 150}, {"fields": {"is_successful": true, "updated_date_time": "2015-08-17T20:46:40.069Z", "type_of_message": "book", "mode": "email", "message": null, "service_updated": "new booking", "booking": 96}, "model": "booking.bookedmessagesent", "pk": 151}, {"fields": {"is_successful": true, "updated_date_time": "2015-08-17T20:53:39.326Z", "type_of_message": "book", "mode": "sms", "message": "", "service_updated": "booking confirmed", "booking": 97}, "model": "booking.bookedmessagesent", "pk": 152}, {"fields": {"is_successful": true, "updated_date_time": "2015-08-17T20:53:39.326Z", "type_of_message": "book", "mode": "email", "message": null, "service_updated": "new booking", "booking": 97}, "model": "booking.bookedmessagesent", "pk": 153}, {"fields": {"is_successful": true, "updated_date_time": "2015-08-17T20:53:39.326Z", "type_of_message": "book", "mode": "sms", "message": "", "service_updated": "booking confirmed", "booking": 98}, "model": "booking.bookedmessagesent", "pk": 154}, {"fields": {"is_successful": true, "updated_date_time": "2015-08-17T20:53:39.326Z", "type_of_message": "book", "mode": "email", "message": null, "service_updated": "new booking", "booking": 98}, "model": "booking.bookedmessagesent", "pk": 155}, {"fields": {"is_successful": true, "updated_date_time": "2015-08-17T20:53:39.326Z", "type_of_message": "book", "mode": "sms", "message": "", "service_updated": "booking confirmed", "booking": 99}, "model": "booking.bookedmessagesent", "pk": 156}, {"fields": {"is_successful": true, "updated_date_time": "2015-08-17T20:53:39.326Z", "type_of_message": "book", "mode": "email", "message": null, "service_updated": "new booking", "booking": 99}, "model": "booking.bookedmessagesent", "pk": 157}, {"fields": {"is_successful": true, "updated_date_time": "2015-08-17T21:03:09.118Z", "type_of_message": "book", "mode": "sms", "message": "", "service_updated": "booking confirmed", "booking": 100}, "model": "booking.bookedmessagesent", "pk": 158}, {"fields": {"is_successful": true, "updated_date_time": "2015-08-17T21:03:09.118Z", "type_of_message": "book", "mode": "email", "message": null, "service_updated": "new booking", "booking": 100}, "model": "booking.bookedmessagesent", "pk": 159}, {"fields": {"is_successful": true, "updated_date_time": "2015-08-17T21:12:36.565Z", "type_of_message": "book", "mode": "sms", "message": "", "service_updated": "booking confirmed", "booking": 101}, "model": "booking.bookedmessagesent", "pk": 160}, {"fields": {"is_successful": true, "updated_date_time": "2015-08-17T21:12:36.565Z", "type_of_message": "book", "mode": "email", "message": null, "service_updated": "new booking", "booking": 101}, "model": "booking.bookedmessagesent", "pk": 161}, {"fields": {"is_successful": true, "updated_date_time": "2015-08-17T21:14:59.312Z", "type_of_message": "book", "mode": "sms", "message": "", "service_updated": "booking confirmed", "booking": 102}, "model": "booking.bookedmessagesent", "pk": 162}, {"fields": {"is_successful": true, "updated_date_time": "2015-08-17T21:14:59.312Z", "type_of_message": "book", "mode": "email", "message": null, "service_updated": "new booking", "booking": 102}, "model": "booking.bookedmessagesent", "pk": 163}, {"fields": {"is_successful": true, "updated_date_time": "2015-08-18T17:28:24.966Z", "type_of_message": "book", "mode": "sms", "message": "", "service_updated": "booking confirmed", "booking": 103}, "model": "booking.bookedmessagesent", "pk": 164}, {"fields": {"is_successful": true, "updated_date_time": "2015-08-18T17:28:24.966Z", "type_of_message": "book", "mode": "email", "message": null, "service_updated": "new booking", "booking": 103}, "model": "booking.bookedmessagesent", "pk": 165}, {"fields": {"is_successful": true, "updated_date_time": "2015-08-18T17:28:24.966Z", "type_of_message": "book", "mode": "sms", "message": "", "service_updated": "booking confirmed", "booking": 104}, "model": "booking.bookedmessagesent", "pk": 166}, {"fields": {"is_successful": true, "updated_date_time": "2015-08-18T17:28:24.966Z", "type_of_message": "book", "mode": "email", "message": null, "service_updated": "new booking", "booking": 104}, "model": "booking.bookedmessagesent", "pk": 167}, {"fields": {"is_successful": true, "updated_date_time": "2015-08-18T17:28:24.966Z", "type_of_message": "book", "mode": "sms", "message": "", "service_updated": "booking confirmed", "booking": 105}, "model": "booking.bookedmessagesent", "pk": 168}, {"fields": {"is_successful": false, "updated_date_time": "2015-08-18T17:28:24.966Z", "type_of_message": "book", "mode": "email", "message": null, "service_updated": "new booking", "booking": 105}, "model": "booking.bookedmessagesent", "pk": 169}, {"fields": {"is_successful": true, "updated_date_time": "2015-08-23T15:09:20.712Z", "type_of_message": "book", "mode": "sms", "message": "", "service_updated": "booking confirmed", "booking": 106}, "model": "booking.bookedmessagesent", "pk": 170}, {"fields": {"is_successful": true, "updated_date_time": "2015-08-23T15:09:20.712Z", "type_of_message": "book", "mode": "email", "message": null, "service_updated": "new booking", "booking": 106}, "model": "booking.bookedmessagesent", "pk": 171}, {"fields": {"is_successful": true, "updated_date_time": "2015-08-25T17:04:18.015Z", "type_of_message": "book", "mode": "sms", "message": "", "service_updated": "booking confirmed", "booking": 107}, "model": "booking.bookedmessagesent", "pk": 172}, {"fields": {"is_successful": true, "updated_date_time": "2015-08-25T17:04:18.015Z", "type_of_message": "book", "mode": "email", "message": null, "service_updated": "new booking", "booking": 107}, "model": "booking.bookedmessagesent", "pk": 173}, {"fields": {"is_successful": true, "updated_date_time": "2015-08-25T17:04:18.015Z", "type_of_message": "book", "mode": "sms", "message": "", "service_updated": "booking confirmed", "booking": 108}, "model": "booking.bookedmessagesent", "pk": 174}, {"fields": {"is_successful": true, "updated_date_time": "2015-08-25T17:04:18.015Z", "type_of_message": "book", "mode": "email", "message": null, "service_updated": "new booking", "booking": 108}, "model": "booking.bookedmessagesent", "pk": 175}, {"fields": {"is_successful": true, "updated_date_time": "2015-08-26T17:13:49.025Z", "type_of_message": "book", "mode": "sms", "message": "", "service_updated": "booking confirmed", "booking": 109}, "model": "booking.bookedmessagesent", "pk": 176}, {"fields": {"is_successful": true, "updated_date_time": "2015-08-26T17:13:49.025Z", "type_of_message": "book", "mode": "email", "message": null, "service_updated": "new booking", "booking": 109}, "model": "booking.bookedmessagesent", "pk": 177}, {"fields": {"is_successful": true, "updated_date_time": "2015-08-27T11:41:27.551Z", "type_of_message": "book", "mode": "sms", "message": "", "service_updated": "booking confirmed", "booking": 110}, "model": "booking.bookedmessagesent", "pk": 178}, {"fields": {"is_successful": true, "updated_date_time": "2015-08-27T11:41:27.551Z", "type_of_message": "book", "mode": "email", "message": null, "service_updated": "new booking", "booking": 110}, "model": "booking.bookedmessagesent", "pk": 179}, {"fields": {"is_successful": true, "updated_date_time": "2015-08-27T17:58:16.357Z", "type_of_message": "book", "mode": "sms", "message": "", "service_updated": "booking confirmed", "booking": 111}, "model": "booking.bookedmessagesent", "pk": 180}, {"fields": {"is_successful": true, "updated_date_time": "2015-08-27T17:58:16.357Z", "type_of_message": "book", "mode": "email", "message": null, "service_updated": "new booking", "booking": 111}, "model": "booking.bookedmessagesent", "pk": 181}, {"fields": {"is_successful": true, "updated_date_time": "2015-08-27T17:58:16.357Z", "type_of_message": "book", "mode": "sms", "message": "", "service_updated": "booking confirmed", "booking": 112}, "model": "booking.bookedmessagesent", "pk": 182}, {"fields": {"is_successful": true, "updated_date_time": "2015-08-27T17:58:16.357Z", "type_of_message": "book", "mode": "email", "message": null, "service_updated": "new booking", "booking": 112}, "model": "booking.bookedmessagesent", "pk": 183}, {"fields": {"is_successful": true, "updated_date_time": "2015-08-28T17:01:46.324Z", "type_of_message": "book", "mode": "sms", "message": "", "service_updated": "booking confirmed", "booking": 113}, "model": "booking.bookedmessagesent", "pk": 184}, {"fields": {"is_successful": true, "updated_date_time": "2015-08-28T17:01:46.324Z", "type_of_message": "book", "mode": "email", "message": null, "service_updated": "new booking", "booking": 113}, "model": "booking.bookedmessagesent", "pk": 185}, {"fields": {"is_successful": true, "updated_date_time": "2015-08-28T17:41:44.335Z", "type_of_message": "book", "mode": "sms", "message": "", "service_updated": "booking confirmed", "booking": 114}, "model": "booking.bookedmessagesent", "pk": 186}, {"fields": {"is_successful": true, "updated_date_time": "2015-08-28T17:41:44.335Z", "type_of_message": "book", "mode": "email", "message": null, "service_updated": "new booking", "booking": 114}, "model": "booking.bookedmessagesent", "pk": 187}, {"fields": {"is_successful": true, "updated_date_time": "2015-08-28T18:17:28.434Z", "type_of_message": "book", "mode": "sms", "message": "", "service_updated": "booking confirmed", "booking": 115}, "model": "booking.bookedmessagesent", "pk": 188}, {"fields": {"is_successful": true, "updated_date_time": "2015-08-28T18:17:28.434Z", "type_of_message": "book", "mode": "email", "message": null, "service_updated": "new booking", "booking": 115}, "model": "booking.bookedmessagesent", "pk": 189}, {"fields": {"is_successful": true, "updated_date_time": "2015-08-28T18:29:38.168Z", "type_of_message": "book", "mode": "sms", "message": "", "service_updated": "booking confirmed", "booking": 116}, "model": "booking.bookedmessagesent", "pk": 190}, {"fields": {"is_successful": true, "updated_date_time": "2015-08-28T18:29:38.168Z", "type_of_message": "book", "mode": "email", "message": null, "service_updated": "new booking", "booking": 116}, "model": "booking.bookedmessagesent", "pk": 191}, {"fields": {"is_successful": true, "updated_date_time": "2015-08-30T06:18:45.840Z", "type_of_message": "book", "mode": "sms", "message": "", "service_updated": "booking confirmed", "booking": 117}, "model": "booking.bookedmessagesent", "pk": 192}, {"fields": {"is_successful": true, "updated_date_time": "2015-08-30T06:18:45.840Z", "type_of_message": "book", "mode": "email", "message": null, "service_updated": "new booking", "booking": 117}, "model": "booking.bookedmessagesent", "pk": 193}, {"fields": {"is_successful": true, "updated_date_time": "2015-08-30T06:18:45.840Z", "type_of_message": "book", "mode": "sms", "message": "", "service_updated": "booking confirmed", "booking": 118}, "model": "booking.bookedmessagesent", "pk": 194}, {"fields": {"is_successful": true, "updated_date_time": "2015-08-30T06:18:45.840Z", "type_of_message": "book", "mode": "email", "message": null, "service_updated": "new booking", "booking": 118}, "model": "booking.bookedmessagesent", "pk": 195}, {"fields": {"is_successful": true, "updated_date_time": "2015-08-30T06:18:45.840Z", "type_of_message": "book", "mode": "sms", "message": "", "service_updated": "booking confirmed", "booking": 119}, "model": "booking.bookedmessagesent", "pk": 196}, {"fields": {"is_successful": true, "updated_date_time": "2015-08-30T06:18:45.840Z", "type_of_message": "book", "mode": "email", "message": null, "service_updated": "new booking", "booking": 119}, "model": "booking.bookedmessagesent", "pk": 197}, {"fields": {"is_successful": true, "updated_date_time": "2015-08-30T06:18:45.840Z", "type_of_message": "book", "mode": "sms", "message": "", "service_updated": "booking confirmed", "booking": 120}, "model": "booking.bookedmessagesent", "pk": 198}, {"fields": {"is_successful": true, "updated_date_time": "2015-08-30T06:18:45.840Z", "type_of_message": "book", "mode": "email", "message": null, "service_updated": "new booking", "booking": 120}, "model": "booking.bookedmessagesent", "pk": 199}, {"fields": {"status": true, "updated_date_time": "2015-06-06T06:07:24Z", "service_updated": "Admin", "service": 1, "booking": 1}, "model": "booking.bookingservices", "pk": 1}, {"fields": {"status": true, "updated_date_time": "2015-06-06T06:07:24Z", "service_updated": "Admin", "service": 2, "booking": 3}, "model": "booking.bookingservices", "pk": 2}, {"fields": {"status": true, "updated_date_time": "2015-06-16T23:57:28Z", "service_updated": "Admin", "service": 2, "booking": 2}, "model": "booking.bookingservices", "pk": 3}, {"fields": {"status": true, "updated_date_time": "2015-06-17T23:57:28Z", "service_updated": "Admin", "service": 2, "booking": 3}, "model": "booking.bookingservices", "pk": 4}, {"fields": {"status": true, "updated_date_time": "2015-06-30T07:16:12.381Z", "service_updated": "new booking", "service": 1, "booking": 4}, "model": "booking.bookingservices", "pk": 5}, {"fields": {"status": true, "updated_date_time": "2015-06-30T07:30:27.234Z", "service_updated": "new booking", "service": 2, "booking": 5}, "model": "booking.bookingservices", "pk": 6}, {"fields": {"status": true, "updated_date_time": "2015-07-02T08:18:10.527Z", "service_updated": "new booking", "service": 1, "booking": 6}, "model": "booking.bookingservices", "pk": 7}, {"fields": {"status": true, "updated_date_time": "2015-07-02T11:37:50.197Z", "service_updated": "new booking", "service": 2, "booking": 7}, "model": "booking.bookingservices", "pk": 8}, {"fields": {"status": true, "updated_date_time": "2015-07-05T10:09:21.382Z", "service_updated": "new booking", "service": 1, "booking": 8}, "model": "booking.bookingservices", "pk": 9}, {"fields": {"status": true, "updated_date_time": "2015-07-06T12:43:49.153Z", "service_updated": "new booking", "service": 1, "booking": 9}, "model": "booking.bookingservices", "pk": 10}, {"fields": {"status": true, "updated_date_time": "2015-07-06T12:47:39.613Z", "service_updated": "new booking", "service": 1, "booking": 10}, "model": "booking.bookingservices", "pk": 11}, {"fields": {"status": true, "updated_date_time": "2015-07-06T12:54:22.982Z", "service_updated": "new booking", "service": 1, "booking": 11}, "model": "booking.bookingservices", "pk": 12}, {"fields": {"status": true, "updated_date_time": "2015-07-06T12:57:48.404Z", "service_updated": "new booking", "service": 1, "booking": 12}, "model": "booking.bookingservices", "pk": 13}, {"fields": {"status": true, "updated_date_time": "2015-07-13T23:10:39.476Z", "service_updated": "new booking", "service": 1, "booking": 13}, "model": "booking.bookingservices", "pk": 14}, {"fields": {"status": true, "updated_date_time": "2015-07-24T06:33:27.960Z", "service_updated": "new booking", "service": 1, "booking": 14}, "model": "booking.bookingservices", "pk": 15}, {"fields": {"status": true, "updated_date_time": "2015-07-24T06:34:20.431Z", "service_updated": "new booking", "service": 1, "booking": 15}, "model": "booking.bookingservices", "pk": 16}, {"fields": {"status": true, "updated_date_time": "2015-07-24T06:36:03.294Z", "service_updated": "new booking", "service": 1, "booking": 16}, "model": "booking.bookingservices", "pk": 17}, {"fields": {"status": true, "updated_date_time": "2015-07-24T06:36:52.787Z", "service_updated": "new booking", "service": 1, "booking": 17}, "model": "booking.bookingservices", "pk": 18}, {"fields": {"status": true, "updated_date_time": "2015-07-24T06:37:24.874Z", "service_updated": "new booking", "service": 1, "booking": 18}, "model": "booking.bookingservices", "pk": 19}, {"fields": {"status": true, "updated_date_time": "2015-07-24T06:38:11.251Z", "service_updated": "new booking", "service": 1, "booking": 19}, "model": "booking.bookingservices", "pk": 20}, {"fields": {"status": true, "updated_date_time": "2015-07-24T06:48:55.756Z", "service_updated": "new booking", "service": 1, "booking": 20}, "model": "booking.bookingservices", "pk": 21}, {"fields": {"status": true, "updated_date_time": "2015-08-02T04:01:15.835Z", "service_updated": "new booking", "service": 1, "booking": 21}, "model": "booking.bookingservices", "pk": 22}, {"fields": {"status": true, "updated_date_time": "2015-08-02T04:22:59.798Z", "service_updated": "new booking", "service": 1, "booking": 22}, "model": "booking.bookingservices", "pk": 23}, {"fields": {"status": true, "updated_date_time": "2015-08-02T04:35:31.269Z", "service_updated": "new booking", "service": 1, "booking": 23}, "model": "booking.bookingservices", "pk": 24}, {"fields": {"status": true, "updated_date_time": "2015-08-02T04:35:31.269Z", "service_updated": "new booking", "service": 1, "booking": 24}, "model": "booking.bookingservices", "pk": 25}, {"fields": {"status": true, "updated_date_time": "2015-08-02T04:35:31.269Z", "service_updated": "new booking", "service": 5, "booking": 24}, "model": "booking.bookingservices", "pk": 26}, {"fields": {"status": true, "updated_date_time": "2015-08-02T04:35:31.269Z", "service_updated": "new booking", "service": 1, "booking": 25}, "model": "booking.bookingservices", "pk": 27}, {"fields": {"status": true, "updated_date_time": "2015-08-02T04:35:31.269Z", "service_updated": "new booking", "service": 3, "booking": 25}, "model": "booking.bookingservices", "pk": 28}, {"fields": {"status": true, "updated_date_time": "2015-08-02T04:35:31.269Z", "service_updated": "new booking", "service": 1, "booking": 26}, "model": "booking.bookingservices", "pk": 29}, {"fields": {"status": true, "updated_date_time": "2015-08-02T04:35:31.269Z", "service_updated": "new booking", "service": 3, "booking": 26}, "model": "booking.bookingservices", "pk": 30}, {"fields": {"status": true, "updated_date_time": "2015-08-02T04:35:31.269Z", "service_updated": "new booking", "service": 1, "booking": 27}, "model": "booking.bookingservices", "pk": 31}, {"fields": {"status": true, "updated_date_time": "2015-08-02T04:35:31.269Z", "service_updated": "new booking", "service": 6, "booking": 28}, "model": "booking.bookingservices", "pk": 32}, {"fields": {"status": true, "updated_date_time": "2015-08-02T04:35:31.269Z", "service_updated": "new booking", "service": 5, "booking": 29}, "model": "booking.bookingservices", "pk": 33}, {"fields": {"status": true, "updated_date_time": "2015-08-02T10:26:19.043Z", "service_updated": "new booking", "service": 6, "booking": 30}, "model": "booking.bookingservices", "pk": 34}, {"fields": {"status": true, "updated_date_time": "2015-08-02T17:21:58.808Z", "service_updated": "new booking", "service": 1, "booking": 31}, "model": "booking.bookingservices", "pk": 35}, {"fields": {"status": true, "updated_date_time": "2015-08-02T17:54:21.756Z", "service_updated": "new booking", "service": 1, "booking": 32}, "model": "booking.bookingservices", "pk": 36}, {"fields": {"status": true, "updated_date_time": "2015-08-02T17:55:20.220Z", "service_updated": "new booking", "service": 1, "booking": 33}, "model": "booking.bookingservices", "pk": 37}, {"fields": {"status": true, "updated_date_time": "2015-08-02T18:02:22.459Z", "service_updated": "new booking", "service": 1, "booking": 34}, "model": "booking.bookingservices", "pk": 38}, {"fields": {"status": true, "updated_date_time": "2015-08-03T17:28:04.950Z", "service_updated": "new booking", "service": 1, "booking": 35}, "model": "booking.bookingservices", "pk": 39}, {"fields": {"status": true, "updated_date_time": "2015-08-03T17:28:04.950Z", "service_updated": "new booking", "service": 1, "booking": 36}, "model": "booking.bookingservices", "pk": 40}, {"fields": {"status": true, "updated_date_time": "2015-08-03T17:40:49.351Z", "service_updated": "new booking", "service": 3, "booking": 37}, "model": "booking.bookingservices", "pk": 41}, {"fields": {"status": true, "updated_date_time": "2015-08-04T06:56:46.178Z", "service_updated": "new booking", "service": 1, "booking": 38}, "model": "booking.bookingservices", "pk": 42}, {"fields": {"status": true, "updated_date_time": "2015-08-04T07:06:05.817Z", "service_updated": "new booking", "service": 1, "booking": 39}, "model": "booking.bookingservices", "pk": 43}, {"fields": {"status": true, "updated_date_time": "2015-08-04T07:06:05.817Z", "service_updated": "new booking", "service": 3, "booking": 39}, "model": "booking.bookingservices", "pk": 44}, {"fields": {"status": true, "updated_date_time": "2015-08-04T07:06:05.817Z", "service_updated": "new booking", "service": 5, "booking": 39}, "model": "booking.bookingservices", "pk": 45}, {"fields": {"status": true, "updated_date_time": "2015-08-04T07:06:05.817Z", "service_updated": "new booking", "service": 1, "booking": 40}, "model": "booking.bookingservices", "pk": 46}, {"fields": {"status": true, "updated_date_time": "2015-08-04T07:06:05.817Z", "service_updated": "new booking", "service": 6, "booking": 40}, "model": "booking.bookingservices", "pk": 47}, {"fields": {"status": true, "updated_date_time": "2015-08-04T07:06:05.817Z", "service_updated": "new booking", "service": 3, "booking": 40}, "model": "booking.bookingservices", "pk": 48}, {"fields": {"status": true, "updated_date_time": "2015-08-04T07:06:05.817Z", "service_updated": "new booking", "service": 5, "booking": 40}, "model": "booking.bookingservices", "pk": 49}, {"fields": {"status": true, "updated_date_time": "2015-08-04T07:30:04.671Z", "service_updated": "new booking", "service": 1, "booking": 41}, "model": "booking.bookingservices", "pk": 50}, {"fields": {"status": true, "updated_date_time": "2015-08-04T07:35:03.127Z", "service_updated": "new booking", "service": 1, "booking": 42}, "model": "booking.bookingservices", "pk": 51}, {"fields": {"status": true, "updated_date_time": "2015-08-04T07:43:46.933Z", "service_updated": "new booking", "service": 1, "booking": 43}, "model": "booking.bookingservices", "pk": 52}, {"fields": {"status": true, "updated_date_time": "2015-08-04T14:18:55.634Z", "service_updated": "new booking", "service": 1, "booking": 44}, "model": "booking.bookingservices", "pk": 53}, {"fields": {"status": true, "updated_date_time": "2015-08-04T14:18:55.634Z", "service_updated": "new booking", "service": 5, "booking": 45}, "model": "booking.bookingservices", "pk": 54}, {"fields": {"status": true, "updated_date_time": "2015-08-04T14:18:55.634Z", "service_updated": "new booking", "service": 12, "booking": 45}, "model": "booking.bookingservices", "pk": 55}, {"fields": {"status": true, "updated_date_time": "2015-08-04T14:18:55.634Z", "service_updated": "new booking", "service": 14, "booking": 45}, "model": "booking.bookingservices", "pk": 56}, {"fields": {"status": true, "updated_date_time": "2015-08-04T14:53:21.994Z", "service_updated": "new booking", "service": 5, "booking": 46}, "model": "booking.bookingservices", "pk": 57}, {"fields": {"status": true, "updated_date_time": "2015-08-04T14:53:21.994Z", "service_updated": "new booking", "service": 5, "booking": 47}, "model": "booking.bookingservices", "pk": 58}, {"fields": {"status": true, "updated_date_time": "2015-08-04T15:12:15.605Z", "service_updated": "new booking", "service": 1, "booking": 48}, "model": "booking.bookingservices", "pk": 59}, {"fields": {"status": true, "updated_date_time": "2015-08-04T15:15:19.567Z", "service_updated": "new booking", "service": 6, "booking": 49}, "model": "booking.bookingservices", "pk": 60}, {"fields": {"status": true, "updated_date_time": "2015-08-04T15:17:11.284Z", "service_updated": "new booking", "service": 9, "booking": 50}, "model": "booking.bookingservices", "pk": 61}, {"fields": {"status": true, "updated_date_time": "2015-08-04T15:17:11.284Z", "service_updated": "new booking", "service": 6, "booking": 51}, "model": "booking.bookingservices", "pk": 62}, {"fields": {"status": true, "updated_date_time": "2015-08-05T02:05:59.181Z", "service_updated": "new booking", "service": 1, "booking": 52}, "model": "booking.bookingservices", "pk": 63}, {"fields": {"status": true, "updated_date_time": "2015-08-05T02:10:06.968Z", "service_updated": "new booking", "service": 1, "booking": 53}, "model": "booking.bookingservices", "pk": 64}, {"fields": {"status": true, "updated_date_time": "2015-08-05T05:38:03.207Z", "service_updated": "new booking", "service": 1, "booking": 54}, "model": "booking.bookingservices", "pk": 65}, {"fields": {"status": true, "updated_date_time": "2015-08-05T05:38:03.207Z", "service_updated": "new booking", "service": 1, "booking": 55}, "model": "booking.bookingservices", "pk": 66}, {"fields": {"status": true, "updated_date_time": "2015-08-05T05:38:03.207Z", "service_updated": "new booking", "service": 1, "booking": 56}, "model": "booking.bookingservices", "pk": 67}, {"fields": {"status": true, "updated_date_time": "2015-08-05T05:38:03.207Z", "service_updated": "new booking", "service": 1, "booking": 57}, "model": "booking.bookingservices", "pk": 68}, {"fields": {"status": true, "updated_date_time": "2015-08-05T05:38:03.207Z", "service_updated": "new booking", "service": 1, "booking": 58}, "model": "booking.bookingservices", "pk": 69}, {"fields": {"status": true, "updated_date_time": "2015-08-05T05:38:03.207Z", "service_updated": "new booking", "service": 1, "booking": 59}, "model": "booking.bookingservices", "pk": 70}, {"fields": {"status": true, "updated_date_time": "2015-08-05T05:38:03.207Z", "service_updated": "new booking", "service": 1, "booking": 60}, "model": "booking.bookingservices", "pk": 71}, {"fields": {"status": true, "updated_date_time": "2015-08-05T05:38:03.207Z", "service_updated": "new booking", "service": 1, "booking": 61}, "model": "booking.bookingservices", "pk": 72}, {"fields": {"status": true, "updated_date_time": "2015-08-05T05:38:03.207Z", "service_updated": "new booking", "service": 1, "booking": 62}, "model": "booking.bookingservices", "pk": 73}, {"fields": {"status": true, "updated_date_time": "2015-08-05T05:38:03.207Z", "service_updated": "new booking", "service": 1, "booking": 63}, "model": "booking.bookingservices", "pk": 74}, {"fields": {"status": true, "updated_date_time": "2015-08-05T05:38:03.207Z", "service_updated": "new booking", "service": 6, "booking": 64}, "model": "booking.bookingservices", "pk": 75}, {"fields": {"status": true, "updated_date_time": "2015-08-05T05:38:03.207Z", "service_updated": "new booking", "service": 6, "booking": 65}, "model": "booking.bookingservices", "pk": 76}, {"fields": {"status": true, "updated_date_time": "2015-08-05T06:19:46.542Z", "service_updated": "new booking", "service": 6, "booking": 66}, "model": "booking.bookingservices", "pk": 77}, {"fields": {"status": true, "updated_date_time": "2015-08-05T06:19:46.542Z", "service_updated": "new booking", "service": 5, "booking": 67}, "model": "booking.bookingservices", "pk": 78}, {"fields": {"status": true, "updated_date_time": "2015-08-05T07:59:15.396Z", "service_updated": "new booking", "service": 5, "booking": 68}, "model": "booking.bookingservices", "pk": 79}, {"fields": {"status": true, "updated_date_time": "2015-08-05T08:00:15.034Z", "service_updated": "new booking", "service": 5, "booking": 69}, "model": "booking.bookingservices", "pk": 80}, {"fields": {"status": true, "updated_date_time": "2015-08-05T08:00:15.034Z", "service_updated": "new booking", "service": 9, "booking": 69}, "model": "booking.bookingservices", "pk": 81}, {"fields": {"status": true, "updated_date_time": "2015-08-05T08:00:15.034Z", "service_updated": "new booking", "service": 5, "booking": 70}, "model": "booking.bookingservices", "pk": 82}, {"fields": {"status": true, "updated_date_time": "2015-08-05T08:00:15.034Z", "service_updated": "new booking", "service": 7, "booking": 70}, "model": "booking.bookingservices", "pk": 83}, {"fields": {"status": true, "updated_date_time": "2015-08-05T08:00:15.034Z", "service_updated": "new booking", "service": 9, "booking": 70}, "model": "booking.bookingservices", "pk": 84}, {"fields": {"status": true, "updated_date_time": "2015-08-05T08:00:15.034Z", "service_updated": "new booking", "service": 4, "booking": 70}, "model": "booking.bookingservices", "pk": 85}, {"fields": {"status": true, "updated_date_time": "2015-08-05T08:00:15.034Z", "service_updated": "new booking", "service": 5, "booking": 71}, "model": "booking.bookingservices", "pk": 86}, {"fields": {"status": true, "updated_date_time": "2015-08-05T08:00:15.034Z", "service_updated": "new booking", "service": 4, "booking": 71}, "model": "booking.bookingservices", "pk": 87}, {"fields": {"status": true, "updated_date_time": "2015-08-05T08:14:40.716Z", "service_updated": "new booking", "service": 5, "booking": 72}, "model": "booking.bookingservices", "pk": 88}, {"fields": {"status": true, "updated_date_time": "2015-08-05T08:14:40.716Z", "service_updated": "new booking", "service": 2, "booking": 72}, "model": "booking.bookingservices", "pk": 89}, {"fields": {"status": true, "updated_date_time": "2015-08-05T08:14:40.716Z", "service_updated": "new booking", "service": 9, "booking": 73}, "model": "booking.bookingservices", "pk": 90}, {"fields": {"status": true, "updated_date_time": "2015-08-08T08:03:27.021Z", "service_updated": "new booking", "service": 5, "booking": 74}, "model": "booking.bookingservices", "pk": 91}, {"fields": {"status": true, "updated_date_time": "2015-08-08T08:03:27.021Z", "service_updated": "new booking", "service": 5, "booking": 75}, "model": "booking.bookingservices", "pk": 92}, {"fields": {"status": true, "updated_date_time": "2015-08-12T16:24:37.436Z", "service_updated": "new booking", "service": 1, "booking": 76}, "model": "booking.bookingservices", "pk": 93}, {"fields": {"status": true, "updated_date_time": "2015-08-13T04:18:17.480Z", "service_updated": "new booking", "service": 1, "booking": 77}, "model": "booking.bookingservices", "pk": 94}, {"fields": {"status": true, "updated_date_time": "2015-08-13T06:28:42.527Z", "service_updated": "new booking", "service": 1, "booking": 78}, "model": "booking.bookingservices", "pk": 95}, {"fields": {"status": true, "updated_date_time": "2015-08-13T17:51:53.240Z", "service_updated": "new booking", "service": 1, "booking": 79}, "model": "booking.bookingservices", "pk": 96}, {"fields": {"status": true, "updated_date_time": "2015-08-14T06:03:26.228Z", "service_updated": "new booking", "service": 1, "booking": 80}, "model": "booking.bookingservices", "pk": 97}, {"fields": {"status": true, "updated_date_time": "2015-08-14T17:33:39.299Z", "service_updated": "new booking", "service": 1, "booking": 81}, "model": "booking.bookingservices", "pk": 98}, {"fields": {"status": true, "updated_date_time": "2015-08-14T17:33:39.299Z", "service_updated": "new booking", "service": 1, "booking": 82}, "model": "booking.bookingservices", "pk": 99}, {"fields": {"status": true, "updated_date_time": "2015-08-15T06:47:20.982Z", "service_updated": "new booking", "service": 1, "booking": 83}, "model": "booking.bookingservices", "pk": 100}, {"fields": {"status": true, "updated_date_time": "2015-08-15T17:34:10.906Z", "service_updated": "new booking", "service": 1, "booking": 84}, "model": "booking.bookingservices", "pk": 101}, {"fields": {"status": true, "updated_date_time": "2015-08-15T17:58:16.109Z", "service_updated": "new booking", "service": 1, "booking": 85}, "model": "booking.bookingservices", "pk": 102}, {"fields": {"status": true, "updated_date_time": "2015-08-16T03:40:29.883Z", "service_updated": "new booking", "service": 1, "booking": 86}, "model": "booking.bookingservices", "pk": 103}, {"fields": {"status": true, "updated_date_time": "2015-08-16T15:53:25.492Z", "service_updated": "new booking", "service": 1, "booking": 87}, "model": "booking.bookingservices", "pk": 104}, {"fields": {"status": true, "updated_date_time": "2015-08-16T15:53:25.492Z", "service_updated": "new booking", "service": 1, "booking": 88}, "model": "booking.bookingservices", "pk": 105}, {"fields": {"status": true, "updated_date_time": "2015-08-16T15:53:25.492Z", "service_updated": "new booking", "service": 1, "booking": 89}, "model": "booking.bookingservices", "pk": 106}, {"fields": {"status": true, "updated_date_time": "2015-08-16T15:53:25.492Z", "service_updated": "new booking", "service": 2, "booking": 90}, "model": "booking.bookingservices", "pk": 107}, {"fields": {"status": true, "updated_date_time": "2015-08-16T15:53:25.492Z", "service_updated": "new booking", "service": 1, "booking": 91}, "model": "booking.bookingservices", "pk": 108}, {"fields": {"status": true, "updated_date_time": "2015-08-16T15:53:25.492Z", "service_updated": "new booking", "service": 1, "booking": 92}, "model": "booking.bookingservices", "pk": 109}, {"fields": {"status": true, "updated_date_time": "2015-08-17T19:02:59.497Z", "service_updated": "new booking", "service": 1, "booking": 93}, "model": "booking.bookingservices", "pk": 110}, {"fields": {"status": true, "updated_date_time": "2015-08-17T20:36:28.955Z", "service_updated": "new booking", "service": 1, "booking": 94}, "model": "booking.bookingservices", "pk": 111}, {"fields": {"status": true, "updated_date_time": "2015-08-17T20:45:04.863Z", "service_updated": "new booking", "service": 1, "booking": 95}, "model": "booking.bookingservices", "pk": 112}, {"fields": {"status": true, "updated_date_time": "2015-08-17T20:46:40.073Z", "service_updated": "new booking", "service": 1, "booking": 96}, "model": "booking.bookingservices", "pk": 113}, {"fields": {"status": true, "updated_date_time": "2015-08-17T20:53:39.328Z", "service_updated": "new booking", "service": 1, "booking": 97}, "model": "booking.bookingservices", "pk": 114}, {"fields": {"status": true, "updated_date_time": "2015-08-17T20:53:39.328Z", "service_updated": "new booking", "service": 1, "booking": 98}, "model": "booking.bookingservices", "pk": 115}, {"fields": {"status": true, "updated_date_time": "2015-08-17T20:53:39.328Z", "service_updated": "new booking", "service": 1, "booking": 99}, "model": "booking.bookingservices", "pk": 116}, {"fields": {"status": true, "updated_date_time": "2015-08-17T21:03:09.121Z", "service_updated": "new booking", "service": 1, "booking": 100}, "model": "booking.bookingservices", "pk": 117}, {"fields": {"status": true, "updated_date_time": "2015-08-17T21:12:36.567Z", "service_updated": "new booking", "service": 1, "booking": 101}, "model": "booking.bookingservices", "pk": 118}, {"fields": {"status": true, "updated_date_time": "2015-08-17T21:14:59.315Z", "service_updated": "new booking", "service": 1, "booking": 102}, "model": "booking.bookingservices", "pk": 119}, {"fields": {"status": true, "updated_date_time": "2015-08-18T17:28:24.970Z", "service_updated": "new booking", "service": 1, "booking": 103}, "model": "booking.bookingservices", "pk": 120}, {"fields": {"status": true, "updated_date_time": "2015-08-18T17:28:24.970Z", "service_updated": "new booking", "service": 2, "booking": 104}, "model": "booking.bookingservices", "pk": 121}, {"fields": {"status": true, "updated_date_time": "2015-08-18T17:28:24.970Z", "service_updated": "new booking", "service": 1, "booking": 105}, "model": "booking.bookingservices", "pk": 122}, {"fields": {"status": true, "updated_date_time": "2015-08-23T15:09:20.714Z", "service_updated": "new booking", "service": 1, "booking": 106}, "model": "booking.bookingservices", "pk": 123}, {"fields": {"status": true, "updated_date_time": "2015-08-25T17:04:18.017Z", "service_updated": "new booking", "service": 1, "booking": 107}, "model": "booking.bookingservices", "pk": 124}, {"fields": {"status": true, "updated_date_time": "2015-08-25T17:04:18.017Z", "service_updated": "new booking", "service": 1, "booking": 108}, "model": "booking.bookingservices", "pk": 125}, {"fields": {"status": true, "updated_date_time": "2015-08-26T17:13:49.028Z", "service_updated": "new booking", "service": 1, "booking": 109}, "model": "booking.bookingservices", "pk": 126}, {"fields": {"status": true, "updated_date_time": "2015-08-27T11:41:27.553Z", "service_updated": "new booking", "service": 2, "booking": 110}, "model": "booking.bookingservices", "pk": 127}, {"fields": {"status": true, "updated_date_time": "2015-08-27T17:58:16.359Z", "service_updated": "new booking", "service": 2, "booking": 111}, "model": "booking.bookingservices", "pk": 128}, {"fields": {"status": true, "updated_date_time": "2015-08-27T17:58:16.359Z", "service_updated": "new booking", "service": 2, "booking": 112}, "model": "booking.bookingservices", "pk": 129}, {"fields": {"status": true, "updated_date_time": "2015-08-28T17:01:46.326Z", "service_updated": "new booking", "service": 1, "booking": 113}, "model": "booking.bookingservices", "pk": 130}, {"fields": {"status": true, "updated_date_time": "2015-08-28T17:41:44.337Z", "service_updated": "new booking", "service": 1, "booking": 114}, "model": "booking.bookingservices", "pk": 131}, {"fields": {"status": true, "updated_date_time": "2015-08-28T18:17:28.435Z", "service_updated": "new booking", "service": 1, "booking": 115}, "model": "booking.bookingservices", "pk": 132}, {"fields": {"status": true, "updated_date_time": "2015-08-28T18:17:28.435Z", "service_updated": "new booking", "service": 5, "booking": 115}, "model": "booking.bookingservices", "pk": 133}, {"fields": {"status": true, "updated_date_time": "2015-08-28T18:17:28.435Z", "service_updated": "new booking", "service": 3, "booking": 115}, "model": "booking.bookingservices", "pk": 134}, {"fields": {"status": true, "updated_date_time": "2015-08-28T18:17:28.435Z", "service_updated": "new booking", "service": 6, "booking": 115}, "model": "booking.bookingservices", "pk": 135}, {"fields": {"status": true, "updated_date_time": "2015-08-28T18:17:28.435Z", "service_updated": "new booking", "service": 7, "booking": 115}, "model": "booking.bookingservices", "pk": 136}, {"fields": {"status": true, "updated_date_time": "2015-08-28T18:17:28.435Z", "service_updated": "new booking", "service": 10, "booking": 115}, "model": "booking.bookingservices", "pk": 137}, {"fields": {"status": true, "updated_date_time": "2015-08-28T18:17:28.435Z", "service_updated": "new booking", "service": 9, "booking": 115}, "model": "booking.bookingservices", "pk": 138}, {"fields": {"status": true, "updated_date_time": "2015-08-28T18:17:28.435Z", "service_updated": "new booking", "service": 11, "booking": 115}, "model": "booking.bookingservices", "pk": 139}, {"fields": {"status": true, "updated_date_time": "2015-08-28T18:17:28.435Z", "service_updated": "new booking", "service": 12, "booking": 115}, "model": "booking.bookingservices", "pk": 140}, {"fields": {"status": true, "updated_date_time": "2015-08-28T18:17:28.435Z", "service_updated": "new booking", "service": 13, "booking": 115}, "model": "booking.bookingservices", "pk": 141}, {"fields": {"status": true, "updated_date_time": "2015-08-28T18:29:38.171Z", "service_updated": "new booking", "service": 1, "booking": 116}, "model": "booking.bookingservices", "pk": 142}, {"fields": {"status": true, "updated_date_time": "2015-08-30T06:18:45.841Z", "service_updated": "new booking", "service": 2, "booking": 117}, "model": "booking.bookingservices", "pk": 143}, {"fields": {"status": true, "updated_date_time": "2015-08-30T06:18:45.841Z", "service_updated": "new booking", "service": 5, "booking": 118}, "model": "booking.bookingservices", "pk": 144}, {"fields": {"status": true, "updated_date_time": "2015-08-30T06:18:45.841Z", "service_updated": "new booking", "service": 5, "booking": 119}, "model": "booking.bookingservices", "pk": 145}, {"fields": {"status": true, "updated_date_time": "2015-08-30T06:18:45.841Z", "service_updated": "new booking", "service": 5, "booking": 120}, "model": "booking.bookingservices", "pk": 146}, {"fields": {"updated_date_time": "2015-06-17T23:55:50.685Z", "report_date": "2015-06-17", "studio": 1, "report": "reports/2015/06/18/filename.pdf", "mail_sent": false, "service_updated": ""}, "model": "booking.merchantdailyreportstatus", "pk": 1}, {"fields": {"updated_date_time": "2015-06-17T23:55:50.685Z", "report_date": "2015-06-17", "studio": 1, "report": "reports/2015/06/18/filename.pdf", "mail_sent": false, "service_updated": ""}, "model": "booking.merchantdailyreportstatus", "pk": 2}, {"fields": {"updated_date_time": "2015-06-17T23:55:50.685Z", "report_date": "2015-06-17", "studio": 1, "report": "reports/2015/06/18/filename.pdf", "mail_sent": false, "service_updated": ""}, "model": "booking.merchantdailyreportstatus", "pk": 3}, {"fields": {"updated_date_time": "2015-06-17T23:55:50.685Z", "report_date": "2015-06-17", "studio": 1, "report": "reports/2015/06/18/BW_KKDI2015-06-18.pdf", "mail_sent": false, "service_updated": ""}, "model": "booking.merchantdailyreportstatus", "pk": 4}, {"fields": {"updated_date_time": "2015-06-17T23:55:50.685Z", "report_date": "2015-06-17", "studio": 1, "report": "reports/2015/06/18/BW_KKDI2015-06-18.pdf", "mail_sent": false, "service_updated": ""}, "model": "booking.merchantdailyreportstatus", "pk": 5}, {"fields": {"updated_date_time": "2015-06-17T23:55:50.685Z", "report_date": "2015-06-17", "studio": 1, "report": "reports/2015/06/18/BW_KKDI2015-06-18.pdf", "mail_sent": false, "service_updated": ""}, "model": "booking.merchantdailyreportstatus", "pk": 6}, {"fields": {"updated_date_time": "2015-06-17T23:55:50.685Z", "report_date": "2015-06-17", "studio": 1, "report": "reports/2015/06/18/BW_KKDI2015-06-18.pdf", "mail_sent": false, "service_updated": ""}, "model": "booking.merchantdailyreportstatus", "pk": 7}, {"fields": {"updated_date_time": "2015-06-30T07:47:49.247Z", "booking_pdf": "reports/2015/06/30/BW_KKDI2015-06-30__bookings.pdf", "report_date": "2015-06-30", "studio": 1, "mail_sent": false, "service_updated": "daily confirm booking sender"}, "model": "booking.dailybookingconfirmation", "pk": 1}, {"fields": {"updated_date_time": "2015-06-30T07:47:49.247Z", "booking_pdf": "reports/2015/06/30/BW_KKDI2015-06-30__bookings.pdf", "report_date": "2015-06-30", "studio": 1, "mail_sent": false, "service_updated": "daily confirm booking sender"}, "model": "booking.dailybookingconfirmation", "pk": 2}, {"fields": {"updated_date_time": "2015-06-30T07:49:07.724Z", "booking_pdf": "reports/2015/06/30/BW_KKDI2015-06-30__bookings.pdf", "report_date": "2015-06-30", "studio": 1, "mail_sent": false, "service_updated": "daily confirm booking sender"}, "model": "booking.dailybookingconfirmation", "pk": 3}, {"fields": {"updated_date_time": "2015-06-30T07:49:07.724Z", "booking_pdf": "reports/2015/06/30/BW_KKDI2015-06-30__bookings.pdf", "report_date": "2015-06-30", "studio": 1, "mail_sent": false, "service_updated": "daily confirm booking sender"}, "model": "booking.dailybookingconfirmation", "pk": 4}, {"fields": {"updated_date_time": "2015-06-30T07:49:07.724Z", "booking_pdf": "reports/2015/06/30/BW_KKDI2015-06-30__bookings.pdf", "report_date": "2015-06-30", "studio": 1, "mail_sent": false, "service_updated": "daily confirm booking sender"}, "model": "booking.dailybookingconfirmation", "pk": 5}, {"fields": {"updated_date_time": "2015-06-30T07:49:07.724Z", "booking_pdf": "reports/2015/06/30/BW_KKDI2015-06-30__bookings.pdf", "report_date": "2015-06-30", "studio": 1, "mail_sent": false, "service_updated": "daily confirm booking sender"}, "model": "booking.dailybookingconfirmation", "pk": 6}, {"fields": {"updated_date_time": "2015-06-30T07:49:07.724Z", "booking_pdf": "reports/2015/06/30/BW_KKDI2015-06-30__bookings.pdf", "report_date": "2015-06-30", "studio": 1, "mail_sent": false, "service_updated": "daily confirm booking sender"}, "model": "booking.dailybookingconfirmation", "pk": 7}, {"fields": {"updated_date_time": "2015-06-30T07:49:07.724Z", "booking_pdf": "reports/2015/06/30/BW_KKDI2015-06-30__bookings.pdf", "report_date": "2015-06-30", "studio": 1, "mail_sent": false, "service_updated": "daily confirm booking sender"}, "model": "booking.dailybookingconfirmation", "pk": 8}, {"fields": {"updated_date_time": "2015-06-30T07:49:07.724Z", "booking_pdf": "reports/2015/06/30/BW_KKDI2015-06-30__bookings.pdf", "report_date": "2015-06-30", "studio": 1, "mail_sent": false, "service_updated": "daily confirm booking sender"}, "model": "booking.dailybookingconfirmation", "pk": 9}, {"fields": {"updated_date_time": "2015-07-02T12:02:05.971Z", "booking_pdf": "reports/2015/07/02/BW_KKDI2015-07-02__bookings.pdf", "report_date": "2015-07-02", "studio": 1, "mail_sent": false, "service_updated": "daily confirm booking sender"}, "model": "booking.dailybookingconfirmation", "pk": 10}, {"fields": {"updated_date_time": "2015-07-18T13:07:15.402Z", "is_reviewed": false, "service_updated": "thanks mail sender", "link_code": "gjlhCqLyUZBTwrolM3z8r2n8jpMQjyvsaMuQM6wsqXI", "booking": 13}, "model": "booking.reviewlink", "pk": 1}, {"fields": {"updated_date_time": "2015-07-18T13:07:15.402Z", "is_reviewed": false, "service_updated": "thanks mail sender", "link_code": "F9Y9Oc36I2ImawSSLP1FWGldPneupBuyVHZj4RBs1lQ", "booking": 13}, "model": "booking.reviewlink", "pk": 2}, {"fields": {"updated_date_time": "2015-07-18T13:07:15.402Z", "is_reviewed": false, "service_updated": "thanks mail sender", "link_code": "jIoXJWcB6gTGmhga8nCINAMQxmftxXhY31i0K8zbDlk", "booking": 13}, "model": "booking.reviewlink", "pk": 3}, {"fields": {"updated_date_time": "2015-08-27T17:58:16.364Z", "is_reviewed": true, "service_updated": "booking confirmed", "link_code": "0V7ddrXR7XkRGsOUScB7NIAher0Nae7XANHrcVNLBBU", "booking": 111}, "model": "booking.reviewlink", "pk": 4}, {"fields": {"updated_date_time": "2015-08-28T17:01:46.331Z", "is_reviewed": false, "service_updated": "booking confirmed", "link_code": "NW7ddgwGsRuxjvnLEBgQ1c1LyfA6zvm2bvAEmdvp8Uw", "booking": 113}, "model": "booking.reviewlink", "pk": 6}, {"fields": {"updated_date_time": "2015-08-28T18:17:28.440Z", "is_reviewed": false, "service_updated": "booking confirmed", "link_code": "w6jAQZPhahfF8zsSE7R5r8EHbIjtQgUEieR9h7PcGkk", "booking": 115}, "model": "booking.reviewlink", "pk": 8}, {"fields": {"updated_date_time": "2015-08-28T18:29:38.177Z", "is_reviewed": false, "service_updated": "booking confirmed", "link_code": "tOQqSHcSbhDk1naGLp1pzoRIGhbs67yuwImxldfzW5Q", "booking": 116}, "model": "booking.reviewlink", "pk": 9}, {"fields": {"updated_date_time": "2015-08-30T06:18:45.849Z", "is_reviewed": false, "service_updated": "booking confirmed", "link_code": "DgZxyyz7vtUMcG0ErIh9SBBbHKVmuGTbhfS8BhXu9hc", "booking": 118}, "model": "booking.reviewlink", "pk": 11}, {"fields": {"updated_date_time": "2015-08-30T06:18:45.849Z", "is_reviewed": false, "service_updated": "booking confirmed", "link_code": "B7oVAeXfh6UiL9quARi93MojBzOZ8fVZRduyMlTumoE", "booking": 119}, "model": "booking.reviewlink", "pk": 12}, {"fields": {"updated_date_time": "2015-08-30T06:18:45.849Z", "is_reviewed": false, "service_updated": "booking confirmed", "link_code": "2TAAGIeb4Rk2a10aynZ2IYOpFXrrgHdjapzegdEmaVU", "booking": 120}, "model": "booking.reviewlink", "pk": 13}, {"fields": {"updated_date_time": "2015-05-30T20:46:49Z", "is_active": true, "description": "All haircut types", "service_updated": "Admin", "service_type_name": "Haircut"}, "model": "studios.servicetype", "pk": 1}, {"fields": {"updated_date_time": "2015-07-19T14:50:38Z", "is_active": true, "description": "All kind of facials", "service_updated": "Admin", "service_type_name": "Facials"}, "model": "studios.servicetype", "pk": 2}, {"fields": {"updated_date_time": "2015-07-21T23:33:23Z", "is_active": true, "description": "All Manicure services", "service_updated": "Admin", "service_type_name": "Manicure"}, "model": "studios.servicetype", "pk": 3}, {"fields": {"updated_date_time": "2015-07-21T23:33:23Z", "is_active": true, "description": "All pedicure services", "service_updated": "Admin", "service_type_name": "Pedicure"}, "model": "studios.servicetype", "pk": 4}, {"fields": {"updated_date_time": "2015-07-21T23:33:23Z", "is_active": true, "description": "All hair coloring services", "service_updated": "Admin", "service_type_name": "Hair coloring"}, "model": "studios.servicetype", "pk": 5}, {"fields": {"updated_date_time": "2015-07-21T23:33:23Z", "is_active": true, "description": "All makeup services", "service_updated": "Admin", "service_type_name": "Makeup"}, "model": "studios.servicetype", "pk": 6}, {"fields": {"service_name": "Golden Facial", "is_active": true, "min_duration": 60, "updated_date_time": "2015-05-30T20:46:49Z", "service_type": 2, "service_updated": "Admin"}, "model": "studios.service", "pk": 1}, {"fields": {"service_name": "Haircut Men", "is_active": true, "min_duration": 15, "updated_date_time": "2015-05-31T07:28:40Z", "service_type": 1, "service_updated": "Admin"}, "model": "studios.service", "pk": 2}, {"fields": {"service_name": "Baby haircut", "is_active": true, "min_duration": 30, "updated_date_time": "2015-07-19T14:50:38Z", "service_type": 1, "service_updated": "Admin"}, "model": "studios.service", "pk": 3}, {"fields": {"service_name": "Women haircut", "is_active": true, "min_duration": 30, "updated_date_time": "2015-07-19T14:50:38Z", "service_type": 1, "service_updated": "Admin"}, "model": "studios.service", "pk": 4}, {"fields": {"service_name": "Shaving", "is_active": true, "min_duration": 15, "updated_date_time": "2015-07-21T23:33:23Z", "service_type": 1, "service_updated": "Admin"}, "model": "studios.service", "pk": 5}, {"fields": {"service_name": "Trimming", "is_active": true, "min_duration": 15, "updated_date_time": "2015-07-21T23:33:23Z", "service_type": 1, "service_updated": "Admin"}, "model": "studios.service", "pk": 6}, {"fields": {"service_name": "Papaya Facial", "is_active": true, "min_duration": 60, "updated_date_time": "2015-07-21T23:33:23Z", "service_type": 2, "service_updated": "Admin"}, "model": "studios.service", "pk": 7}, {"fields": {"service_name": "Bleach", "is_active": true, "min_duration": 30, "updated_date_time": "2015-07-21T23:33:23Z", "service_type": 2, "service_updated": "Admin"}, "model": "studios.service", "pk": 8}, {"fields": {"service_name": "Hair Makeover", "is_active": true, "min_duration": 30, "updated_date_time": "2015-07-21T23:33:23Z", "service_type": 1, "service_updated": "Admin"}, "model": "studios.service", "pk": 9}, {"fields": {"service_name": "Hair Conditioning", "is_active": true, "min_duration": 15, "updated_date_time": "2015-07-21T23:33:23Z", "service_type": 1, "service_updated": "Admin"}, "model": "studios.service", "pk": 10}, {"fields": {"service_name": "Premium Shampooing", "is_active": true, "min_duration": 15, "updated_date_time": "2015-07-21T23:33:23Z", "service_type": 1, "service_updated": "Admin"}, "model": "studios.service", "pk": 11}, {"fields": {"service_name": "Head Shaving", "is_active": true, "min_duration": 15, "updated_date_time": "2015-07-21T23:33:23Z", "service_type": 1, "service_updated": "Admin"}, "model": "studios.service", "pk": 12}, {"fields": {"service_name": "Bright & Shine Facial", "is_active": true, "min_duration": 30, "updated_date_time": "2015-07-21T23:33:23Z", "service_type": 2, "service_updated": "Admin"}, "model": "studios.service", "pk": 13}, {"fields": {"service_name": "Fair Bloom Facial", "is_active": true, "min_duration": 45, "updated_date_time": "2015-07-21T23:33:23Z", "service_type": 2, "service_updated": "Admin"}, "model": "studios.service", "pk": 14}, {"fields": {"service_name": "White Sparkle Facial", "is_active": true, "min_duration": 60, "updated_date_time": "2015-07-21T23:33:23Z", "service_type": 2, "service_updated": "Admin"}, "model": "studios.service", "pk": 15}, {"fields": {"service_name": "Glowing Radiance Facial", "is_active": true, "min_duration": 45, "updated_date_time": "2015-07-21T23:33:23Z", "service_type": 2, "service_updated": "Admin"}, "model": "studios.service", "pk": 16}, {"fields": {"service_name": "Fair Bloom Facial Women", "is_active": true, "min_duration": 45, "updated_date_time": "2015-07-21T23:33:23Z", "service_type": 2, "service_updated": "Admin"}, "model": "studios.service", "pk": 17}, {"fields": {"service_name": "Skin Brightening Facial Women", "is_active": true, "min_duration": 60, "updated_date_time": "2015-07-22T00:07:57Z", "service_type": 2, "service_updated": "Admin"}, "model": "studios.service", "pk": 18}, {"fields": {"service_name": "Oxygen Facial - Women", "is_active": true, "min_duration": 120, "updated_date_time": "2015-07-22T00:07:57Z", "service_type": 2, "service_updated": "Admin"}, "model": "studios.service", "pk": 19}, {"fields": {"is_active": true, "last_signout_datetime": "2015-06-06T07:43:32Z", "last_login": "2015-06-06T07:43:58Z", "password": "nopass", "last_password_reset_datetime": "2015-06-06T07:44:15Z", "email": "studi1@gmail.com"}, "model": "studios.studio", "pk": 1}, {"fields": {"is_active": false, "last_signout_datetime": "2015-06-26T07:34:41.780Z", "last_login": "2015-06-26T07:37:56.540Z", "password": "Mithun", "last_password_reset_datetime": null, "email": "mittugotmail@gmail.coms"}, "model": "studios.studio", "pk": 2}, {"fields": {"is_active": false, "last_signout_datetime": "2015-06-26T07:34:41.780Z", "last_login": "2015-06-26T07:39:47.145Z", "password": "Mithun", "last_password_reset_datetime": null, "email": "mittugotmail@gmail.comsz"}, "model": "studios.studio", "pk": 3}, {"fields": {"is_active": true, "last_signout_datetime": "2015-07-19T14:21:07Z", "last_login": "2015-07-19T14:41:03Z", "password": "null", "last_password_reset_datetime": "2015-07-19T14:41:48Z", "email": "naturals_porur@zaloon.in"}, "model": "studios.studio", "pk": 4}, {"fields": {"is_active": true, "last_signout_datetime": "2015-07-21T23:33:23Z", "last_login": "2015-07-21T23:41:11Z", "password": "dummy", "last_password_reset_datetime": "2015-07-21T23:41:32Z", "email": "naturals_guindy@zaloon.in"}, "model": "studios.studio", "pk": 5}, {"fields": {"is_active": true, "last_signout_datetime": "2015-07-21T23:33:23Z", "last_login": "2015-07-21T23:41:37Z", "password": "dummy", "last_password_reset_datetime": "2015-07-21T23:42:10Z", "email": "naturals_adyar@zaloon.in"}, "model": "studios.studio", "pk": 6}, {"fields": {"is_active": true, "last_signout_datetime": "2015-07-21T23:33:23Z", "last_login": "2015-07-21T23:42:13Z", "password": "dummy", "last_password_reset_datetime": "2015-07-21T23:42:37Z", "email": "naturals_besant@zaloon.in"}, "model": "studios.studio", "pk": 7}, {"fields": {"is_active": true, "last_signout_datetime": "2015-07-21T23:33:23Z", "last_login": "2015-07-21T23:42:44Z", "password": "dummy", "last_password_reset_datetime": "2015-07-21T23:43:29Z", "email": "naturals_ramapuram@zaloon.in"}, "model": "studios.studio", "pk": 8}, {"fields": {"area": "Guindy,Chennai", "updated_date_time": "2015-06-26T07:32:06.200Z", "studio_name": "Green Trends", "mobile_no": "9677267542", "email": "greentrends@gmail.com", "service_updated": ""}, "model": "studios.studioaddrequest", "pk": 2}, {"fields": {"area": "Guindy,Chennai", "updated_date_time": "2015-06-26T07:32:06.200Z", "studio_name": "Green Trends", "mobile_no": "9677267542", "email": "vbnetmithun@gmail.com", "service_updated": ""}, "model": "studios.studioaddrequest", "pk": 3}, {"fields": {"area": "Guindy,Chennai", "updated_date_time": "2015-06-26T07:33:42.585Z", "studio_name": "Green Trends", "mobile_no": "9677267542", "email": "mittugotmail@gmail.com", "service_updated": ""}, "model": "studios.studioaddrequest", "pk": 4}, {"fields": {"area": "Guindy,Chennai", "updated_date_time": "2015-06-26T07:34:41.781Z", "studio_name": "Green Trends", "mobile_no": "9677267542", "email": "mittugotmail@gmail.coms", "service_updated": ""}, "model": "studios.studioaddrequest", "pk": 5}, {"fields": {"area": "Guindy,Chennai", "updated_date_time": "2015-06-26T07:34:41.781Z", "studio_name": "Green Trends", "mobile_no": "9677267542", "email": "mittugotmail@gmail.comsz", "service_updated": ""}, "model": "studios.studioaddrequest", "pk": 6}, {"fields": {"type_desc": "Saloon", "is_active": true, "service_updated": "Admin", "updated_date_time": "2015-05-30T20:46:49Z"}, "model": "studios.studiotype", "pk": 1}, {"fields": {"type_desc": "Beauty Parolur", "is_active": true, "service_updated": "Admin", "updated_date_time": "2015-07-19T14:21:07Z"}, "model": "studios.studiotype", "pk": 2}, {"fields": {"type_desc": "SPA", "is_active": true, "service_updated": "Admin", "updated_date_time": "2015-07-19T14:21:07Z"}, "model": "studios.studiotype", "pk": 3}, {"fields": {"city": "Karaikudi", "contact_person_2": "Jawahar", "contact_person_1": "Mithun", "country": "India", "landline_no_2": "54812888", "group_name": "B&W", "secondary_email": "jawa@gmail.com", "total_branches": 1, "landline_no_1": "40025448", "updated_date_time": "2015-05-30T20:46:49Z", "primary_email": "vbnetmithun@gmail.com", "address": "128/1 bharathi nagar", "mobile_no_2": "964897412", "mobile_no_1": "965478912", "service_updated": "Admin"}, "model": "studios.studiogroup", "pk": 1}, {"fields": {"city": "Chennai", "contact_person_2": "Kim", "contact_person_1": "Jim", "country": "India", "landline_no_2": "91 44 4967 2121", "group_name": "Naturals", "secondary_email": "naturals_2@naturals.com", "total_branches": 10, "landline_no_1": "91 44 4967 2121", "updated_date_time": "2015-07-19T14:21:07Z", "primary_email": "naturals@naturals.com", "address": "No.9B, Ganga Griha, 1st Floor, Nungambakkam High Road, Chennai - 600034 Tamil Nadu -India Land Mark:opposite to Ispahani Centre.", "mobile_no_2": "964897411", "mobile_no_1": "965478912", "service_updated": "Admin"}, "model": "studios.studiogroup", "pk": 2}, {"fields": {"city": "Chennai", "contact_person_2": "Cory", "contact_person_1": "Dave", "country": "India", "landline_no_2": " 04466317569", "group_name": "Green Trends", "secondary_email": "head_ofc2@greentrends.in", "total_branches": 30, "landline_no_1": " 04466317569", "updated_date_time": "2015-07-21T23:33:23Z", "primary_email": "head_ofc@greentrends.in", "address": "Green Trends,\r\nTrends in Vogue Pvt. Ltd,\r\n#12, Cenetoph Road,\r\nChennai - 600 018", "mobile_no_2": "964897411", "mobile_no_1": "965478911", "service_updated": "Admin"}, "model": "studios.studiogroup", "pk": 3}, {"fields": {"city": "Chennai", "contact_person_2": "Kinal", "contact_person_1": "Mike", "country": "India", "landline_no_2": "54812888", "group_name": "Black and White", "secondary_email": "head_ofc2@bw.com", "total_branches": 40, "landline_no_1": " 04466317569", "updated_date_time": "2015-07-21T23:33:23Z", "primary_email": "head_ofc@bw.com", "address": "Old No.137, New No.269, Lloyds Road\r\nAvvai Shanmugam Salai, Pudupet, Gopalapuram, Chennai, Tamil Nadu", "mobile_no_2": "309754023754", "mobile_no_1": "965478912", "service_updated": "Admin"}, "model": "studios.studiogroup", "pk": 4}, {"fields": {"updated_date_time": "2015-06-19T07:36:49Z", "is_active": true, "service_updated": "Admin", "kind_desc": "Men"}, "model": "studios.studiokind", "pk": 1}, {"fields": {"updated_date_time": "2015-07-19T14:50:38Z", "is_active": true, "service_updated": "Admin", "kind_desc": "Women"}, "model": "studios.studiokind", "pk": 2}, {"fields": {"updated_date_time": "2015-07-19T14:50:38Z", "is_active": true, "service_updated": "Admin", "kind_desc": "Unisex"}, "model": "studios.studiokind", "pk": 3}, {"fields": {"studio_kind": 1, "in_charge_person": "Mithun", "daily_studio_closed_from": "12:00:00", "contact_mobile_no": "964897412", "opening_at": "10:00:00", "studio_group": 1, "is_closed": false, "city": "Karaikudi", "area": "Karaikudi, Tamil Nadu, India", "updated_date_time": "2015-05-30T20:46:49Z", "state": "TN", "closing_at": "22:00:00", "latitude": "13.0084", "is_ac": true, "thumbnail": "img_gallery/download.jpg", "studio_type": 1, "is_active": true, "studio": 1, "incharge_mobile_no": "965478912", "name": "B&W KKDI", "country": "India", "has_online_payment": false, "longitude": "80.2127", "landline_no_1": "40025448", "address_1": "128/1 Bharathi Nagar", "address_2": "Kalanivasal, ", "landline_no_2": "54812888", "landmark": "eb office", "contact_person": "Jawa", "service_updated": "Admin", "daily_studio_closed_till": "13:00:00"}, "model": "studios.studioprofile", "pk": 1}, {"fields": {"studio_kind": 1, "in_charge_person": "Raju", "daily_studio_closed_from": "12:00:00", "contact_mobile_no": "9677267514", "opening_at": "07:00:00", "studio_group": 1, "is_closed": false, "city": "Chennai", "area": "Karaikudi, Tamil Nadu, India", "updated_date_time": "2015-06-19T17:03:46Z", "state": "Tamil Nadu", "closing_at": "20:00:00", "latitude": "13.032083", "is_ac": true, "thumbnail": "img_gallery/images.jpg", "studio_type": 1, "is_active": true, "studio": 2, "incharge_mobile_no": "9677267542", "name": "Greenn Trends Porur", "country": "India", "has_online_payment": false, "longitude": "80.161797", "landline_no_1": "0442558236", "address_1": "Shanthi Nagar", "address_2": "Ramapuram", "landline_no_2": "0442581021", "landmark": "eb office", "contact_person": "Vijay", "service_updated": "Admin", "daily_studio_closed_till": "13:00:00"}, "model": "studios.studioprofile", "pk": 2}, {"fields": {"studio_kind": 1, "in_charge_person": "Mithun", "daily_studio_closed_from": "12:00:00", "contact_mobile_no": "9677267514", "opening_at": "07:00:00", "studio_group": 2, "is_closed": false, "city": "Chennai", "area": "porur", "updated_date_time": "2015-07-19T14:21:07Z", "state": "Tamil Nadu", "closing_at": "22:00:00", "latitude": "12.9866591", "is_ac": true, "thumbnail": "img_gallery/images_5.jpg", "studio_type": 1, "is_active": true, "studio": 4, "incharge_mobile_no": "9677267542", "name": "Naturals, Porur", "country": "India", "has_online_payment": true, "longitude": "80.18937", "landline_no_1": "0442558236", "address_1": "mugalivakam", "address_2": "main road", "landline_no_2": "0442581021", "landmark": "near Dominos", "contact_person": "Asha", "service_updated": "Admin", "daily_studio_closed_till": "13:00:00"}, "model": "studios.studioprofile", "pk": 3}, {"fields": {"studio_kind": 3, "in_charge_person": "Raju", "daily_studio_closed_from": "10:00:00", "contact_mobile_no": "964897412", "opening_at": "07:00:00", "studio_group": 2, "is_closed": false, "city": "Chennai", "area": "Guindy", "updated_date_time": "2015-07-21T23:33:23Z", "state": "Tamil Nadu", "closing_at": "15:00:00", "latitude": "13.012652", "is_ac": true, "thumbnail": "img_gallery/download.jpg", "studio_type": 1, "is_active": true, "studio": 5, "incharge_mobile_no": "965478912", "name": "Naturals, Guindy", "country": "India", "has_online_payment": true, "longitude": "80.230092", "landline_no_1": "40025448", "address_1": "Shanthi Nagar", "address_2": "Kalanivasal, ", "landline_no_2": "54812888", "landmark": "Near SPIC", "contact_person": "Vijay", "service_updated": "Admin", "daily_studio_closed_till": "11:00:00"}, "model": "studios.studioprofile", "pk": 4}, {"fields": {"studio_kind": 3, "in_charge_person": "Murali", "daily_studio_closed_from": "13:30:00", "contact_mobile_no": "9677267514", "opening_at": "09:00:00", "studio_group": 2, "is_closed": false, "city": "Chennai", "area": "Adyar", "updated_date_time": "2015-07-22T00:20:33Z", "state": "Tamil Nadu", "closing_at": "21:30:00", "latitude": "13.001664", "is_ac": true, "thumbnail": "img_gallery/download_2.jpg", "studio_type": 1, "is_active": true, "studio": 6, "incharge_mobile_no": "965478912", "name": "Naturals, Adyar", "country": "India", "has_online_payment": false, "longitude": "80.249113", "landline_no_1": "40025448", "address_1": "128/1 Bharathi Nagar", "address_2": "Kalanivasal, ", "landline_no_2": "54812888", "landmark": "Near Cafe coffee day", "contact_person": "Adharva", "service_updated": "Admin", "daily_studio_closed_till": "15:00:00"}, "model": "studios.studioprofile", "pk": 5}, {"fields": {"studio_kind": 3, "in_charge_person": "Meena", "daily_studio_closed_from": "13:00:00", "contact_mobile_no": "964897412", "opening_at": "08:00:00", "studio_group": 2, "is_closed": false, "city": "Chennai", "area": "Besant Nagar", "updated_date_time": "2015-07-22T00:21:55Z", "state": "Tamil Nadu", "closing_at": "18:00:00", "latitude": "12.999469", "is_ac": true, "thumbnail": "img_gallery/images_4.jpg", "studio_type": 1, "is_active": true, "studio": 7, "incharge_mobile_no": "965478912", "name": "Naturals, Besant Nagar", "country": "India", "has_online_payment": true, "longitude": "80.270442", "landline_no_1": "40025448", "address_1": "128/1 Bharathi Nagar", "address_2": "Kalanivasal", "landline_no_2": "54812888", "landmark": "Near besant nagar beach", "contact_person": "Trisha", "service_updated": "Admin", "daily_studio_closed_till": "13:30:00"}, "model": "studios.studioprofile", "pk": 6}, {"fields": {"studio_kind": 2, "in_charge_person": "Santhanam", "daily_studio_closed_from": "13:00:00", "contact_mobile_no": "964897412", "opening_at": "12:00:00", "studio_group": 2, "is_closed": false, "city": "Chennai", "area": "Ramapuram, Porur", "updated_date_time": "2015-07-22T00:21:55Z", "state": "Tamil Nadu", "closing_at": "21:00:00", "latitude": "13.027447", "is_ac": true, "thumbnail": "img_gallery/images_5.jpg", "studio_type": 1, "is_active": true, "studio": 8, "incharge_mobile_no": "965478912", "name": "Naturals, Ramapuram", "country": "India", "has_online_payment": true, "longitude": "80.177101", "landline_no_1": "40025448", "address_1": "Shanthi Nagar", "address_2": "Ramapuram", "landline_no_2": "54812888", "landmark": "Near ICICI bank", "contact_person": "Arya", "service_updated": "Admin", "daily_studio_closed_till": "14:00:00"}, "model": "studios.studioprofile", "pk": 7}, {"fields": {"updated_date_time": "2015-05-31T17:44:22Z", "is_active": true, "amenity_name": "AC", "service_updated": "Admin"}, "model": "studios.amenities", "pk": 1}, {"fields": {"updated_date_time": "2015-05-31T17:44:22Z", "studio_profile": 1, "is_active": true, "amenity": 1, "service_updated": "Admin"}, "model": "studios.studioamenities", "pk": 1}, {"fields": {"studio_profile": 1, "service": 1, "updated_date_time": "2015-05-31T07:15:42Z", "price": 120.0, "is_active": true, "mins_takes": 15, "service_updated": "Admin"}, "model": "studios.studioservices", "pk": 1}, {"fields": {"studio_profile": 1, "service": 2, "updated_date_time": "2015-05-31T07:28:40Z", "price": 120.0, "is_active": true, "mins_takes": 15, "service_updated": "Admin"}, "model": "studios.studioservices", "pk": 2}, {"fields": {"studio_profile": 4, "service": 5, "updated_date_time": "2015-07-21T23:33:23Z", "price": 100.0, "is_active": true, "mins_takes": 15, "service_updated": "Admin"}, "model": "studios.studioservices", "pk": 3}, {"fields": {"studio_profile": 4, "service": 2, "updated_date_time": "2015-07-21T23:33:23Z", "price": 200.0, "is_active": true, "mins_takes": 30, "service_updated": "Admin"}, "model": "studios.studioservices", "pk": 4}, {"fields": {"studio_profile": 4, "service": 4, "updated_date_time": "2015-07-21T23:33:23Z", "price": 250.0, "is_active": true, "mins_takes": 45, "service_updated": "Admin"}, "model": "studios.studioservices", "pk": 5}, {"fields": {"studio_profile": 4, "service": 9, "updated_date_time": "2015-07-21T23:33:23Z", "price": 75.0, "is_active": true, "mins_takes": 15, "service_updated": "Admin"}, "model": "studios.studioservices", "pk": 6}, {"fields": {"studio_profile": 1, "service": 3, "updated_date_time": "2015-07-22T22:39:38Z", "price": 100.0, "is_active": true, "mins_takes": 30, "service_updated": "Admin"}, "model": "studios.studioservices", "pk": 7}, {"fields": {"studio_profile": 1, "service": 4, "updated_date_time": "2015-07-22T22:39:38Z", "price": 200.0, "is_active": true, "mins_takes": 45, "service_updated": "Admin"}, "model": "studios.studioservices", "pk": 8}, {"fields": {"studio_profile": 1, "service": 5, "updated_date_time": "2015-07-22T22:39:38Z", "price": 50.0, "is_active": true, "mins_takes": 15, "service_updated": "Admin"}, "model": "studios.studioservices", "pk": 9}, {"fields": {"studio_profile": 1, "service": 6, "updated_date_time": "2015-07-22T22:39:38Z", "price": 60.0, "is_active": true, "mins_takes": 15, "service_updated": "Admin"}, "model": "studios.studioservices", "pk": 10}, {"fields": {"studio_profile": 1, "service": 7, "updated_date_time": "2015-07-22T22:39:38Z", "price": 570.0, "is_active": true, "mins_takes": 120, "service_updated": "Admin"}, "model": "studios.studioservices", "pk": 11}, {"fields": {"studio_profile": 2, "service": 3, "updated_date_time": "2015-07-22T22:39:38Z", "price": 100.0, "is_active": true, "mins_takes": 30, "service_updated": "Admin"}, "model": "studios.studioservices", "pk": 12}, {"fields": {"studio_profile": 2, "service": 4, "updated_date_time": "2015-07-22T22:39:38Z", "price": 100.0, "is_active": true, "mins_takes": 60, "service_updated": "Admin"}, "model": "studios.studioservices", "pk": 13}, {"fields": {"studio_profile": 2, "service": 5, "updated_date_time": "2015-07-22T22:39:38Z", "price": 60.0, "is_active": true, "mins_takes": 15, "service_updated": "Admin"}, "model": "studios.studioservices", "pk": 14}, {"fields": {"studio_profile": 2, "service": 8, "updated_date_time": "2015-07-22T22:39:38Z", "price": 200.0, "is_active": true, "mins_takes": 60, "service_updated": "Admin"}, "model": "studios.studioservices", "pk": 15}, {"fields": {"studio_profile": 2, "service": 14, "updated_date_time": "2015-07-22T22:39:38Z", "price": 900.0, "is_active": true, "mins_takes": 120, "service_updated": "Admin"}, "model": "studios.studioservices", "pk": 16}, {"fields": {"studio_profile": 2, "service": 12, "updated_date_time": "2015-07-22T22:45:20Z", "price": 120.0, "is_active": true, "mins_takes": 60, "service_updated": "Admin"}, "model": "studios.studioservices", "pk": 17}, {"fields": {"studio_profile": 2, "service": 13, "updated_date_time": "2015-07-22T22:45:20Z", "price": 300.0, "is_active": true, "mins_takes": 90, "service_updated": "Admin"}, "model": "studios.studioservices", "pk": 18}, {"fields": {"studio_profile": 2, "service": 17, "updated_date_time": "2015-07-22T22:45:20Z", "price": 500.0, "is_active": true, "mins_takes": 120, "service_updated": "Admin"}, "model": "studios.studioservices", "pk": 19}, {"fields": {"studio_profile": 2, "service": 16, "updated_date_time": "2015-07-22T22:45:20Z", "price": 900.0, "is_active": true, "mins_takes": 120, "service_updated": "Admin"}, "model": "studios.studioservices", "pk": 20}, {"fields": {"studio_profile": 2, "service": 19, "updated_date_time": "2015-07-22T22:45:20Z", "price": 900.0, "is_active": true, "mins_takes": 120, "service_updated": "Admin"}, "model": "studios.studioservices", "pk": 21}, {"fields": {"studio_profile": 3, "service": 1, "updated_date_time": "2015-07-22T22:45:20Z", "price": 900.0, "is_active": true, "mins_takes": 120, "service_updated": "Admin"}, "model": "studios.studioservices", "pk": 22}, {"fields": {"studio_profile": 3, "service": 3, "updated_date_time": "2015-07-22T22:45:20Z", "price": 120.0, "is_active": true, "mins_takes": 90, "service_updated": "Admin"}, "model": "studios.studioservices", "pk": 23}, {"fields": {"studio_profile": 3, "service": 5, "updated_date_time": "2015-07-22T23:01:09Z", "price": 120.0, "is_active": true, "mins_takes": 30, "service_updated": "Admin"}, "model": "studios.studioservices", "pk": 24}, {"fields": {"studio_profile": 3, "service": 6, "updated_date_time": "2015-07-22T23:01:09Z", "price": 40.0, "is_active": true, "mins_takes": 30, "service_updated": "Admin"}, "model": "studios.studioservices", "pk": 25}, {"fields": {"studio_profile": 3, "service": 7, "updated_date_time": "2015-07-22T23:01:09Z", "price": 500.0, "is_active": true, "mins_takes": 30, "service_updated": "Admin"}, "model": "studios.studioservices", "pk": 26}, {"fields": {"studio_profile": 3, "service": 10, "updated_date_time": "2015-07-22T23:01:09Z", "price": 300.0, "is_active": true, "mins_takes": 30, "service_updated": "Admin"}, "model": "studios.studioservices", "pk": 27}, {"fields": {"studio_profile": 3, "service": 9, "updated_date_time": "2015-07-22T23:01:09Z", "price": 200.0, "is_active": true, "mins_takes": 45, "service_updated": "Admin"}, "model": "studios.studioservices", "pk": 28}, {"fields": {"studio_profile": 3, "service": 11, "updated_date_time": "2015-07-22T23:01:09Z", "price": 300.0, "is_active": true, "mins_takes": 45, "service_updated": "Admin"}, "model": "studios.studioservices", "pk": 29}, {"fields": {"studio_profile": 3, "service": 12, "updated_date_time": "2015-07-22T23:01:09Z", "price": 450.0, "is_active": true, "mins_takes": 30, "service_updated": "Admin"}, "model": "studios.studioservices", "pk": 30}, {"fields": {"studio_profile": 3, "service": 13, "updated_date_time": "2015-07-22T23:01:09Z", "price": 300.0, "is_active": true, "mins_takes": 30, "service_updated": "Admin"}, "model": "studios.studioservices", "pk": 31}, {"fields": {"studio_profile": 3, "service": 19, "updated_date_time": "2015-07-22T23:01:09Z", "price": 400.0, "is_active": true, "mins_takes": 30, "service_updated": "Admin"}, "model": "studios.studioservices", "pk": 32}, {"fields": {"studio_profile": 3, "service": 17, "updated_date_time": "2015-07-22T23:01:09Z", "price": 500.0, "is_active": true, "mins_takes": 120, "service_updated": "Admin"}, "model": "studios.studioservices", "pk": 33}, {"fields": {"studio_profile": 4, "service": 7, "updated_date_time": "2015-07-22T23:01:09Z", "price": 400.0, "is_active": true, "mins_takes": 120, "service_updated": "Admin"}, "model": "studios.studioservices", "pk": 34}, {"fields": {"studio_profile": 7, "service": 1, "updated_date_time": "2015-08-15T17:25:35Z", "price": 120.0, "is_active": true, "mins_takes": 30, "service_updated": "Admin"}, "model": "studios.studioservices", "pk": 35}, {"fields": {"updated_date_time": "2015-06-06T07:45:08Z", "closed_on_day": "Sunday", "service_updated": "Admin", "closed_on_desc": "week close day"}, "model": "studios.closedates", "pk": 1}, {"fields": {"updated_date_time": "2015-07-20T00:51:04Z", "closed_on_day": "Tuesday", "service_updated": "Admin", "closed_on_desc": "week close day"}, "model": "studios.closedates", "pk": 2}, {"fields": {"updated_date_time": "2015-07-22T00:14:10Z", "closed_on_day": "Monday", "service_updated": "Admin", "closed_on_desc": "Weekly close days"}, "model": "studios.closedates", "pk": 3}, {"fields": {"updated_date_time": "2015-07-22T00:14:10Z", "closed_on_day": "Wednesday", "service_updated": "Admin", "closed_on_desc": "Weekly close days"}, "model": "studios.closedates", "pk": 4}, {"fields": {"updated_date_time": "2015-07-22T00:14:10Z", "closed_on_day": "Thursday", "service_updated": "Admin", "closed_on_desc": "Weekly close days"}, "model": "studios.closedates", "pk": 5}, {"fields": {"updated_date_time": "2015-07-22T00:14:10Z", "closed_on_day": "Friday", "service_updated": "Admin", "closed_on_desc": "Weekly close days"}, "model": "studios.closedates", "pk": 6}, {"fields": {"updated_date_time": "2015-07-22T00:14:10Z", "closed_on_day": "Saturday", "service_updated": "Admin", "closed_on_desc": "Weekly close days"}, "model": "studios.closedates", "pk": 7}, {"fields": {"is_active": true, "closed_on": 1, "studio": 1, "service_updated": "Admin", "updated_date_time": "2015-06-06T07:45:08Z"}, "model": "studios.studiocloseddetails", "pk": 1}, {"fields": {"is_active": true, "closed_on": 1, "studio": 4, "service_updated": "Admin", "updated_date_time": "2015-07-21T23:33:23Z"}, "model": "studios.studiocloseddetails", "pk": 2}, {"fields": {"is_active": true, "closed_on": 7, "studio": 2, "service_updated": "Admin", "updated_date_time": "2015-07-22T00:14:10Z"}, "model": "studios.studiocloseddetails", "pk": 3}, {"fields": {"is_active": true, "closed_on": 1, "studio": 3, "service_updated": "Admin", "updated_date_time": "2015-07-22T00:14:10Z"}, "model": "studios.studiocloseddetails", "pk": 4}, {"fields": {"is_active": true, "closed_on": 3, "studio": 6, "service_updated": "Admin", "updated_date_time": "2015-07-22T00:21:55Z"}, "model": "studios.studiocloseddetails", "pk": 5}, {"fields": {"is_active": true, "closed_on": 6, "studio": 7, "service_updated": "Admin", "updated_date_time": "2015-07-22T00:21:55Z"}, "model": "studios.studiocloseddetails", "pk": 6}, {"fields": {"is_active": true, "closed_on": 7, "studio": 3, "service_updated": "Admin", "updated_date_time": "2015-07-31T17:03:35Z"}, "model": "studios.studiocloseddetails", "pk": 7}, {"fields": {"picture": "img_gallery/1/08salon2k.jpg", "studio_profile": 1, "service_updated": "Admin", "updated_date_time": "2015-05-31T17:48:15Z"}, "model": "studios.studiopicture", "pk": 2}, {"fields": {"picture": "img_gallery/1/48-sf-aspirations-salon-opening.jpg", "studio_profile": 1, "service_updated": "Admin", "updated_date_time": "2015-07-22T23:01:09Z"}, "model": "studios.studiopicture", "pk": 3}, {"fields": {"picture": "img_gallery/1/900000a.jpg", "studio_profile": 1, "service_updated": "Admin", "updated_date_time": "2015-07-22T23:01:09Z"}, "model": "studios.studiopicture", "pk": 4}, {"fields": {"picture": "img_gallery/1/Anthonydavid_016b.jpg", "studio_profile": 1, "service_updated": "Admin", "updated_date_time": "2015-07-22T23:01:09Z"}, "model": "studios.studiopicture", "pk": 5}, {"fields": {"picture": "img_gallery/1/appointment_salon-photos-by-stephanie-050.jpg", "studio_profile": 1, "service_updated": "Admin", "updated_date_time": "2015-07-22T23:01:09Z"}, "model": "studios.studiopicture", "pk": 6}, {"fields": {"picture": "img_gallery/2/beauty-salon-2.jpg", "studio_profile": 2, "service_updated": "Admin", "updated_date_time": "2015-07-22T23:01:09Z"}, "model": "studios.studiopicture", "pk": 7}, {"fields": {"picture": "img_gallery/2/Hair-Salon-1.jpg", "studio_profile": 2, "service_updated": "Admin", "updated_date_time": "2015-07-22T23:01:09Z"}, "model": "studios.studiopicture", "pk": 8}, {"fields": {"picture": "img_gallery/2/Hair-Salon-Design-Ideas2.jpg", "studio_profile": 2, "service_updated": "Admin", "updated_date_time": "2015-07-22T23:01:09Z"}, "model": "studios.studiopicture", "pk": 9}, {"fields": {"picture": "img_gallery/2/Hair-Salons-Pictures7.jpg", "studio_profile": 2, "service_updated": "Admin", "updated_date_time": "2015-07-22T23:01:09Z"}, "model": "studios.studiopicture", "pk": 10}, {"fields": {"picture": "img_gallery/2/LYF-Salon-Pic.jpg", "studio_profile": 2, "service_updated": "Admin", "updated_date_time": "2015-07-22T23:01:09Z"}, "model": "studios.studiopicture", "pk": 11}, {"fields": {"picture": "img_gallery/4/LYF-Salon-Pic.jpg", "studio_profile": 4, "service_updated": "Admin", "updated_date_time": "2015-07-22T23:01:09Z"}, "model": "studios.studiopicture", "pk": 12}, {"fields": {"picture": "img_gallery/4/Superyacht-Quinta-Essentia-Main-Salon-Photo-credit-to-Emilio-Bianchi.jpg", "studio_profile": 4, "service_updated": "Admin", "updated_date_time": "2015-07-22T23:01:09Z"}, "model": "studios.studiopicture", "pk": 13}, {"fields": {"picture": "img_gallery/4/spa_salon_masthead.jpg", "studio_profile": 4, "service_updated": "Admin", "updated_date_time": "2015-07-22T23:01:09Z"}, "model": "studios.studiopicture", "pk": 14}, {"fields": {"picture": "img_gallery/4/salon-vox.jpg", "studio_profile": 4, "service_updated": "Admin", "updated_date_time": "2015-07-22T23:01:09Z"}, "model": "studios.studiopicture", "pk": 15}, {"fields": {"picture": "img_gallery/4/salon-furniture-warehouse-OGoq.jpg", "studio_profile": 4, "service_updated": "Admin", "updated_date_time": "2015-07-22T23:01:09Z"}, "model": "studios.studiopicture", "pk": 16}, {"fields": {"picture": "img_gallery/5/salon-1-wide.jpg", "studio_profile": 5, "service_updated": "Admin", "updated_date_time": "2015-07-22T23:01:09Z"}, "model": "studios.studiopicture", "pk": 17}, {"fields": {"picture": "img_gallery/5/Salon_de_Jeunesse_003.JPG", "studio_profile": 5, "service_updated": "Admin", "updated_date_time": "2015-07-22T23:01:09Z"}, "model": "studios.studiopicture", "pk": 18}, {"fields": {"picture": "img_gallery/5/salon.jpg", "studio_profile": 5, "service_updated": "Admin", "updated_date_time": "2015-07-22T23:01:09Z"}, "model": "studios.studiopicture", "pk": 19}, {"fields": {"picture": "img_gallery/6/Salon_1.jpg", "studio_profile": 6, "service_updated": "Admin", "updated_date_time": "2015-07-22T23:01:09Z"}, "model": "studios.studiopicture", "pk": 20}, {"fields": {"picture": "img_gallery/6/PRSalonphoto.jpg", "studio_profile": 6, "service_updated": "Admin", "updated_date_time": "2015-07-22T23:01:09Z"}, "model": "studios.studiopicture", "pk": 21}, {"fields": {"picture": "img_gallery/6/Prive-Salon-NYC.jpg", "studio_profile": 6, "service_updated": "Admin", "updated_date_time": "2015-07-22T23:01:09Z"}, "model": "studios.studiopicture", "pk": 22}, {"fields": {"picture": "img_gallery/6/Modern-Hair-Salon-Decorating-Ideas8.jpg", "studio_profile": 6, "service_updated": "Admin", "updated_date_time": "2015-07-22T23:01:09Z"}, "model": "studios.studiopicture", "pk": 23}, {"fields": {"picture": "img_gallery/6/LYF-Salon-Pic.jpg", "studio_profile": 6, "service_updated": "Admin", "updated_date_time": "2015-07-22T23:01:09Z"}, "model": "studios.studiopicture", "pk": 24}, {"fields": {"picture": "img_gallery/6/48-sf-aspirations-salon-opening.jpg", "studio_profile": 6, "service_updated": "Admin", "updated_date_time": "2015-07-22T23:01:09Z"}, "model": "studios.studiopicture", "pk": 25}, {"fields": {"picture": "img_gallery/6/beauty-salon-2.jpg", "studio_profile": 6, "service_updated": "Admin", "updated_date_time": "2015-07-22T23:01:09Z"}, "model": "studios.studiopicture", "pk": 26}, {"fields": {"picture": "img_gallery/7/900000a.jpg", "studio_profile": 7, "service_updated": "Admin", "updated_date_time": "2015-07-22T23:01:09Z"}, "model": "studios.studiopicture", "pk": 27}, {"fields": {"picture": "img_gallery/7/RadioSalon-19.jpg", "studio_profile": 7, "service_updated": "Admin", "updated_date_time": "2015-07-22T23:01:09Z"}, "model": "studios.studiopicture", "pk": 28}, {"fields": {"picture": "img_gallery/7/PRSalonphoto.jpg", "studio_profile": 7, "service_updated": "Admin", "updated_date_time": "2015-07-22T23:01:09Z"}, "model": "studios.studiopicture", "pk": 29}, {"fields": {"picture": "img_gallery/3/salon-furniture-warehouse-OGoq.jpg", "studio_profile": 3, "service_updated": "Admin", "updated_date_time": "2015-07-25T05:44:11Z"}, "model": "studios.studiopicture", "pk": 30}, {"fields": {"picture": "img_gallery/3/salon_2.jpg", "studio_profile": 3, "service_updated": "Admin", "updated_date_time": "2015-07-25T05:44:11Z"}, "model": "studios.studiopicture", "pk": 31}, {"fields": {"codename": "add_logentry", "name": "Can add log entry", "content_type": 1}, "model": "auth.permission", "pk": 1}, {"fields": {"codename": "change_logentry", "name": "Can change log entry", "content_type": 1}, "model": "auth.permission", "pk": 2}, {"fields": {"codename": "delete_logentry", "name": "Can delete log entry", "content_type": 1}, "model": "auth.permission", "pk": 3}, {"fields": {"codename": "add_permission", "name": "Can add permission", "content_type": 2}, "model": "auth.permission", "pk": 4}, {"fields": {"codename": "change_permission", "name": "Can change permission", "content_type": 2}, "model": "auth.permission", "pk": 5}, {"fields": {"codename": "delete_permission", "name": "Can delete permission", "content_type": 2}, "model": "auth.permission", "pk": 6}, {"fields": {"codename": "add_group", "name": "Can add group", "content_type": 3}, "model": "auth.permission", "pk": 7}, {"fields": {"codename": "change_group", "name": "Can change group", "content_type": 3}, "model": "auth.permission", "pk": 8}, {"fields": {"codename": "delete_group", "name": "Can delete group", "content_type": 3}, "model": "auth.permission", "pk": 9}, {"fields": {"codename": "add_user", "name": "Can add user", "content_type": 4}, "model": "auth.permission", "pk": 10}, {"fields": {"codename": "change_user", "name": "Can change user", "content_type": 4}, "model": "auth.permission", "pk": 11}, {"fields": {"codename": "delete_user", "name": "Can delete user", "content_type": 4}, "model": "auth.permission", "pk": 12}, {"fields": {"codename": "add_contenttype", "name": "Can add content type", "content_type": 5}, "model": "auth.permission", "pk": 13}, {"fields": {"codename": "change_contenttype", "name": "Can change content type", "content_type": 5}, "model": "auth.permission", "pk": 14}, {"fields": {"codename": "delete_contenttype", "name": "Can delete content type", "content_type": 5}, "model": "auth.permission", "pk": 15}, {"fields": {"codename": "add_session", "name": "Can add session", "content_type": 6}, "model": "auth.permission", "pk": 16}, {"fields": {"codename": "change_session", "name": "Can change session", "content_type": 6}, "model": "auth.permission", "pk": 17}, {"fields": {"codename": "delete_session", "name": "Can delete session", "content_type": 6}, "model": "auth.permission", "pk": 18}, {"fields": {"codename": "add_application", "name": "Can add application", "content_type": 7}, "model": "auth.permission", "pk": 19}, {"fields": {"codename": "change_application", "name": "Can change application", "content_type": 7}, "model": "auth.permission", "pk": 20}, {"fields": {"codename": "delete_application", "name": "Can delete application", "content_type": 7}, "model": "auth.permission", "pk": 21}, {"fields": {"codename": "add_grant", "name": "Can add grant", "content_type": 8}, "model": "auth.permission", "pk": 22}, {"fields": {"codename": "change_grant", "name": "Can change grant", "content_type": 8}, "model": "auth.permission", "pk": 23}, {"fields": {"codename": "delete_grant", "name": "Can delete grant", "content_type": 8}, "model": "auth.permission", "pk": 24}, {"fields": {"codename": "add_accesstoken", "name": "Can add access token", "content_type": 9}, "model": "auth.permission", "pk": 25}, {"fields": {"codename": "change_accesstoken", "name": "Can change access token", "content_type": 9}, "model": "auth.permission", "pk": 26}, {"fields": {"codename": "delete_accesstoken", "name": "Can delete access token", "content_type": 9}, "model": "auth.permission", "pk": 27}, {"fields": {"codename": "add_refreshtoken", "name": "Can add refresh token", "content_type": 10}, "model": "auth.permission", "pk": 28}, {"fields": {"codename": "change_refreshtoken", "name": "Can change refresh token", "content_type": 10}, "model": "auth.permission", "pk": 29}, {"fields": {"codename": "delete_refreshtoken", "name": "Can delete refresh token", "content_type": 10}, "model": "auth.permission", "pk": 30}, {"fields": {"codename": "add_usersocialauth", "name": "Can add user social auth", "content_type": 11}, "model": "auth.permission", "pk": 31}, {"fields": {"codename": "change_usersocialauth", "name": "Can change user social auth", "content_type": 11}, "model": "auth.permission", "pk": 32}, {"fields": {"codename": "delete_usersocialauth", "name": "Can delete user social auth", "content_type": 11}, "model": "auth.permission", "pk": 33}, {"fields": {"codename": "add_nonce", "name": "Can add nonce", "content_type": 12}, "model": "auth.permission", "pk": 34}, {"fields": {"codename": "change_nonce", "name": "Can change nonce", "content_type": 12}, "model": "auth.permission", "pk": 35}, {"fields": {"codename": "delete_nonce", "name": "Can delete nonce", "content_type": 12}, "model": "auth.permission", "pk": 36}, {"fields": {"codename": "add_association", "name": "Can add association", "content_type": 13}, "model": "auth.permission", "pk": 37}, {"fields": {"codename": "change_association", "name": "Can change association", "content_type": 13}, "model": "auth.permission", "pk": 38}, {"fields": {"codename": "delete_association", "name": "Can delete association", "content_type": 13}, "model": "auth.permission", "pk": 39}, {"fields": {"codename": "add_code", "name": "Can add code", "content_type": 14}, "model": "auth.permission", "pk": 40}, {"fields": {"codename": "change_code", "name": "Can change code", "content_type": 14}, "model": "auth.permission", "pk": 41}, {"fields": {"codename": "delete_code", "name": "Can delete code", "content_type": 14}, "model": "auth.permission", "pk": 42}, {"fields": {"codename": "add_userprofile", "name": "Can add user profile", "content_type": 15}, "model": "auth.permission", "pk": 43}, {"fields": {"codename": "change_userprofile", "name": "Can change user profile", "content_type": 15}, "model": "auth.permission", "pk": 44}, {"fields": {"codename": "delete_userprofile", "name": "Can delete user profile", "content_type": 15}, "model": "auth.permission", "pk": 45}, {"fields": {"codename": "add_purchase", "name": "Can add purchase", "content_type": 16}, "model": "auth.permission", "pk": 46}, {"fields": {"codename": "change_purchase", "name": "Can change purchase", "content_type": 16}, "model": "auth.permission", "pk": 47}, {"fields": {"codename": "delete_purchase", "name": "Can delete purchase", "content_type": 16}, "model": "auth.permission", "pk": 48}, {"fields": {"codename": "add_bookingdetails", "name": "Can add booking details", "content_type": 17}, "model": "auth.permission", "pk": 49}, {"fields": {"codename": "change_bookingdetails", "name": "Can change booking details", "content_type": 17}, "model": "auth.permission", "pk": 50}, {"fields": {"codename": "delete_bookingdetails", "name": "Can delete booking details", "content_type": 17}, "model": "auth.permission", "pk": 51}, {"fields": {"codename": "add_bookingservices", "name": "Can add booking services", "content_type": 19}, "model": "auth.permission", "pk": 55}, {"fields": {"codename": "change_bookingservices", "name": "Can change booking services", "content_type": 19}, "model": "auth.permission", "pk": 56}, {"fields": {"codename": "delete_bookingservices", "name": "Can delete booking services", "content_type": 19}, "model": "auth.permission", "pk": 57}, {"fields": {"codename": "add_payments", "name": "Can add payments", "content_type": 20}, "model": "auth.permission", "pk": 58}, {"fields": {"codename": "change_payments", "name": "Can change payments", "content_type": 20}, "model": "auth.permission", "pk": 59}, {"fields": {"codename": "delete_payments", "name": "Can delete payments", "content_type": 20}, "model": "auth.permission", "pk": 60}, {"fields": {"codename": "add_servicetype", "name": "Can add service type", "content_type": 21}, "model": "auth.permission", "pk": 61}, {"fields": {"codename": "change_servicetype", "name": "Can change service type", "content_type": 21}, "model": "auth.permission", "pk": 62}, {"fields": {"codename": "delete_servicetype", "name": "Can delete service type", "content_type": 21}, "model": "auth.permission", "pk": 63}, {"fields": {"codename": "add_service", "name": "Can add service", "content_type": 22}, "model": "auth.permission", "pk": 64}, {"fields": {"codename": "change_service", "name": "Can change service", "content_type": 22}, "model": "auth.permission", "pk": 65}, {"fields": {"codename": "delete_service", "name": "Can delete service", "content_type": 22}, "model": "auth.permission", "pk": 66}, {"fields": {"codename": "add_studio", "name": "Can add studio", "content_type": 23}, "model": "auth.permission", "pk": 67}, {"fields": {"codename": "change_studio", "name": "Can change studio", "content_type": 23}, "model": "auth.permission", "pk": 68}, {"fields": {"codename": "delete_studio", "name": "Can delete studio", "content_type": 23}, "model": "auth.permission", "pk": 69}, {"fields": {"codename": "add_studiotype", "name": "Can add studio type", "content_type": 24}, "model": "auth.permission", "pk": 70}, {"fields": {"codename": "change_studiotype", "name": "Can change studio type", "content_type": 24}, "model": "auth.permission", "pk": 71}, {"fields": {"codename": "delete_studiotype", "name": "Can delete studio type", "content_type": 24}, "model": "auth.permission", "pk": 72}, {"fields": {"codename": "add_studiogroup", "name": "Can add studio group", "content_type": 25}, "model": "auth.permission", "pk": 73}, {"fields": {"codename": "change_studiogroup", "name": "Can change studio group", "content_type": 25}, "model": "auth.permission", "pk": 74}, {"fields": {"codename": "delete_studiogroup", "name": "Can delete studio group", "content_type": 25}, "model": "auth.permission", "pk": 75}, {"fields": {"codename": "add_studioprofile", "name": "Can add studio profile", "content_type": 26}, "model": "auth.permission", "pk": 76}, {"fields": {"codename": "change_studioprofile", "name": "Can change studio profile", "content_type": 26}, "model": "auth.permission", "pk": 77}, {"fields": {"codename": "delete_studioprofile", "name": "Can delete studio profile", "content_type": 26}, "model": "auth.permission", "pk": 78}, {"fields": {"codename": "add_studiostaffcounts", "name": "Can add studio staff counts", "content_type": 28}, "model": "auth.permission", "pk": 82}, {"fields": {"codename": "change_studiostaffcounts", "name": "Can change studio staff counts", "content_type": 28}, "model": "auth.permission", "pk": 83}, {"fields": {"codename": "delete_studiostaffcounts", "name": "Can delete studio staff counts", "content_type": 28}, "model": "auth.permission", "pk": 84}, {"fields": {"codename": "add_paymentmodes", "name": "Can add payment modes", "content_type": 29}, "model": "auth.permission", "pk": 85}, {"fields": {"codename": "change_paymentmodes", "name": "Can change payment modes", "content_type": 29}, "model": "auth.permission", "pk": 86}, {"fields": {"codename": "delete_paymentmodes", "name": "Can delete payment modes", "content_type": 29}, "model": "auth.permission", "pk": 87}, {"fields": {"codename": "add_studioaccountdetails", "name": "Can add studio account details", "content_type": 30}, "model": "auth.permission", "pk": 88}, {"fields": {"codename": "change_studioaccountdetails", "name": "Can change studio account details", "content_type": 30}, "model": "auth.permission", "pk": 89}, {"fields": {"codename": "delete_studioaccountdetails", "name": "Can delete studio account details", "content_type": 30}, "model": "auth.permission", "pk": 90}, {"fields": {"codename": "add_studiopayment", "name": "Can add studio payment", "content_type": 31}, "model": "auth.permission", "pk": 91}, {"fields": {"codename": "change_studiopayment", "name": "Can change studio payment", "content_type": 31}, "model": "auth.permission", "pk": 92}, {"fields": {"codename": "delete_studiopayment", "name": "Can delete studio payment", "content_type": 31}, "model": "auth.permission", "pk": 93}, {"fields": {"codename": "add_studioinvoices", "name": "Can add studio invoices", "content_type": 32}, "model": "auth.permission", "pk": 94}, {"fields": {"codename": "change_studioinvoices", "name": "Can change studio invoices", "content_type": 32}, "model": "auth.permission", "pk": 95}, {"fields": {"codename": "delete_studioinvoices", "name": "Can delete studio invoices", "content_type": 32}, "model": "auth.permission", "pk": 96}, {"fields": {"codename": "add_studiopasswordreset", "name": "Can add studio password reset", "content_type": 33}, "model": "auth.permission", "pk": 97}, {"fields": {"codename": "change_studiopasswordreset", "name": "Can change studio password reset", "content_type": 33}, "model": "auth.permission", "pk": 98}, {"fields": {"codename": "delete_studiopasswordreset", "name": "Can delete studio password reset", "content_type": 33}, "model": "auth.permission", "pk": 99}, {"fields": {"codename": "add_closedates", "name": "Can add close dates", "content_type": 34}, "model": "auth.permission", "pk": 100}, {"fields": {"codename": "change_closedates", "name": "Can change close dates", "content_type": 34}, "model": "auth.permission", "pk": 101}, {"fields": {"codename": "delete_closedates", "name": "Can delete close dates", "content_type": 34}, "model": "auth.permission", "pk": 102}, {"fields": {"codename": "add_studiocloseddetails", "name": "Can add studio closed details", "content_type": 35}, "model": "auth.permission", "pk": 103}, {"fields": {"codename": "change_studiocloseddetails", "name": "Can change studio closed details", "content_type": 35}, "model": "auth.permission", "pk": 104}, {"fields": {"codename": "delete_studiocloseddetails", "name": "Can delete studio closed details", "content_type": 35}, "model": "auth.permission", "pk": 105}, {"fields": {"codename": "add_studioclosedfromtill", "name": "Can add studio closed from till", "content_type": 36}, "model": "auth.permission", "pk": 106}, {"fields": {"codename": "change_studioclosedfromtill", "name": "Can change studio closed from till", "content_type": 36}, "model": "auth.permission", "pk": 107}, {"fields": {"codename": "delete_studioclosedfromtill", "name": "Can delete studio closed from till", "content_type": 36}, "model": "auth.permission", "pk": 108}, {"fields": {"codename": "add_studiopicture", "name": "Can add studio picture", "content_type": 38}, "model": "auth.permission", "pk": 112}, {"fields": {"codename": "change_studiopicture", "name": "Can change studio picture", "content_type": 38}, "model": "auth.permission", "pk": 113}, {"fields": {"codename": "delete_studiopicture", "name": "Can delete studio picture", "content_type": 38}, "model": "auth.permission", "pk": 114}, {"fields": {"codename": "add_studioservices", "name": "Can add studio services", "content_type": 40}, "model": "auth.permission", "pk": 118}, {"fields": {"codename": "change_studioservices", "name": "Can change studio services", "content_type": 40}, "model": "auth.permission", "pk": 119}, {"fields": {"codename": "delete_studioservices", "name": "Can delete studio services", "content_type": 40}, "model": "auth.permission", "pk": 120}, {"fields": {"codename": "add_amenities", "name": "Can add amenities", "content_type": 41}, "model": "auth.permission", "pk": 121}, {"fields": {"codename": "change_amenities", "name": "Can change amenities", "content_type": 41}, "model": "auth.permission", "pk": 122}, {"fields": {"codename": "delete_amenities", "name": "Can delete amenities", "content_type": 41}, "model": "auth.permission", "pk": 123}, {"fields": {"codename": "add_studioamenities", "name": "Can add studio amenities", "content_type": 42}, "model": "auth.permission", "pk": 124}, {"fields": {"codename": "change_studioamenities", "name": "Can change studio amenities", "content_type": 42}, "model": "auth.permission", "pk": 125}, {"fields": {"codename": "delete_studioamenities", "name": "Can delete studio amenities", "content_type": 42}, "model": "auth.permission", "pk": 126}, {"fields": {"codename": "add_studioreviews", "name": "Can add studio reviews", "content_type": 43}, "model": "auth.permission", "pk": 127}, {"fields": {"codename": "change_studioreviews", "name": "Can change studio reviews", "content_type": 43}, "model": "auth.permission", "pk": 128}, {"fields": {"codename": "delete_studioreviews", "name": "Can delete studio reviews", "content_type": 43}, "model": "auth.permission", "pk": 129}, {"fields": {"codename": "add_userinvites", "name": "Can add user invites", "content_type": 44}, "model": "auth.permission", "pk": 130}, {"fields": {"codename": "change_userinvites", "name": "Can change user invites", "content_type": 44}, "model": "auth.permission", "pk": 131}, {"fields": {"codename": "delete_userinvites", "name": "Can delete user invites", "content_type": 44}, "model": "auth.permission", "pk": 132}, {"fields": {"codename": "add_refund", "name": "Can add refund", "content_type": 45}, "model": "auth.permission", "pk": 133}, {"fields": {"codename": "change_refund", "name": "Can change refund", "content_type": 45}, "model": "auth.permission", "pk": 134}, {"fields": {"codename": "delete_refund", "name": "Can delete refund", "content_type": 45}, "model": "auth.permission", "pk": 135}, {"fields": {"codename": "add_studiokind", "name": "Can add studio kind", "content_type": 46}, "model": "auth.permission", "pk": 136}, {"fields": {"codename": "change_studiokind", "name": "Can change studio kind", "content_type": 46}, "model": "auth.permission", "pk": 137}, {"fields": {"codename": "delete_studiokind", "name": "Can delete studio kind", "content_type": 46}, "model": "auth.permission", "pk": 138}, {"fields": {"codename": "add_merchantdailyreportstatus", "name": "Can add merchant daily report status", "content_type": 48}, "model": "auth.permission", "pk": 142}, {"fields": {"codename": "change_merchantdailyreportstatus", "name": "Can change merchant daily report status", "content_type": 48}, "model": "auth.permission", "pk": 143}, {"fields": {"codename": "delete_merchantdailyreportstatus", "name": "Can delete merchant daily report status", "content_type": 48}, "model": "auth.permission", "pk": 144}, {"fields": {"codename": "add_dailyreminder", "name": "Can add daily reminder", "content_type": 49}, "model": "auth.permission", "pk": 145}, {"fields": {"codename": "change_dailyreminder", "name": "Can change daily reminder", "content_type": 49}, "model": "auth.permission", "pk": 146}, {"fields": {"codename": "delete_dailyreminder", "name": "Can delete daily reminder", "content_type": 49}, "model": "auth.permission", "pk": 147}, {"fields": {"codename": "add_hourlyreminder", "name": "Can add hourly reminder", "content_type": 50}, "model": "auth.permission", "pk": 148}, {"fields": {"codename": "change_hourlyreminder", "name": "Can change hourly reminder", "content_type": 50}, "model": "auth.permission", "pk": 149}, {"fields": {"codename": "delete_hourlyreminder", "name": "Can delete hourly reminder", "content_type": 50}, "model": "auth.permission", "pk": 150}, {"fields": {"codename": "add_thanksmail", "name": "Can add thanks mail", "content_type": 51}, "model": "auth.permission", "pk": 151}, {"fields": {"codename": "change_thanksmail", "name": "Can change thanks mail", "content_type": 51}, "model": "auth.permission", "pk": 152}, {"fields": {"codename": "delete_thanksmail", "name": "Can delete thanks mail", "content_type": 51}, "model": "auth.permission", "pk": 153}, {"fields": {"codename": "add_bookedmessagesent", "name": "Can add booked message sent", "content_type": 52}, "model": "auth.permission", "pk": 154}, {"fields": {"codename": "change_bookedmessagesent", "name": "Can change booked message sent", "content_type": 52}, "model": "auth.permission", "pk": 155}, {"fields": {"codename": "delete_bookedmessagesent", "name": "Can delete booked message sent", "content_type": 52}, "model": "auth.permission", "pk": 156}, {"fields": {"codename": "add_studioaddrequest", "name": "Can add studio add request", "content_type": 53}, "model": "auth.permission", "pk": 157}, {"fields": {"codename": "change_studioaddrequest", "name": "Can change studio add request", "content_type": 53}, "model": "auth.permission", "pk": 158}, {"fields": {"codename": "delete_studioaddrequest", "name": "Can delete studio add request", "content_type": 53}, "model": "auth.permission", "pk": 159}, {"fields": {"codename": "add_dailybookingconfirmation", "name": "Can add daily booking confirmation", "content_type": 54}, "model": "auth.permission", "pk": 160}, {"fields": {"codename": "change_dailybookingconfirmation", "name": "Can change daily booking confirmation", "content_type": 54}, "model": "auth.permission", "pk": 161}, {"fields": {"codename": "delete_dailybookingconfirmation", "name": "Can delete daily booking confirmation", "content_type": 54}, "model": "auth.permission", "pk": 162}, {"fields": {"codename": "add_coupon", "name": "Can add coupon", "content_type": 55}, "model": "auth.permission", "pk": 163}, {"fields": {"codename": "change_coupon", "name": "Can change coupon", "content_type": 55}, "model": "auth.permission", "pk": 164}, {"fields": {"codename": "delete_coupon", "name": "Can delete coupon", "content_type": 55}, "model": "auth.permission", "pk": 165}, {"fields": {"codename": "add_couponforstudios", "name": "Can add coupon for studios", "content_type": 56}, "model": "auth.permission", "pk": 166}, {"fields": {"codename": "change_couponforstudios", "name": "Can change coupon for studios", "content_type": 56}, "model": "auth.permission", "pk": 167}, {"fields": {"codename": "delete_couponforstudios", "name": "Can delete coupon for studios", "content_type": 56}, "model": "auth.permission", "pk": 168}, {"fields": {"codename": "add_reviewlink", "name": "Can add review link", "content_type": 57}, "model": "auth.permission", "pk": 169}, {"fields": {"codename": "change_reviewlink", "name": "Can change review link", "content_type": 57}, "model": "auth.permission", "pk": 170}, {"fields": {"codename": "delete_reviewlink", "name": "Can delete review link", "content_type": 57}, "model": "auth.permission", "pk": 171}, {"fields": {"codename": "add_rzpayment", "name": "Can add rz payment", "content_type": 58}, "model": "auth.permission", "pk": 172}, {"fields": {"codename": "change_rzpayment", "name": "Can change rz payment", "content_type": 58}, "model": "auth.permission", "pk": 173}, {"fields": {"codename": "delete_rzpayment", "name": "Can delete rz payment", "content_type": 58}, "model": "auth.permission", "pk": 174}, {"fields": {"username": "mithu", "first_name": "", "last_name": "", "is_active": true, "is_superuser": true, "is_staff": true, "last_login": "2015-08-28T18:12:15.012Z", "groups": [], "user_permissions": [], "password": "pbkdf2_sha256$12000$aOlARo0ai960$biqcUEkD/ctH5EVO+AGqIFN7vn9M/V7rezVV5Hff/Lg=", "email": "mittugotmail@gmail.com", "date_joined": "2015-05-30T20:40:01Z"}, "model": "auth.user", "pk": 1}, {"fields": {"username": "vbnetmithun@gmail.com", "first_name": "Mithun", "last_name": "Chackravarthy", "is_active": true, "is_superuser": false, "is_staff": false, "last_login": "2015-08-31T11:30:25.137Z", "groups": [], "user_permissions": [], "password": "!6lEVFgxzjdig4uHcazZoQXuRvVpVSAtnTvfPg8Nv", "email": "vbnetmithun@gmail.com", "date_joined": "2015-06-03T01:33:52.633Z"}, "model": "auth.user", "pk": 2}, {"fields": {"username": "jawahar7.ceg@gmail.com", "first_name": "Jawahar", "last_name": "Prakash", "is_active": true, "is_superuser": false, "is_staff": false, "last_login": "2015-08-29T14:16:12.206Z", "groups": [], "user_permissions": [], "password": "!X0PZEH3OBmy2lf6Is7e0Ck6S2Bl7bhfXaGZcHp8H", "email": "jawahar7.ceg@gmail.com", "date_joined": "2015-08-03T17:49:54.533Z"}, "model": "auth.user", "pk": 3}, {"fields": {"username": "asha.ruku93@gmail.com", "first_name": "Asha", "last_name": "Srinivasan", "is_active": true, "is_superuser": false, "is_staff": false, "last_login": "2015-08-30T06:44:09.129Z", "groups": [], "user_permissions": [], "password": "!Wq2UHMxMLIomidtjko2R8lJb3KTR3cGSpU4RTU5Z", "email": "asha.ruku93@gmail.com", "date_joined": "2015-08-30T06:44:08.215Z"}, "model": "auth.user", "pk": 4}, {"fields": {"redirect_uris": "http://www.noq.in", "name": "Facebook", "client_type": "confidential", "user": 1, "client_id": "PIT3DP6FnpGOiwhuELGqBVkoKFH1UZ6ZVCUdKNmn", "skip_authorization": false, "client_secret": "XDpbEx2LLaGK2kZG0qYKWo9scV6Dnz01eSTy0z2hZnImaBdE5IY1QDo1yiibxfw8YuzZFt6xbzfhwg7J7WtAShXWglq9VmEW8UUz9ScslIXfxJHQk455fSvV9JGPjhgW", "authorization_grant_type": "client-credentials"}, "model": "oauth2_provider.application", "pk": 1}, {"fields": {"application": 1, "token": "Opwc36Ov4JfjF84U87EZutQTtLgegb", "expires": "2015-08-30T00:16:40.892Z", "user": 3, "scope": "read write"}, "model": "oauth2_provider.accesstoken", "pk": 272}, {"fields": {"application": 1, "token": "BBuMQHD3J1ujc3NKYdmgGP61N2xlhU", "expires": "2015-08-30T16:44:09.282Z", "user": 4, "scope": "read write"}, "model": "oauth2_provider.accesstoken", "pk": 273}, {"fields": {"application": 1, "token": "n4RjrITqSKRVDc0D0mq6byqFBauL9j", "expires": "2015-08-31T21:30:25.366Z", "user": 2, "scope": "read write"}, "model": "oauth2_provider.accesstoken", "pk": 276}, {"fields": {"access_token": 272, "application": 1, "token": "Ye4qOA1xptQ5ime7cSC3u5Hy61VKHs", "user": 3}, "model": "oauth2_provider.refreshtoken", "pk": 272}, {"fields": {"access_token": 273, "application": 1, "token": "EGlNlOPBAhhcN3bhEs5bB5umY6iszR", "user": 4}, "model": "oauth2_provider.refreshtoken", "pk": 273}, {"fields": {"access_token": 276, "application": 1, "token": "yqe3RWYKJVyX1wqyzAJmw4z53FBDEW", "user": 2}, "model": "oauth2_provider.refreshtoken", "pk": 276}, {"fields": {"uid": "10153026382522949", "extra_data": "{\"access_token\": \"CAAGSnrUzQywBAIVgLzgEqoHWaRlzXx7cHOy3Hp0m2UHFEByFG3CB4RwKrewGVhXsHx130wE9tSQlooDRc1zoJEeownkqHJwSNl2UivQMX4WIokULsnmMpIbZAsGf0lImdUjCzg9GU4IubkbC1zSZC5R3X36xJJP4pj8ZBzAFMzwkXkXoB87NJJKJRPildPvo7n1avpqoAZDZD\", \"gender\": \"male\", \"expires\": null, \"id\": \"10153026382522949\"}", "user": 2, "provider": "facebook"}, "model": "default.usersocialauth", "pk": 1}, {"fields": {"uid": "1111511402211092", "extra_data": "{\"access_token\": \"CAAGSnrUzQywBAPEUoGAx0ZAVRr2OgOZAXRyRtca8Q95inQnFE2f9KUnh45bkeojjYxspSko4mPR3A5ETAJ8TXlFOLpVdFR70Dy7VjUJb51DNXK35Q1ZCrc3Koicw3ngIMXIlSuZAUHOW3POJbM1GMD1EFguHBzd3WMrT6QOubVE4QrVJNpGZCVEAxlfp6rw1U4RughFKzQzuqKyQOhnG5\", \"gender\": \"male\", \"expires\": null, \"id\": \"1111511402211092\"}", "user": 3, "provider": "facebook"}, "model": "default.usersocialauth", "pk": 2}, {"fields": {"uid": "143341426001627", "extra_data": "{\"access_token\": \"CAAGSnrUzQywBANGZBmkZALZAjtdpMoWJtCyIdSg6Wt9F88yFll0IABQhfq1r68Re19oCVekX3prWAy8nhA66PLZBnmZBaInc6lJOY3meyLnknZCnYv4OP38yhbZCXefrcGjSrNtHBISfHcJijTi9l8ZCk1yNI9jcvUZBeq6bIGFU6OvhOPiI8hgwnMHxK8gVEcnw4Ku8jcqdvLQZDZD\", \"gender\": \"female\", \"expires\": null, \"id\": \"143341426001627\"}", "user": 4, "provider": "facebook"}, "model": "default.usersocialauth", "pk": 3}, {"fields": {"area": "Guindy, Chennai, Tamil Nadu, India", "dob": "1989-04-25", "updated_date_time": "2015-08-31T11:30:24.778Z", "city_state": "Chennai, Tamil Nadu", "sex": "male", "mobile": "9790757036", "facebook_id": "10153026382522949", "user_acc": 2, "service_updated": "User details updation"}, "model": "user_accounts.userprofile", "pk": 1}, {"fields": {"area": "Guindy Industrial Estate, Chennai, Tamil Nadu, India", "dob": "1988-01-07", "updated_date_time": "2015-08-29T14:15:39.413Z", "city_state": "Chennai, Tamil Nadu", "sex": "male", "mobile": "9087654321", "facebook_id": "1111511402211092", "user_acc": 3, "service_updated": "User details updation"}, "model": "user_accounts.userprofile", "pk": 2}, {"fields": {"area": null, "dob": "1993-07-11", "updated_date_time": "2015-08-30T06:18:45.807Z", "city_state": "Poonamallee", "sex": "female", "mobile": null, "facebook_id": "143341426001627", "user_acc": 4, "service_updated": "User first login"}, "model": "user_accounts.userprofile", "pk": 3}, {"fields": {"customer": 1, "status_code": "P004", "purchase_status": "REFUND_REQUESTED", "purchase_amount": 250.0, "updated_date_time": "2015-07-26T11:36:50.189Z", "actual_amount": 250.0, "service_updated": "cancel booking"}, "model": "booking.purchase", "pk": 1}, {"fields": {"customer": 2, "status_code": "P001", "purchase_status": "PAID", "purchase_amount": 200.0, "updated_date_time": "2015-06-16T23:57:28Z", "actual_amount": 250.0, "service_updated": "Admin"}, "model": "booking.purchase", "pk": 2}, {"fields": {"customer": 2, "status_code": "P004", "purchase_status": "REFUND_REQUESTED", "purchase_amount": 200.0, "updated_date_time": "2015-07-26T11:36:59.453Z", "actual_amount": 250.0, "service_updated": "cancel booking"}, "model": "booking.purchase", "pk": 3}, {"fields": {"customer": 2, "status_code": "P004", "purchase_status": "REFUND_REQUESTED", "purchase_amount": 200.0, "updated_date_time": "2015-08-02T10:37:23.565Z", "actual_amount": 250.0, "service_updated": "cancel booking"}, "model": "booking.purchase", "pk": 4}, {"fields": {"customer": 2, "status_code": "B006", "purchase_status": "BOOKING", "purchase_amount": 200.0, "updated_date_time": "2015-07-02T08:18:10.522Z", "actual_amount": 250.0, "service_updated": "new booking"}, "model": "booking.purchase", "pk": 5}, {"fields": {"customer": 2, "status_code": "B001", "purchase_status": "PAID", "purchase_amount": 200.0, "updated_date_time": "2015-07-02T11:49:37.611Z", "actual_amount": 250.0, "service_updated": "payment response"}, "model": "booking.purchase", "pk": 6}, {"fields": {"customer": 2, "status_code": "B006", "purchase_status": "BOOKING", "purchase_amount": 200.0, "updated_date_time": "2015-07-05T10:09:21.376Z", "actual_amount": 250.0, "service_updated": "new booking"}, "model": "booking.purchase", "pk": 7}, {"fields": {"customer": 2, "status_code": "P004", "purchase_status": "REFUND_REQUESTED", "purchase_amount": 200.0, "updated_date_time": "2015-08-02T10:38:00.974Z", "actual_amount": 250.0, "service_updated": "cancel booking"}, "model": "booking.purchase", "pk": 8}, {"fields": {"customer": 2, "status_code": "B001", "purchase_status": "PAID", "purchase_amount": 200.0, "updated_date_time": "2015-07-06T12:53:56.112Z", "actual_amount": 250.0, "service_updated": "payment response"}, "model": "booking.purchase", "pk": 9}, {"fields": {"customer": 2, "status_code": "B001", "purchase_status": "PAID", "purchase_amount": 200.0, "updated_date_time": "2015-07-06T12:57:34.556Z", "actual_amount": 250.0, "service_updated": "payment response"}, "model": "booking.purchase", "pk": 10}, {"fields": {"customer": 2, "status_code": "P004", "purchase_status": "REFUND_REQUESTED", "purchase_amount": 200.0, "updated_date_time": "2015-08-02T10:38:24.086Z", "actual_amount": 250.0, "service_updated": "cancel booking"}, "model": "booking.purchase", "pk": 11}, {"fields": {"customer": 2, "status_code": "B001", "purchase_status": "PAID", "purchase_amount": 200.0, "updated_date_time": "2015-07-13T23:12:30.861Z", "actual_amount": 250.0, "service_updated": "payment response"}, "model": "booking.purchase", "pk": 12}, {"fields": {"customer": 2, "status_code": "B006", "purchase_status": "BOOKING", "purchase_amount": 200.0, "updated_date_time": "2015-07-24T06:33:27.956Z", "actual_amount": 250.0, "service_updated": "new booking"}, "model": "booking.purchase", "pk": 13}, {"fields": {"customer": 2, "status_code": "B006", "purchase_status": "BOOKING", "purchase_amount": 200.0, "updated_date_time": "2015-07-24T06:34:20.424Z", "actual_amount": 250.0, "service_updated": "new booking"}, "model": "booking.purchase", "pk": 14}, {"fields": {"customer": 2, "status_code": "B006", "purchase_status": "BOOKING", "purchase_amount": 200.0, "updated_date_time": "2015-07-24T06:36:03.290Z", "actual_amount": 250.0, "service_updated": "new booking"}, "model": "booking.purchase", "pk": 15}, {"fields": {"customer": 2, "status_code": "B006", "purchase_status": "BOOKING", "purchase_amount": 200.0, "updated_date_time": "2015-07-24T06:36:52.783Z", "actual_amount": 250.0, "service_updated": "new booking"}, "model": "booking.purchase", "pk": 16}, {"fields": {"customer": 2, "status_code": "B006", "purchase_status": "BOOKING", "purchase_amount": 200.0, "updated_date_time": "2015-07-24T06:37:24.869Z", "actual_amount": 250.0, "service_updated": "new booking"}, "model": "booking.purchase", "pk": 17}, {"fields": {"customer": 2, "status_code": "B006", "purchase_status": "BOOKING", "purchase_amount": 200.0, "updated_date_time": "2015-07-24T06:38:11.247Z", "actual_amount": 250.0, "service_updated": "new booking"}, "model": "booking.purchase", "pk": 18}, {"fields": {"customer": 2, "status_code": "B006", "purchase_status": "BOOKING", "purchase_amount": 200.0, "updated_date_time": "2015-07-24T06:48:55.752Z", "actual_amount": 250.0, "service_updated": "new booking"}, "model": "booking.purchase", "pk": 19}, {"fields": {"customer": 2, "status_code": "B006", "purchase_status": "BOOKING", "purchase_amount": 810.0, "updated_date_time": "2015-08-02T04:01:15.831Z", "actual_amount": 900.0, "service_updated": "new booking"}, "model": "booking.purchase", "pk": 20}, {"fields": {"customer": 2, "status_code": "B006", "purchase_status": "BOOKING", "purchase_amount": 810.0, "updated_date_time": "2015-08-02T04:22:59.794Z", "actual_amount": 900.0, "service_updated": "new booking"}, "model": "booking.purchase", "pk": 21}, {"fields": {"customer": 2, "status_code": "B006", "purchase_status": "BOOKING", "purchase_amount": 900.0, "updated_date_time": "2015-08-02T04:35:31.265Z", "actual_amount": 900.0, "service_updated": "new booking"}, "model": "booking.purchase", "pk": 22}, {"fields": {"customer": 2, "status_code": "B006", "purchase_status": "BOOKING", "purchase_amount": 1020.0, "updated_date_time": "2015-08-02T04:35:31.265Z", "actual_amount": 1020.0, "service_updated": "new booking"}, "model": "booking.purchase", "pk": 23}, {"fields": {"customer": 2, "status_code": "B006", "purchase_status": "BOOKING", "purchase_amount": 1020.0, "updated_date_time": "2015-08-02T04:35:31.265Z", "actual_amount": 1020.0, "service_updated": "new booking"}, "model": "booking.purchase", "pk": 24}, {"fields": {"customer": 2, "status_code": "B006", "purchase_status": "BOOKING", "purchase_amount": 1020.0, "updated_date_time": "2015-08-02T04:35:31.265Z", "actual_amount": 1020.0, "service_updated": "new booking"}, "model": "booking.purchase", "pk": 25}, {"fields": {"customer": 2, "status_code": "B006", "purchase_status": "BOOKING", "purchase_amount": 900.0, "updated_date_time": "2015-08-02T04:35:31.265Z", "actual_amount": 900.0, "service_updated": "new booking"}, "model": "booking.purchase", "pk": 26}, {"fields": {"customer": 2, "status_code": "B006", "purchase_status": "BOOKING", "purchase_amount": 40.0, "updated_date_time": "2015-08-02T04:35:31.265Z", "actual_amount": 40.0, "service_updated": "new booking"}, "model": "booking.purchase", "pk": 27}, {"fields": {"customer": 2, "status_code": "B006", "purchase_status": "BOOKING", "purchase_amount": 120.0, "updated_date_time": "2015-08-02T04:35:31.265Z", "actual_amount": 120.0, "service_updated": "new booking"}, "model": "booking.purchase", "pk": 28}, {"fields": {"customer": 2, "status_code": "B006", "purchase_status": "BOOKING", "purchase_amount": 40.0, "updated_date_time": "2015-08-02T10:26:19.039Z", "actual_amount": 40.0, "service_updated": "new booking"}, "model": "booking.purchase", "pk": 29}, {"fields": {"customer": 2, "status_code": "B006", "purchase_status": "BOOKING", "purchase_amount": 900.0, "updated_date_time": "2015-08-02T17:21:58.804Z", "actual_amount": 900.0, "service_updated": "new booking"}, "model": "booking.purchase", "pk": 30}, {"fields": {"customer": 2, "status_code": "B006", "purchase_status": "BOOKING", "purchase_amount": 900.0, "updated_date_time": "2015-08-02T17:54:21.752Z", "actual_amount": 900.0, "service_updated": "new booking"}, "model": "booking.purchase", "pk": 31}, {"fields": {"customer": 2, "status_code": "B006", "purchase_status": "BOOKING", "purchase_amount": 900.0, "updated_date_time": "2015-08-02T17:55:20.217Z", "actual_amount": 900.0, "service_updated": "new booking"}, "model": "booking.purchase", "pk": 32}, {"fields": {"customer": 2, "status_code": "B006", "purchase_status": "BOOKING", "purchase_amount": 900.0, "updated_date_time": "2015-08-02T18:02:22.455Z", "actual_amount": 900.0, "service_updated": "new booking"}, "model": "booking.purchase", "pk": 33}, {"fields": {"customer": 2, "status_code": "B006", "purchase_status": "BOOKING", "purchase_amount": 900.0, "updated_date_time": "2015-08-03T17:28:04.946Z", "actual_amount": 900.0, "service_updated": "new booking"}, "model": "booking.purchase", "pk": 34}, {"fields": {"customer": 2, "status_code": "B006", "purchase_status": "BOOKING", "purchase_amount": 900.0, "updated_date_time": "2015-08-03T17:28:04.946Z", "actual_amount": 900.0, "service_updated": "new booking"}, "model": "booking.purchase", "pk": 35}, {"fields": {"customer": 2, "status_code": "B006", "purchase_status": "BOOKING", "purchase_amount": 120.0, "updated_date_time": "2015-08-03T17:40:49.347Z", "actual_amount": 120.0, "service_updated": "new booking"}, "model": "booking.purchase", "pk": 36}, {"fields": {"customer": 2, "status_code": "B006", "purchase_status": "BOOKING", "purchase_amount": 900.0, "updated_date_time": "2015-08-04T06:56:46.174Z", "actual_amount": 900.0, "service_updated": "new booking"}, "model": "booking.purchase", "pk": 37}, {"fields": {"customer": 2, "status_code": "B006", "purchase_status": "BOOKING", "purchase_amount": 1140.0, "updated_date_time": "2015-08-04T07:06:05.813Z", "actual_amount": 1140.0, "service_updated": "new booking"}, "model": "booking.purchase", "pk": 38}, {"fields": {"customer": 2, "status_code": "B006", "purchase_status": "BOOKING", "purchase_amount": 1180.0, "updated_date_time": "2015-08-04T07:06:05.813Z", "actual_amount": 1180.0, "service_updated": "new booking"}, "model": "booking.purchase", "pk": 39}, {"fields": {"customer": 2, "status_code": "B006", "purchase_status": "BOOKING", "purchase_amount": 900.0, "updated_date_time": "2015-08-04T07:30:04.667Z", "actual_amount": 900.0, "service_updated": "new booking"}, "model": "booking.purchase", "pk": 40}, {"fields": {"customer": 2, "status_code": "B006", "purchase_status": "BOOKING", "purchase_amount": 900.0, "updated_date_time": "2015-08-04T07:35:03.122Z", "actual_amount": 900.0, "service_updated": "new booking"}, "model": "booking.purchase", "pk": 41}, {"fields": {"customer": 2, "status_code": "B006", "purchase_status": "BOOKING", "purchase_amount": 900.0, "updated_date_time": "2015-08-04T07:43:46.929Z", "actual_amount": 900.0, "service_updated": "new booking"}, "model": "booking.purchase", "pk": 42}, {"fields": {"customer": 2, "status_code": "B001", "purchase_status": "BOOKED", "purchase_amount": 900.0, "updated_date_time": "2015-08-04T14:18:55.630Z", "actual_amount": 900.0, "service_updated": "new booking"}, "model": "booking.purchase", "pk": 43}, {"fields": {"customer": 2, "status_code": "B001", "purchase_status": "BOOKED", "purchase_amount": 972.0, "updated_date_time": "2015-08-04T14:18:55.630Z", "actual_amount": 1080.0, "service_updated": "new booking"}, "model": "booking.purchase", "pk": 44}, {"fields": {"customer": 2, "status_code": "B001", "purchase_status": "BOOKED", "purchase_amount": 60.0, "updated_date_time": "2015-08-04T14:53:21.990Z", "actual_amount": 60.0, "service_updated": "new booking"}, "model": "booking.purchase", "pk": 45}, {"fields": {"customer": 2, "status_code": "B001", "purchase_status": "BOOKED", "purchase_amount": 60.0, "updated_date_time": "2015-08-04T14:53:21.990Z", "actual_amount": 60.0, "service_updated": "new booking"}, "model": "booking.purchase", "pk": 46}, {"fields": {"customer": 2, "status_code": "B001", "purchase_status": "BOOKED", "purchase_amount": 900.0, "updated_date_time": "2015-08-04T15:12:15.600Z", "actual_amount": 900.0, "service_updated": "new booking"}, "model": "booking.purchase", "pk": 47}, {"fields": {"customer": 2, "status_code": "P004", "purchase_status": "REFUND_REQUESTED", "purchase_amount": 40.0, "updated_date_time": "2015-08-04T15:16:29.795Z", "actual_amount": 40.0, "service_updated": "cancel booking"}, "model": "booking.purchase", "pk": 48}, {"fields": {"customer": 2, "status_code": "B001", "purchase_status": "BOOKED", "purchase_amount": 200.0, "updated_date_time": "2015-08-04T15:17:11.280Z", "actual_amount": 200.0, "service_updated": "new booking"}, "model": "booking.purchase", "pk": 49}, {"fields": {"customer": 2, "status_code": "B001", "purchase_status": "BOOKED", "purchase_amount": 40.0, "updated_date_time": "2015-08-04T15:17:11.280Z", "actual_amount": 40.0, "service_updated": "new booking"}, "model": "booking.purchase", "pk": 50}, {"fields": {"customer": 3, "status_code": "B001", "purchase_status": "BOOKED", "purchase_amount": 900.0, "updated_date_time": "2015-08-05T02:05:59.177Z", "actual_amount": 900.0, "service_updated": "new booking"}, "model": "booking.purchase", "pk": 51}, {"fields": {"customer": 3, "status_code": "P004", "purchase_status": "REFUND_REQUESTED", "purchase_amount": 900.0, "updated_date_time": "2015-08-12T17:13:38.186Z", "actual_amount": 900.0, "service_updated": "cancel booking"}, "model": "booking.purchase", "pk": 52}, {"fields": {"customer": 2, "status_code": "B001", "purchase_status": "BOOKED", "purchase_amount": 900.0, "updated_date_time": "2015-08-05T05:38:03.203Z", "actual_amount": 900.0, "service_updated": "new booking"}, "model": "booking.purchase", "pk": 53}, {"fields": {"customer": 2, "status_code": "B001", "purchase_status": "BOOKED", "purchase_amount": 900.0, "updated_date_time": "2015-08-05T05:38:03.203Z", "actual_amount": 900.0, "service_updated": "new booking"}, "model": "booking.purchase", "pk": 54}, {"fields": {"customer": 2, "status_code": "B001", "purchase_status": "BOOKED", "purchase_amount": 900.0, "updated_date_time": "2015-08-05T05:38:03.203Z", "actual_amount": 900.0, "service_updated": "new booking"}, "model": "booking.purchase", "pk": 55}, {"fields": {"customer": 2, "status_code": "B001", "purchase_status": "BOOKED", "purchase_amount": 810.0, "updated_date_time": "2015-08-05T05:38:03.203Z", "actual_amount": 900.0, "service_updated": "new booking"}, "model": "booking.purchase", "pk": 56}, {"fields": {"customer": 2, "status_code": "B001", "purchase_status": "BOOKED", "purchase_amount": 900.0, "updated_date_time": "2015-08-05T05:38:03.203Z", "actual_amount": 900.0, "service_updated": "new booking"}, "model": "booking.purchase", "pk": 57}, {"fields": {"customer": 2, "status_code": "P004", "purchase_status": "REFUND_REQUESTED", "purchase_amount": 900.0, "updated_date_time": "2015-08-05T06:18:51.646Z", "actual_amount": 900.0, "service_updated": "cancel booking"}, "model": "booking.purchase", "pk": 58}, {"fields": {"customer": 2, "status_code": "B001", "purchase_status": "BOOKED", "purchase_amount": 900.0, "updated_date_time": "2015-08-05T05:38:03.203Z", "actual_amount": 900.0, "service_updated": "new booking"}, "model": "booking.purchase", "pk": 59}, {"fields": {"customer": 2, "status_code": "P004", "purchase_status": "REFUND_REQUESTED", "purchase_amount": 900.0, "updated_date_time": "2015-08-05T06:16:06.378Z", "actual_amount": 900.0, "service_updated": "cancel booking"}, "model": "booking.purchase", "pk": 60}, {"fields": {"customer": 2, "status_code": "P004", "purchase_status": "REFUND_REQUESTED", "purchase_amount": 900.0, "updated_date_time": "2015-08-05T06:16:52.544Z", "actual_amount": 900.0, "service_updated": "cancel booking"}, "model": "booking.purchase", "pk": 61}, {"fields": {"customer": 2, "status_code": "P004", "purchase_status": "REFUND_REQUESTED", "purchase_amount": 900.0, "updated_date_time": "2015-08-05T06:16:42.952Z", "actual_amount": 900.0, "service_updated": "cancel booking"}, "model": "booking.purchase", "pk": 62}, {"fields": {"customer": 2, "status_code": "P004", "purchase_status": "REFUND_REQUESTED", "purchase_amount": 40.0, "updated_date_time": "2015-08-05T06:12:27.215Z", "actual_amount": 40.0, "service_updated": "cancel booking"}, "model": "booking.purchase", "pk": 63}, {"fields": {"customer": 2, "status_code": "P004", "purchase_status": "REFUND_REQUESTED", "purchase_amount": 40.0, "updated_date_time": "2015-08-05T07:18:42.493Z", "actual_amount": 40.0, "service_updated": "cancel booking"}, "model": "booking.purchase", "pk": 64}, {"fields": {"customer": 2, "status_code": "P004", "purchase_status": "REFUND_REQUESTED", "purchase_amount": 40.0, "updated_date_time": "2015-08-05T06:38:23.556Z", "actual_amount": 40.0, "service_updated": "cancel booking"}, "model": "booking.purchase", "pk": 65}, {"fields": {"customer": 2, "status_code": "B001", "purchase_status": "BOOKED", "purchase_amount": 100.0, "updated_date_time": "2015-08-05T06:19:46.537Z", "actual_amount": 100.0, "service_updated": "new booking"}, "model": "booking.purchase", "pk": 66}, {"fields": {"customer": 2, "status_code": "B001", "purchase_status": "BOOKED", "purchase_amount": 100.0, "updated_date_time": "2015-08-05T07:59:15.391Z", "actual_amount": 100.0, "service_updated": "new booking"}, "model": "booking.purchase", "pk": 67}, {"fields": {"customer": 2, "status_code": "P004", "purchase_status": "REFUND_REQUESTED", "purchase_amount": 175.0, "updated_date_time": "2015-08-16T14:53:43.640Z", "actual_amount": 175.0, "service_updated": "cancel booking"}, "model": "booking.purchase", "pk": 68}, {"fields": {"customer": 2, "status_code": "B001", "purchase_status": "BOOKED", "purchase_amount": 825.0, "updated_date_time": "2015-08-05T08:00:15.029Z", "actual_amount": 825.0, "service_updated": "new booking"}, "model": "booking.purchase", "pk": 69}, {"fields": {"customer": 2, "status_code": "B001", "purchase_status": "BOOKED", "purchase_amount": 350.0, "updated_date_time": "2015-08-05T08:00:15.029Z", "actual_amount": 350.0, "service_updated": "new booking"}, "model": "booking.purchase", "pk": 70}, {"fields": {"customer": 2, "status_code": "B001", "purchase_status": "BOOKED", "purchase_amount": 300.0, "updated_date_time": "2015-08-05T08:14:40.711Z", "actual_amount": 300.0, "service_updated": "new booking"}, "model": "booking.purchase", "pk": 71}, {"fields": {"customer": 2, "status_code": "P004", "purchase_status": "REFUND_REQUESTED", "purchase_amount": 75.0, "updated_date_time": "2015-08-15T08:57:43.628Z", "actual_amount": 75.0, "service_updated": "cancel booking"}, "model": "booking.purchase", "pk": 72}, {"fields": {"customer": 3, "status_code": "P004", "purchase_status": "REFUND_REQUESTED", "purchase_amount": 60.0, "updated_date_time": "2015-08-12T17:13:02.682Z", "actual_amount": 60.0, "service_updated": "cancel booking"}, "model": "booking.purchase", "pk": 73}, {"fields": {"customer": 3, "status_code": "P004", "purchase_status": "REFUND_REQUESTED", "purchase_amount": 60.0, "updated_date_time": "2015-08-08T14:49:12.152Z", "actual_amount": 60.0, "service_updated": "cancel booking"}, "model": "booking.purchase", "pk": 74}, {"fields": {"customer": 3, "status_code": "B001", "purchase_status": "BOOKED", "purchase_amount": 900.0, "updated_date_time": "2015-08-12T16:24:37.431Z", "actual_amount": 900.0, "service_updated": "new booking"}, "model": "booking.purchase", "pk": 75}, {"fields": {"customer": 2, "status_code": "P004", "purchase_status": "REFUND_REQUESTED", "purchase_amount": 900.0, "updated_date_time": "2015-08-13T04:21:08.469Z", "actual_amount": 900.0, "service_updated": "cancel booking"}, "model": "booking.purchase", "pk": 76}, {"fields": {"customer": 2, "status_code": "P004", "purchase_status": "REFUND_REQUESTED", "purchase_amount": 120.0, "updated_date_time": "2015-08-15T06:19:15.450Z", "actual_amount": 120.0, "service_updated": "cancel booking"}, "model": "booking.purchase", "pk": 77}, {"fields": {"customer": 2, "status_code": "P004", "purchase_status": "REFUND_REQUESTED", "purchase_amount": 810.0, "updated_date_time": "2015-08-15T06:14:42.553Z", "actual_amount": 900.0, "service_updated": "cancel booking"}, "model": "booking.purchase", "pk": 78}, {"fields": {"customer": 2, "status_code": "P004", "purchase_status": "REFUND_REQUESTED", "purchase_amount": 108.0, "updated_date_time": "2015-08-15T06:13:37.730Z", "actual_amount": 120.0, "service_updated": "cancel booking"}, "model": "booking.purchase", "pk": 79}, {"fields": {"customer": 2, "status_code": "B001", "purchase_status": "BOOKED", "purchase_amount": 120.0, "updated_date_time": "2015-08-14T17:33:39.294Z", "actual_amount": 120.0, "service_updated": "new booking"}, "model": "booking.purchase", "pk": 80}, {"fields": {"customer": 2, "status_code": "P004", "purchase_status": "REFUND_REQUESTED", "purchase_amount": 900.0, "updated_date_time": "2015-08-15T06:13:04.653Z", "actual_amount": 900.0, "service_updated": "cancel booking"}, "model": "booking.purchase", "pk": 81}, {"fields": {"customer": 2, "status_code": "P004", "purchase_status": "REFUND_REQUESTED", "purchase_amount": 120.0, "updated_date_time": "2015-08-16T09:10:06.114Z", "actual_amount": 120.0, "service_updated": "cancel booking"}, "model": "booking.purchase", "pk": 82}, {"fields": {"customer": 2, "status_code": "B001", "purchase_status": "BOOKED", "purchase_amount": 120.0, "updated_date_time": "2015-08-15T17:34:10.900Z", "actual_amount": 120.0, "service_updated": "new booking"}, "model": "booking.purchase", "pk": 83}, {"fields": {"customer": 2, "status_code": "P004", "purchase_status": "REFUND_REQUESTED", "purchase_amount": 120.0, "updated_date_time": "2015-08-15T18:23:14.596Z", "actual_amount": 120.0, "service_updated": "cancel booking"}, "model": "booking.purchase", "pk": 84}, {"fields": {"customer": 2, "status_code": "B001", "purchase_status": "BOOKED", "purchase_amount": 120.0, "updated_date_time": "2015-08-16T03:40:29.877Z", "actual_amount": 120.0, "service_updated": "new booking"}, "model": "booking.purchase", "pk": 85}, {"fields": {"customer": 2, "status_code": "B001", "purchase_status": "BOOKED", "purchase_amount": 120.0, "updated_date_time": "2015-08-16T15:53:25.485Z", "actual_amount": 120.0, "service_updated": "new booking"}, "model": "booking.purchase", "pk": 86}, {"fields": {"customer": 2, "status_code": "B001", "purchase_status": "BOOKED", "purchase_amount": 120.0, "updated_date_time": "2015-08-16T15:53:25.485Z", "actual_amount": 120.0, "service_updated": "new booking"}, "model": "booking.purchase", "pk": 87}, {"fields": {"customer": 2, "status_code": "B001", "purchase_status": "BOOKED", "purchase_amount": 120.0, "updated_date_time": "2015-08-16T15:53:25.485Z", "actual_amount": 120.0, "service_updated": "new booking"}, "model": "booking.purchase", "pk": 88}, {"fields": {"customer": 2, "status_code": "B001", "purchase_status": "BOOKED", "purchase_amount": 200.0, "updated_date_time": "2015-08-16T15:53:25.485Z", "actual_amount": 200.0, "service_updated": "new booking"}, "model": "booking.purchase", "pk": 89}, {"fields": {"customer": 2, "status_code": "B001", "purchase_status": "BOOKED", "purchase_amount": 120.0, "updated_date_time": "2015-08-16T15:53:25.485Z", "actual_amount": 120.0, "service_updated": "new booking"}, "model": "booking.purchase", "pk": 90}, {"fields": {"customer": 2, "status_code": "B001", "purchase_status": "BOOKED", "purchase_amount": 120.0, "updated_date_time": "2015-08-16T15:53:25.485Z", "actual_amount": 120.0, "service_updated": "new booking"}, "model": "booking.purchase", "pk": 91}, {"fields": {"customer": 2, "status_code": "B001", "purchase_status": "BOOKED", "purchase_amount": 108.0, "updated_date_time": "2015-08-17T19:02:59.491Z", "actual_amount": 120.0, "service_updated": "new booking"}, "model": "booking.purchase", "pk": 92}, {"fields": {"customer": 2, "status_code": "B001", "purchase_status": "BOOKED", "purchase_amount": 120.0, "updated_date_time": "2015-08-17T20:36:28.949Z", "actual_amount": 120.0, "service_updated": "new booking"}, "model": "booking.purchase", "pk": 93}, {"fields": {"customer": 2, "status_code": "B001", "purchase_status": "BOOKED", "purchase_amount": 120.0, "updated_date_time": "2015-08-17T20:45:04.857Z", "actual_amount": 120.0, "service_updated": "new booking"}, "model": "booking.purchase", "pk": 94}, {"fields": {"customer": 2, "status_code": "B001", "purchase_status": "BOOKED", "purchase_amount": 120.0, "updated_date_time": "2015-08-17T20:46:40.061Z", "actual_amount": 120.0, "service_updated": "new booking"}, "model": "booking.purchase", "pk": 95}, {"fields": {"customer": 2, "status_code": "B001", "purchase_status": "BOOKED", "purchase_amount": 120.0, "updated_date_time": "2015-08-17T20:53:39.321Z", "actual_amount": 120.0, "service_updated": "new booking"}, "model": "booking.purchase", "pk": 96}, {"fields": {"customer": 2, "status_code": "B001", "purchase_status": "BOOKED", "purchase_amount": 900.0, "updated_date_time": "2015-08-17T20:53:39.321Z", "actual_amount": 900.0, "service_updated": "new booking"}, "model": "booking.purchase", "pk": 97}, {"fields": {"customer": 2, "status_code": "P004", "purchase_status": "REFUND_REQUESTED", "purchase_amount": 120.0, "updated_date_time": "2015-08-17T21:44:17.875Z", "actual_amount": 120.0, "service_updated": "cancel booking"}, "model": "booking.purchase", "pk": 98}, {"fields": {"customer": 2, "status_code": "P004", "purchase_status": "REFUND_REQUESTED", "purchase_amount": 900.0, "updated_date_time": "2015-08-25T17:52:22.416Z", "actual_amount": 900.0, "service_updated": "cancel booking"}, "model": "booking.purchase", "pk": 99}, {"fields": {"customer": 2, "status_code": "P004", "purchase_status": "REFUND_REQUESTED", "purchase_amount": 900.0, "updated_date_time": "2015-08-17T21:31:24.793Z", "actual_amount": 900.0, "service_updated": "cancel booking"}, "model": "booking.purchase", "pk": 100}, {"fields": {"customer": 2, "status_code": "B001", "purchase_status": "BOOKED", "purchase_amount": 120.0, "updated_date_time": "2015-08-17T21:14:59.309Z", "actual_amount": 120.0, "service_updated": "new booking"}, "model": "booking.purchase", "pk": 101}, {"fields": {"customer": 2, "status_code": "P004", "purchase_status": "REFUND_REQUESTED", "purchase_amount": 108.0, "updated_date_time": "2015-08-18T17:36:17.250Z", "actual_amount": 120.0, "service_updated": "cancel booking"}, "model": "booking.purchase", "pk": 102}, {"fields": {"customer": 2, "status_code": "P004", "purchase_status": "REFUND_REQUESTED", "purchase_amount": 200.0, "updated_date_time": "2015-08-24T18:31:13.354Z", "actual_amount": 200.0, "service_updated": "cancel booking"}, "model": "booking.purchase", "pk": 103}, {"fields": {"customer": 3, "status_code": "B001", "purchase_status": "BOOKED", "purchase_amount": 120.0, "updated_date_time": "2015-08-18T17:28:24.959Z", "actual_amount": 120.0, "service_updated": "new booking"}, "model": "booking.purchase", "pk": 104}, {"fields": {"customer": 2, "status_code": "B001", "purchase_status": "BOOKED", "purchase_amount": 900.0, "updated_date_time": "2015-08-23T15:09:20.708Z", "actual_amount": 900.0, "service_updated": "new booking"}, "model": "booking.purchase", "pk": 105}, {"fields": {"customer": 2, "status_code": "P004", "purchase_status": "REFUND_REQUESTED", "purchase_amount": 120.0, "updated_date_time": "2015-08-25T19:21:52.786Z", "actual_amount": 120.0, "service_updated": "cancel booking"}, "model": "booking.purchase", "pk": 106}, {"fields": {"customer": 2, "status_code": "P004", "purchase_status": "REFUND_REQUESTED", "purchase_amount": 120.0, "updated_date_time": "2015-08-25T19:21:26.683Z", "actual_amount": 120.0, "service_updated": "cancel booking"}, "model": "booking.purchase", "pk": 107}, {"fields": {"customer": 2, "status_code": "P004", "purchase_status": "REFUND_REQUESTED", "purchase_amount": 120.0, "updated_date_time": "2015-08-26T18:11:39.174Z", "actual_amount": 120.0, "service_updated": "cancel booking"}, "model": "booking.purchase", "pk": 108}, {"fields": {"customer": 2, "status_code": "B001", "purchase_status": "BOOKED", "purchase_amount": 180.0, "updated_date_time": "2015-08-27T11:41:27.547Z", "actual_amount": 200.0, "service_updated": "new booking"}, "model": "booking.purchase", "pk": 109}, {"fields": {"customer": 2, "status_code": "B001", "purchase_status": "BOOKED", "purchase_amount": 200.0, "updated_date_time": "2015-08-27T17:58:16.353Z", "actual_amount": 200.0, "service_updated": "new booking"}, "model": "booking.purchase", "pk": 110}, {"fields": {"customer": 2, "status_code": "P004", "purchase_status": "REFUND_REQUESTED", "purchase_amount": 200.0, "updated_date_time": "2015-08-27T18:54:47.607Z", "actual_amount": 200.0, "service_updated": "cancel booking"}, "model": "booking.purchase", "pk": 111}, {"fields": {"customer": 2, "status_code": "B001", "purchase_status": "BOOKED", "purchase_amount": 120.0, "updated_date_time": "2015-08-28T17:01:46.320Z", "actual_amount": 120.0, "service_updated": "new booking"}, "model": "booking.purchase", "pk": 112}, {"fields": {"customer": 2, "status_code": "P004", "purchase_status": "REFUND_REQUESTED", "purchase_amount": 120.0, "updated_date_time": "2015-08-28T18:06:21.767Z", "actual_amount": 120.0, "service_updated": "cancel booking"}, "model": "booking.purchase", "pk": 113}, {"fields": {"customer": 2, "status_code": "B001", "purchase_status": "BOOKED", "purchase_amount": 2980.0, "updated_date_time": "2015-08-28T18:17:28.430Z", "actual_amount": 3230.0, "service_updated": "new booking"}, "model": "booking.purchase", "pk": 114}, {"fields": {"customer": 2, "status_code": "B001", "purchase_status": "BOOKED", "purchase_amount": 810.0, "updated_date_time": "2015-08-28T18:29:38.164Z", "actual_amount": 900.0, "service_updated": "new booking"}, "model": "booking.purchase", "pk": 115}, {"fields": {"customer": 4, "status_code": "P004", "purchase_status": "REFUND_REQUESTED", "purchase_amount": 200.0, "updated_date_time": "2015-08-30T06:48:29.304Z", "actual_amount": 200.0, "service_updated": "cancel booking"}, "model": "booking.purchase", "pk": 116}, {"fields": {"customer": 4, "status_code": "B001", "purchase_status": "BOOKED", "purchase_amount": 100.0, "updated_date_time": "2015-08-30T06:18:45.833Z", "actual_amount": 100.0, "service_updated": "new booking"}, "model": "booking.purchase", "pk": 117}, {"fields": {"customer": 4, "status_code": "B001", "purchase_status": "BOOKED", "purchase_amount": 100.0, "updated_date_time": "2015-08-30T06:18:45.833Z", "actual_amount": 100.0, "service_updated": "new booking"}, "model": "booking.purchase", "pk": 118}, {"fields": {"customer": 4, "status_code": "B001", "purchase_status": "BOOKED", "purchase_amount": 100.0, "updated_date_time": "2015-08-30T06:18:45.833Z", "actual_amount": 100.0, "service_updated": "new booking"}, "model": "booking.purchase", "pk": 119}, {"fields": {"purchase": 1, "is_reviewed": false, "appointment_date": "2015-06-06", "coupon": null, "status_code": "B003", "notification_send": true, "booked_date": "2015-06-06T05:58:08Z", "appointment_start_time": "11:38:23", "is_valid": true, "appointment_end_time": "11:38:23", "studio": 1, "user": 2, "updated_date_time": "2015-06-25T11:46:58.515Z", "booking_code": "MAI65", "booking_status": "CANCELLED", "service_updated": "cancel booking", "mobile_no": null}, "model": "booking.bookingdetails", "pk": 1}, {"fields": {"purchase": 1, "is_reviewed": true, "appointment_date": "2015-06-25", "coupon": 1, "status_code": "B004", "notification_send": true, "booked_date": "2015-06-16T23:16:28Z", "appointment_start_time": "11:38:16", "is_valid": true, "appointment_end_time": "11:38:17", "studio": 1, "user": 2, "updated_date_time": "2015-06-25T12:09:35Z", "booking_code": "7NABA1JA", "booking_status": "USED", "service_updated": "booking used", "mobile_no": "1"}, "model": "booking.bookingdetails", "pk": 2}, {"fields": {"purchase": 1, "is_reviewed": true, "appointment_date": "2015-07-01", "coupon": 1, "status_code": "B003", "notification_send": true, "booked_date": "2015-06-16T00:03:19Z", "appointment_start_time": "23:02:54", "is_valid": false, "appointment_end_time": "11:38:11", "studio": 1, "user": 2, "updated_date_time": "2015-07-26T11:36:50Z", "booking_code": "NHAUB", "booking_status": "CANCELLED", "service_updated": "cancel booking", "mobile_no": "2"}, "model": "booking.bookingdetails", "pk": 3}, {"fields": {"purchase": 3, "is_reviewed": false, "appointment_date": "2015-07-01", "coupon": null, "status_code": "B003", "notification_send": true, "booked_date": "2015-06-30T07:16:16Z", "appointment_start_time": "22:57:54", "is_valid": false, "appointment_end_time": "10:50:00", "studio": 2, "user": 2, "updated_date_time": "2015-07-26T11:36:59.450Z", "booking_code": "WDUJVE", "booking_status": "CANCELLED", "service_updated": "cancel booking", "mobile_no": null}, "model": "booking.bookingdetails", "pk": 4}, {"fields": {"purchase": 4, "is_reviewed": false, "appointment_date": "2015-07-02", "coupon": null, "status_code": "B003", "notification_send": true, "booked_date": "2015-07-19T07:33:27Z", "appointment_start_time": "07:19:00", "is_valid": false, "appointment_end_time": "07:29:07", "studio": 1, "user": 2, "updated_date_time": "2015-08-02T10:37:23.563Z", "booking_code": "YE8LTZ", "booking_status": "CANCELLED", "service_updated": "cancel booking", "mobile_no": null}, "model": "booking.bookingdetails", "pk": 5}, {"fields": {"purchase": 5, "is_reviewed": false, "appointment_date": "2015-07-01", "coupon": null, "status_code": "B006", "notification_send": false, "booked_date": "2015-07-02T08:19:17.296Z", "appointment_start_time": "10:30:00", "is_valid": true, "appointment_end_time": "10:50:00", "studio": 1, "user": 2, "updated_date_time": "2015-07-02T08:18:10.524Z", "booking_code": "ER9GI9", "booking_status": "BOOKING", "service_updated": "new booking", "mobile_no": null}, "model": "booking.bookingdetails", "pk": 6}, {"fields": {"purchase": 6, "is_reviewed": true, "appointment_date": "2015-07-02", "coupon": 1, "status_code": "B004", "notification_send": true, "booked_date": "2015-07-02T11:37:54Z", "appointment_start_time": "10:30:00", "is_valid": false, "appointment_end_time": "10:45:00", "studio": 1, "user": 2, "updated_date_time": "2015-07-02T11:49:36Z", "booking_code": "59RBIF", "booking_status": "USED", "service_updated": "payment response", "mobile_no": "9790757037"}, "model": "booking.bookingdetails", "pk": 7}, {"fields": {"purchase": 7, "is_reviewed": false, "appointment_date": "2015-07-01", "coupon": null, "status_code": "B006", "notification_send": false, "booked_date": "2015-07-05T10:10:37.448Z", "appointment_start_time": "10:30:00", "is_valid": true, "appointment_end_time": "10:50:00", "studio": 1, "user": 2, "updated_date_time": "2015-07-05T10:09:21.379Z", "booking_code": "J51Q5E", "booking_status": "BOOKING", "service_updated": "new booking", "mobile_no": "9677267542"}, "model": "booking.bookingdetails", "pk": 8}, {"fields": {"purchase": 8, "is_reviewed": false, "appointment_date": "2015-07-08", "coupon": null, "status_code": "B003", "notification_send": true, "booked_date": "2015-07-06T12:44:38.223Z", "appointment_start_time": "10:30:00", "is_valid": false, "appointment_end_time": "10:50:00", "studio": 1, "user": 2, "updated_date_time": "2015-08-02T10:38:00.972Z", "booking_code": "EEYCRX", "booking_status": "CANCELLED", "service_updated": "cancel booking", "mobile_no": "9677267542"}, "model": "booking.bookingdetails", "pk": 9}, {"fields": {"purchase": 9, "is_reviewed": false, "appointment_date": "2015-07-08", "coupon": null, "status_code": "B001", "notification_send": true, "booked_date": "2015-07-06T12:53:47.416Z", "appointment_start_time": "10:30:00", "is_valid": true, "appointment_end_time": "10:50:00", "studio": 1, "user": 2, "updated_date_time": "2015-07-06T12:53:56.110Z", "booking_code": "OELF1D", "booking_status": "BOOKED", "service_updated": "payment response", "mobile_no": "9677267542"}, "model": "booking.bookingdetails", "pk": 10}, {"fields": {"purchase": 10, "is_reviewed": false, "appointment_date": "2015-07-08", "coupon": null, "status_code": "B001", "notification_send": true, "booked_date": "2015-07-06T12:57:22.681Z", "appointment_start_time": "10:30:00", "is_valid": true, "appointment_end_time": "10:50:00", "studio": 1, "user": 2, "updated_date_time": "2015-07-06T12:57:34.554Z", "booking_code": "VYMHDM", "booking_status": "BOOKED", "service_updated": "payment response", "mobile_no": "9677267542"}, "model": "booking.bookingdetails", "pk": 11}, {"fields": {"purchase": 11, "is_reviewed": false, "appointment_date": "2015-07-08", "coupon": null, "status_code": "B003", "notification_send": true, "booked_date": "2015-07-06T16:24:30.539Z", "appointment_start_time": "10:30:00", "is_valid": false, "appointment_end_time": "10:50:00", "studio": 1, "user": 2, "updated_date_time": "2015-08-02T10:38:24.084Z", "booking_code": "TSMUBV", "booking_status": "CANCELLED", "service_updated": "cancel booking", "mobile_no": "9677267542"}, "model": "booking.bookingdetails", "pk": 12}, {"fields": {"purchase": 12, "is_reviewed": false, "appointment_date": "2015-07-17", "coupon": 1, "status_code": "B007", "notification_send": true, "booked_date": "2015-07-17T23:11:35Z", "appointment_start_time": "08:30:00", "is_valid": false, "appointment_end_time": "09:00:00", "studio": 1, "user": 2, "updated_date_time": "2015-07-13T23:12:30Z", "booking_code": "4E26NU", "booking_status": "EXPIRED", "service_updated": "payment response", "mobile_no": "9677267542"}, "model": "booking.bookingdetails", "pk": 13}, {"fields": {"purchase": 13, "is_reviewed": false, "appointment_date": "2015-07-31", "coupon": null, "status_code": "B006", "notification_send": false, "booked_date": "2015-07-24T06:33:54.025Z", "appointment_start_time": "10:30:00", "is_valid": true, "appointment_end_time": "12:50:00", "studio": 1, "user": 2, "updated_date_time": "2015-07-24T06:33:27.958Z", "booking_code": "P74YN8", "booking_status": "BOOKING", "service_updated": "new booking", "mobile_no": "9677267542"}, "model": "booking.bookingdetails", "pk": 14}, {"fields": {"purchase": 14, "is_reviewed": true, "appointment_date": "2015-07-25", "coupon": 1, "status_code": "B004", "notification_send": false, "booked_date": "2015-07-24T06:34:28Z", "appointment_start_time": "10:30:00", "is_valid": false, "appointment_end_time": "12:50:00", "studio": 3, "user": 2, "updated_date_time": "2015-07-24T06:34:20Z", "booking_code": "13UUON", "booking_status": "USED", "service_updated": "new booking", "mobile_no": "9677267542"}, "model": "booking.bookingdetails", "pk": 15}, {"fields": {"purchase": 15, "is_reviewed": true, "appointment_date": "2015-07-25", "coupon": 1, "status_code": "B004", "notification_send": false, "booked_date": "2015-07-24T06:36:41Z", "appointment_start_time": "10:30:00", "is_valid": false, "appointment_end_time": "12:50:00", "studio": 3, "user": 2, "updated_date_time": "2015-07-24T06:36:03Z", "booking_code": "NDBKWW", "booking_status": "USED", "service_updated": "new booking", "mobile_no": "9677267542"}, "model": "booking.bookingdetails", "pk": 16}, {"fields": {"purchase": 16, "is_reviewed": true, "appointment_date": "2015-07-25", "coupon": 1, "status_code": "B004", "notification_send": false, "booked_date": "2015-07-24T06:36:54Z", "appointment_start_time": "10:30:00", "is_valid": false, "appointment_end_time": "12:50:00", "studio": 3, "user": 2, "updated_date_time": "2015-07-24T06:36:52Z", "booking_code": "6NKQJT", "booking_status": "USED", "service_updated": "new booking", "mobile_no": "9677267542"}, "model": "booking.bookingdetails", "pk": 17}, {"fields": {"purchase": 17, "is_reviewed": true, "appointment_date": "2015-07-25", "coupon": 1, "status_code": "B004", "notification_send": false, "booked_date": "2015-07-24T06:37:25Z", "appointment_start_time": "10:30:00", "is_valid": false, "appointment_end_time": "12:50:00", "studio": 3, "user": 2, "updated_date_time": "2015-07-24T06:37:24Z", "booking_code": "8ZTGBF", "booking_status": "USED", "service_updated": "new booking", "mobile_no": "9677267542"}, "model": "booking.bookingdetails", "pk": 18}, {"fields": {"purchase": 18, "is_reviewed": true, "appointment_date": "2015-07-25", "coupon": 1, "status_code": "B004", "notification_send": false, "booked_date": "2015-07-24T06:38:13Z", "appointment_start_time": "10:30:00", "is_valid": false, "appointment_end_time": "12:50:00", "studio": 3, "user": 2, "updated_date_time": "2015-07-24T06:38:11Z", "booking_code": "35CJU5", "booking_status": "USED", "service_updated": "new booking", "mobile_no": "9677267542"}, "model": "booking.bookingdetails", "pk": 19}, {"fields": {"purchase": 19, "is_reviewed": true, "appointment_date": "2015-07-31", "coupon": 1, "status_code": "B004", "notification_send": false, "booked_date": "2015-07-24T06:49:18Z", "appointment_start_time": "10:30:00", "is_valid": false, "appointment_end_time": "12:50:00", "studio": 3, "user": 2, "updated_date_time": "2015-07-24T06:48:55Z", "booking_code": "W2CKCO", "booking_status": "USED", "service_updated": "new booking", "mobile_no": "9677267542"}, "model": "booking.bookingdetails", "pk": 20}, {"fields": {"purchase": 20, "is_reviewed": false, "appointment_date": "2015-08-12", "coupon": 1, "status_code": "B006", "notification_send": false, "booked_date": "2015-08-02T04:20:19Z", "appointment_start_time": "08:30:00", "is_valid": true, "appointment_end_time": "10:30:00", "studio": 3, "user": 2, "updated_date_time": "2015-08-02T04:01:15Z", "booking_code": "HHDPW1", "booking_status": "BOOKING", "service_updated": "new booking", "mobile_no": "9677267542"}, "model": "booking.bookingdetails", "pk": 21}, {"fields": {"purchase": 21, "is_reviewed": false, "appointment_date": "2015-08-06", "coupon": 1, "status_code": "B006", "notification_send": false, "booked_date": "2015-08-02T04:24:19Z", "appointment_start_time": "07:00:00", "is_valid": true, "appointment_end_time": "09:30:00", "studio": 3, "user": 2, "updated_date_time": "2015-08-02T04:22:59Z", "booking_code": "JD4L7L", "booking_status": "BOOKING", "service_updated": "new booking", "mobile_no": "9677267542"}, "model": "booking.bookingdetails", "pk": 22}, {"fields": {"purchase": 22, "is_reviewed": false, "appointment_date": "2015-08-12", "coupon": null, "status_code": "B006", "notification_send": false, "booked_date": "2015-08-02T04:35:43.449Z", "appointment_start_time": "08:30:00", "is_valid": true, "appointment_end_time": "10:30:00", "studio": 3, "user": 2, "updated_date_time": "2015-08-02T04:35:31.267Z", "booking_code": "RKQLCR", "booking_status": "BOOKING", "service_updated": "new booking", "mobile_no": "9677267542"}, "model": "booking.bookingdetails", "pk": 23}, {"fields": {"purchase": 23, "is_reviewed": false, "appointment_date": "2015-08-12", "coupon": null, "status_code": "B006", "notification_send": false, "booked_date": "2015-08-02T04:37:11.317Z", "appointment_start_time": "08:30:00", "is_valid": true, "appointment_end_time": "11:00:00", "studio": 3, "user": 2, "updated_date_time": "2015-08-02T04:35:31.267Z", "booking_code": "1LNJSD", "booking_status": "BOOKING", "service_updated": "new booking", "mobile_no": "9677267542"}, "model": "booking.bookingdetails", "pk": 24}, {"fields": {"purchase": 24, "is_reviewed": false, "appointment_date": "2015-08-10", "coupon": null, "status_code": "B006", "notification_send": false, "booked_date": "2015-08-02T04:48:08.030Z", "appointment_start_time": "07:00:00", "is_valid": true, "appointment_end_time": "10:30:00", "studio": 3, "user": 2, "updated_date_time": "2015-08-02T04:35:31.267Z", "booking_code": "3TYVHO", "booking_status": "BOOKING", "service_updated": "new booking", "mobile_no": "8056078178"}, "model": "booking.bookingdetails", "pk": 25}, {"fields": {"purchase": 25, "is_reviewed": false, "appointment_date": "2015-08-10", "coupon": null, "status_code": "B006", "notification_send": false, "booked_date": "2015-08-02T04:48:38.909Z", "appointment_start_time": "07:00:00", "is_valid": true, "appointment_end_time": "10:30:00", "studio": 3, "user": 2, "updated_date_time": "2015-08-02T04:35:31.267Z", "booking_code": "Q2NWDY", "booking_status": "BOOKING", "service_updated": "new booking", "mobile_no": "8056078178"}, "model": "booking.bookingdetails", "pk": 26}, {"fields": {"purchase": 26, "is_reviewed": false, "appointment_date": "2015-08-31", "coupon": null, "status_code": "B006", "notification_send": false, "booked_date": "2015-08-02T04:53:23.674Z", "appointment_start_time": "13:00:00", "is_valid": true, "appointment_end_time": "15:00:00", "studio": 3, "user": 2, "updated_date_time": "2015-08-02T04:35:31.267Z", "booking_code": "R657ZH", "booking_status": "BOOKING", "service_updated": "new booking", "mobile_no": "9876543210"}, "model": "booking.bookingdetails", "pk": 27}, {"fields": {"purchase": 27, "is_reviewed": false, "appointment_date": "2015-08-12", "coupon": null, "status_code": "B006", "notification_send": false, "booked_date": "2015-08-02T04:55:13.972Z", "appointment_start_time": "10:15:00", "is_valid": true, "appointment_end_time": "10:45:00", "studio": 3, "user": 2, "updated_date_time": "2015-08-02T04:35:31.267Z", "booking_code": "W2702X", "booking_status": "BOOKING", "service_updated": "new booking", "mobile_no": "9677267542"}, "model": "booking.bookingdetails", "pk": 28}, {"fields": {"purchase": 28, "is_reviewed": false, "appointment_date": "2015-08-13", "coupon": null, "status_code": "B006", "notification_send": false, "booked_date": "2015-08-02T04:56:19.905Z", "appointment_start_time": "09:30:00", "is_valid": true, "appointment_end_time": "10:00:00", "studio": 3, "user": 2, "updated_date_time": "2015-08-02T04:35:31.267Z", "booking_code": "CZ2URZ", "booking_status": "BOOKING", "service_updated": "new booking", "mobile_no": "9677267542"}, "model": "booking.bookingdetails", "pk": 29}, {"fields": {"purchase": 29, "is_reviewed": false, "appointment_date": "2015-08-03", "coupon": null, "status_code": "B006", "notification_send": false, "booked_date": "2015-08-02T10:26:44.148Z", "appointment_start_time": "09:15:00", "is_valid": true, "appointment_end_time": "09:45:00", "studio": 3, "user": 2, "updated_date_time": "2015-08-02T10:26:19.041Z", "booking_code": "NLUL6E", "booking_status": "BOOKING", "service_updated": "new booking", "mobile_no": "9677267542"}, "model": "booking.bookingdetails", "pk": 30}, {"fields": {"purchase": 30, "is_reviewed": false, "appointment_date": "2015-08-03", "coupon": null, "status_code": "B006", "notification_send": false, "booked_date": "2015-08-02T17:51:14.954Z", "appointment_start_time": "07:15:00", "is_valid": true, "appointment_end_time": "09:15:00", "studio": 3, "user": 2, "updated_date_time": "2015-08-02T17:21:58.806Z", "booking_code": "1JG40E", "booking_status": "BOOKING", "service_updated": "new booking", "mobile_no": "9677267542"}, "model": "booking.bookingdetails", "pk": 31}, {"fields": {"purchase": 31, "is_reviewed": false, "appointment_date": "2015-08-04", "coupon": null, "status_code": "B006", "notification_send": false, "booked_date": "2015-08-02T17:54:37.236Z", "appointment_start_time": "07:15:00", "is_valid": true, "appointment_end_time": "09:15:00", "studio": 3, "user": 2, "updated_date_time": "2015-08-02T17:54:21.754Z", "booking_code": "Y8EB7W", "booking_status": "BOOKING", "service_updated": "new booking", "mobile_no": "9677267542"}, "model": "booking.bookingdetails", "pk": 32}, {"fields": {"purchase": 32, "is_reviewed": false, "appointment_date": "2015-08-04", "coupon": null, "status_code": "B006", "notification_send": false, "booked_date": "2015-08-02T17:57:00.781Z", "appointment_start_time": "13:30:00", "is_valid": true, "appointment_end_time": "15:30:00", "studio": 3, "user": 2, "updated_date_time": "2015-08-02T17:55:20.219Z", "booking_code": "6FYITT", "booking_status": "BOOKING", "service_updated": "new booking", "mobile_no": "9876543210"}, "model": "booking.bookingdetails", "pk": 33}, {"fields": {"purchase": 33, "is_reviewed": false, "appointment_date": "2015-08-12", "coupon": null, "status_code": "B006", "notification_send": false, "booked_date": "2015-08-02T18:14:53.032Z", "appointment_start_time": "10:00:00", "is_valid": true, "appointment_end_time": "12:00:00", "studio": 3, "user": 2, "updated_date_time": "2015-08-02T18:02:22.457Z", "booking_code": "HFGX3J", "booking_status": "BOOKING", "service_updated": "new booking", "mobile_no": "9876543210"}, "model": "booking.bookingdetails", "pk": 34}, {"fields": {"purchase": 34, "is_reviewed": false, "appointment_date": "2015-08-12", "coupon": null, "status_code": "B006", "notification_send": false, "booked_date": "2015-08-03T17:31:20.874Z", "appointment_start_time": "07:15:00", "is_valid": true, "appointment_end_time": "09:15:00", "studio": 3, "user": 2, "updated_date_time": "2015-08-03T17:28:04.948Z", "booking_code": "NOV6LG", "booking_status": "BOOKING", "service_updated": "new booking", "mobile_no": "9677267542"}, "model": "booking.bookingdetails", "pk": 35}, {"fields": {"purchase": 35, "is_reviewed": false, "appointment_date": "2015-08-05", "coupon": null, "status_code": "B006", "notification_send": false, "booked_date": "2015-08-03T17:38:43.888Z", "appointment_start_time": "17:30:00", "is_valid": true, "appointment_end_time": "19:30:00", "studio": 3, "user": 2, "updated_date_time": "2015-08-03T17:28:04.948Z", "booking_code": "5BM7DX", "booking_status": "BOOKING", "service_updated": "new booking", "mobile_no": "9876543210"}, "model": "booking.bookingdetails", "pk": 36}, {"fields": {"purchase": 36, "is_reviewed": false, "appointment_date": "2015-08-12", "coupon": null, "status_code": "B006", "notification_send": false, "booked_date": "2015-08-03T17:43:33.551Z", "appointment_start_time": "13:00:00", "is_valid": true, "appointment_end_time": "14:30:00", "studio": 3, "user": 2, "updated_date_time": "2015-08-03T17:40:49.349Z", "booking_code": "A1KHG8", "booking_status": "BOOKING", "service_updated": "new booking", "mobile_no": "9876543210"}, "model": "booking.bookingdetails", "pk": 37}, {"fields": {"purchase": 37, "is_reviewed": false, "appointment_date": "2015-08-12", "coupon": null, "status_code": "B006", "notification_send": false, "booked_date": "2015-08-04T07:03:30.701Z", "appointment_start_time": "09:15:00", "is_valid": true, "appointment_end_time": "11:15:00", "studio": 3, "user": 2, "updated_date_time": "2015-08-04T06:56:46.176Z", "booking_code": "WAR8UO", "booking_status": "BOOKING", "service_updated": "new booking", "mobile_no": "9677267542"}, "model": "booking.bookingdetails", "pk": 38}, {"fields": {"purchase": 38, "is_reviewed": false, "appointment_date": "2015-08-05", "coupon": null, "status_code": "B006", "notification_send": false, "booked_date": "2015-08-04T07:19:13.606Z", "appointment_start_time": "08:00:00", "is_valid": true, "appointment_end_time": "12:00:00", "studio": 3, "user": 2, "updated_date_time": "2015-08-04T07:06:05.815Z", "booking_code": "9NF040", "booking_status": "BOOKING", "service_updated": "new booking", "mobile_no": "9677267542"}, "model": "booking.bookingdetails", "pk": 39}, {"fields": {"purchase": 39, "is_reviewed": false, "appointment_date": "2015-08-06", "coupon": null, "status_code": "B006", "notification_send": false, "booked_date": "2015-08-04T07:24:17.015Z", "appointment_start_time": "07:15:00", "is_valid": true, "appointment_end_time": "11:45:00", "studio": 3, "user": 2, "updated_date_time": "2015-08-04T07:06:05.815Z", "booking_code": "49KQEG", "booking_status": "BOOKING", "service_updated": "new booking", "mobile_no": "9677267542"}, "model": "booking.bookingdetails", "pk": 40}, {"fields": {"purchase": 40, "is_reviewed": false, "appointment_date": "2015-08-12", "coupon": null, "status_code": "B006", "notification_send": false, "booked_date": "2015-08-04T07:34:43.864Z", "appointment_start_time": "08:00:00", "is_valid": true, "appointment_end_time": "10:00:00", "studio": 3, "user": 2, "updated_date_time": "2015-08-04T07:30:04.669Z", "booking_code": "41N5GA", "booking_status": "BOOKING", "service_updated": "new booking", "mobile_no": "9677267542"}, "model": "booking.bookingdetails", "pk": 41}, {"fields": {"purchase": 41, "is_reviewed": false, "appointment_date": "2015-08-12", "coupon": null, "status_code": "B006", "notification_send": false, "booked_date": "2015-08-04T07:36:08.284Z", "appointment_start_time": "09:15:00", "is_valid": true, "appointment_end_time": "11:15:00", "studio": 3, "user": 2, "updated_date_time": "2015-08-04T07:35:03.124Z", "booking_code": "0M95K7", "booking_status": "BOOKING", "service_updated": "new booking", "mobile_no": "9677267542"}, "model": "booking.bookingdetails", "pk": 42}, {"fields": {"purchase": 42, "is_reviewed": false, "appointment_date": "2015-08-12", "coupon": null, "status_code": "B006", "notification_send": false, "booked_date": "2015-08-04T07:55:27.593Z", "appointment_start_time": "07:15:00", "is_valid": true, "appointment_end_time": "09:15:00", "studio": 3, "user": 2, "updated_date_time": "2015-08-04T07:43:46.931Z", "booking_code": "WN7GEQ", "booking_status": "BOOKING", "service_updated": "new booking", "mobile_no": "9677267542"}, "model": "booking.bookingdetails", "pk": 43}, {"fields": {"purchase": 43, "is_reviewed": false, "appointment_date": "2015-08-19", "coupon": null, "status_code": "B001", "notification_send": true, "booked_date": "2015-08-04T14:19:54.434Z", "appointment_start_time": "08:30:00", "is_valid": true, "appointment_end_time": "10:30:00", "studio": 3, "user": 2, "updated_date_time": "2015-08-04T14:18:55.632Z", "booking_code": "ZM401R", "booking_status": "BOOKED", "service_updated": "new booking", "mobile_no": "9677267542"}, "model": "booking.bookingdetails", "pk": 44}, {"fields": {"purchase": 44, "is_reviewed": false, "appointment_date": "2015-08-12", "coupon": null, "status_code": "B001", "notification_send": true, "booked_date": "2015-08-04T14:21:55.188Z", "appointment_start_time": "07:00:00", "is_valid": true, "appointment_end_time": "10:15:00", "studio": 2, "user": 2, "updated_date_time": "2015-08-04T14:18:55.632Z", "booking_code": "F3JB31", "booking_status": "BOOKED", "service_updated": "new booking", "mobile_no": "9677267542"}, "model": "booking.bookingdetails", "pk": 45}, {"fields": {"purchase": 45, "is_reviewed": false, "appointment_date": "2015-08-12", "coupon": null, "status_code": "B001", "notification_send": true, "booked_date": "2015-08-04T14:55:00.964Z", "appointment_start_time": "14:00:00", "is_valid": true, "appointment_end_time": "14:15:00", "studio": 2, "user": 2, "updated_date_time": "2015-08-04T14:53:21.992Z", "booking_code": "4ORBRL", "booking_status": "BOOKED", "service_updated": "new booking", "mobile_no": "9677267542"}, "model": "booking.bookingdetails", "pk": 46}, {"fields": {"purchase": 46, "is_reviewed": false, "appointment_date": "2015-08-12", "coupon": null, "status_code": "B001", "notification_send": true, "booked_date": "2015-08-04T14:56:16.911Z", "appointment_start_time": "16:00:00", "is_valid": true, "appointment_end_time": "16:15:00", "studio": 2, "user": 2, "updated_date_time": "2015-08-04T14:53:21.992Z", "booking_code": "AFPFQT", "booking_status": "BOOKED", "service_updated": "new booking", "mobile_no": "9677267542"}, "model": "booking.bookingdetails", "pk": 47}, {"fields": {"purchase": 47, "is_reviewed": false, "appointment_date": "2015-08-11", "coupon": null, "status_code": "B001", "notification_send": true, "booked_date": "2015-08-04T15:12:57.555Z", "appointment_start_time": "07:15:00", "is_valid": true, "appointment_end_time": "09:15:00", "studio": 3, "user": 2, "updated_date_time": "2015-08-04T15:12:15.602Z", "booking_code": "MG76OO", "booking_status": "BOOKED", "service_updated": "new booking", "mobile_no": "9677267542"}, "model": "booking.bookingdetails", "pk": 48}, {"fields": {"purchase": 48, "is_reviewed": false, "appointment_date": "2015-08-19", "coupon": null, "status_code": "B003", "notification_send": true, "booked_date": "2015-08-04T15:16:14.437Z", "appointment_start_time": "14:00:00", "is_valid": false, "appointment_end_time": "14:30:00", "studio": 3, "user": 2, "updated_date_time": "2015-08-04T15:16:29.303Z", "booking_code": "T3HO3W", "booking_status": "CANCELLED", "service_updated": "cancel booking", "mobile_no": "9677267542"}, "model": "booking.bookingdetails", "pk": 49}, {"fields": {"purchase": 49, "is_reviewed": false, "appointment_date": "2015-08-12", "coupon": null, "status_code": "B001", "notification_send": true, "booked_date": "2015-08-04T15:19:19.503Z", "appointment_start_time": "07:00:00", "is_valid": true, "appointment_end_time": "07:45:00", "studio": 3, "user": 2, "updated_date_time": "2015-08-04T15:17:11.282Z", "booking_code": "QMEV6Z", "booking_status": "BOOKED", "service_updated": "new booking", "mobile_no": "9677267542"}, "model": "booking.bookingdetails", "pk": 50}, {"fields": {"purchase": 50, "is_reviewed": false, "appointment_date": "2015-08-12", "coupon": null, "status_code": "B001", "notification_send": true, "booked_date": "2015-08-04T15:21:03.482Z", "appointment_start_time": "08:00:00", "is_valid": true, "appointment_end_time": "08:30:00", "studio": 3, "user": 2, "updated_date_time": "2015-08-04T15:17:11.282Z", "booking_code": "SYC7GK", "booking_status": "BOOKED", "service_updated": "new booking", "mobile_no": "9677267542"}, "model": "booking.bookingdetails", "pk": 51}, {"fields": {"purchase": 51, "is_reviewed": false, "appointment_date": "2015-08-19", "coupon": null, "status_code": "B001", "notification_send": true, "booked_date": "2015-08-05T02:06:52.367Z", "appointment_start_time": "13:00:00", "is_valid": true, "appointment_end_time": "15:00:00", "studio": 3, "user": 3, "updated_date_time": "2015-08-05T02:05:59.179Z", "booking_code": "AFRWZN", "booking_status": "BOOKED", "service_updated": "new booking", "mobile_no": "9876543211"}, "model": "booking.bookingdetails", "pk": 52}, {"fields": {"purchase": 52, "is_reviewed": false, "appointment_date": "2015-08-20", "coupon": null, "status_code": "B003", "notification_send": true, "booked_date": "2015-08-05T02:17:31.213Z", "appointment_start_time": "09:30:00", "is_valid": false, "appointment_end_time": "11:30:00", "studio": 3, "user": 3, "updated_date_time": "2015-08-12T17:13:38.184Z", "booking_code": "8ZCHF5", "booking_status": "CANCELLED", "service_updated": "cancel booking", "mobile_no": "9677267542"}, "model": "booking.bookingdetails", "pk": 53}, {"fields": {"purchase": 53, "is_reviewed": false, "appointment_date": "2015-08-18", "coupon": null, "status_code": "B001", "notification_send": true, "booked_date": "2015-08-05T05:44:19.774Z", "appointment_start_time": "07:00:00", "is_valid": true, "appointment_end_time": "09:00:00", "studio": 3, "user": 2, "updated_date_time": "2015-08-05T05:38:03.205Z", "booking_code": "3Q1MBG", "booking_status": "BOOKED", "service_updated": "new booking", "mobile_no": "9677267542"}, "model": "booking.bookingdetails", "pk": 54}, {"fields": {"purchase": 54, "is_reviewed": false, "appointment_date": "2015-08-12", "coupon": null, "status_code": "B001", "notification_send": true, "booked_date": "2015-08-05T05:46:51.541Z", "appointment_start_time": "09:00:00", "is_valid": true, "appointment_end_time": "11:00:00", "studio": 3, "user": 2, "updated_date_time": "2015-08-05T05:38:03.205Z", "booking_code": "Y6GV1H", "booking_status": "BOOKED", "service_updated": "new booking", "mobile_no": "9677267542"}, "model": "booking.bookingdetails", "pk": 55}, {"fields": {"purchase": 55, "is_reviewed": false, "appointment_date": "2015-08-20", "coupon": null, "status_code": "B001", "notification_send": true, "booked_date": "2015-08-05T05:55:33.252Z", "appointment_start_time": "07:00:00", "is_valid": true, "appointment_end_time": "09:00:00", "studio": 3, "user": 2, "updated_date_time": "2015-08-05T05:38:03.205Z", "booking_code": "RIX7WC", "booking_status": "BOOKED", "service_updated": "new booking", "mobile_no": "9677267542"}, "model": "booking.bookingdetails", "pk": 56}, {"fields": {"purchase": 56, "is_reviewed": false, "appointment_date": "2015-08-28", "coupon": null, "status_code": "B001", "notification_send": true, "booked_date": "2015-08-05T05:56:13.945Z", "appointment_start_time": "07:00:00", "is_valid": true, "appointment_end_time": "09:00:00", "studio": 3, "user": 2, "updated_date_time": "2015-08-05T05:38:03.205Z", "booking_code": "OABL6P", "booking_status": "BOOKED", "service_updated": "new booking", "mobile_no": "9677267542"}, "model": "booking.bookingdetails", "pk": 57}, {"fields": {"purchase": 57, "is_reviewed": false, "appointment_date": "2015-08-27", "coupon": null, "status_code": "B007", "notification_send": true, "booked_date": "2015-08-05T05:58:28.658Z", "appointment_start_time": "07:00:00", "is_valid": false, "appointment_end_time": "09:00:00", "studio": 3, "user": 2, "updated_date_time": "2015-08-05T05:38:03.205Z", "booking_code": "ND7ZSM", "booking_status": "EXPIRED", "service_updated": "new booking", "mobile_no": "9677267542"}, "model": "booking.bookingdetails", "pk": 58}, {"fields": {"purchase": 58, "is_reviewed": false, "appointment_date": "2015-09-04", "coupon": null, "status_code": "B003", "notification_send": true, "booked_date": "2015-08-05T05:59:50.076Z", "appointment_start_time": "07:15:00", "is_valid": false, "appointment_end_time": "09:15:00", "studio": 3, "user": 2, "updated_date_time": "2015-08-05T06:18:51.643Z", "booking_code": "JJC64D", "booking_status": "CANCELLED", "service_updated": "cancel booking", "mobile_no": "9677267542"}, "model": "booking.bookingdetails", "pk": 59}, {"fields": {"purchase": 59, "is_reviewed": false, "appointment_date": "2015-08-26", "coupon": null, "status_code": "B007", "notification_send": true, "booked_date": "2015-08-05T06:01:46.007Z", "appointment_start_time": "07:15:00", "is_valid": false, "appointment_end_time": "09:15:00", "studio": 3, "user": 2, "updated_date_time": "2015-08-05T05:38:03.205Z", "booking_code": "NFLVDB", "booking_status": "EXPIRED", "service_updated": "new booking", "mobile_no": "9677267542"}, "model": "booking.bookingdetails", "pk": 60}, {"fields": {"purchase": 60, "is_reviewed": false, "appointment_date": "2015-08-18", "coupon": null, "status_code": "B003", "notification_send": true, "booked_date": "2015-08-05T06:03:23.816Z", "appointment_start_time": "08:00:00", "is_valid": false, "appointment_end_time": "10:00:00", "studio": 3, "user": 2, "updated_date_time": "2015-08-05T06:16:06.375Z", "booking_code": "E32SXI", "booking_status": "CANCELLED", "service_updated": "cancel booking", "mobile_no": "9677267542"}, "model": "booking.bookingdetails", "pk": 61}, {"fields": {"purchase": 61, "is_reviewed": false, "appointment_date": "2015-08-26", "coupon": null, "status_code": "B003", "notification_send": true, "booked_date": "2015-08-05T06:04:19.131Z", "appointment_start_time": "09:15:00", "is_valid": false, "appointment_end_time": "11:15:00", "studio": 3, "user": 2, "updated_date_time": "2015-08-05T06:16:52.542Z", "booking_code": "IZ4QFN", "booking_status": "CANCELLED", "service_updated": "cancel booking", "mobile_no": "9677267542"}, "model": "booking.bookingdetails", "pk": 62}, {"fields": {"purchase": 62, "is_reviewed": false, "appointment_date": "2015-08-13", "coupon": null, "status_code": "B003", "notification_send": true, "booked_date": "2015-08-05T06:05:02.430Z", "appointment_start_time": "07:30:00", "is_valid": false, "appointment_end_time": "09:30:00", "studio": 3, "user": 2, "updated_date_time": "2015-08-05T06:16:42.949Z", "booking_code": "TV28HL", "booking_status": "CANCELLED", "service_updated": "cancel booking", "mobile_no": "9677267542"}, "model": "booking.bookingdetails", "pk": 63}, {"fields": {"purchase": 63, "is_reviewed": false, "appointment_date": "2015-08-11", "coupon": null, "status_code": "B003", "notification_send": true, "booked_date": "2015-08-05T06:07:46.219Z", "appointment_start_time": "08:00:00", "is_valid": false, "appointment_end_time": "08:30:00", "studio": 3, "user": 2, "updated_date_time": "2015-08-05T06:12:27.213Z", "booking_code": "J76M0D", "booking_status": "CANCELLED", "service_updated": "cancel booking", "mobile_no": "9677267542"}, "model": "booking.bookingdetails", "pk": 64}, {"fields": {"purchase": 64, "is_reviewed": false, "appointment_date": "2015-08-17", "coupon": null, "status_code": "B003", "notification_send": true, "booked_date": "2015-08-05T06:18:36.435Z", "appointment_start_time": "07:00:00", "is_valid": false, "appointment_end_time": "07:30:00", "studio": 3, "user": 2, "updated_date_time": "2015-08-05T07:18:42.488Z", "booking_code": "2G8IRN", "booking_status": "CANCELLED", "service_updated": "cancel booking", "mobile_no": "9677267542"}, "model": "booking.bookingdetails", "pk": 65}, {"fields": {"purchase": 65, "is_reviewed": false, "appointment_date": "2015-08-17", "coupon": null, "status_code": "B003", "notification_send": true, "booked_date": "2015-08-05T06:22:44.566Z", "appointment_start_time": "08:00:00", "is_valid": false, "appointment_end_time": "08:30:00", "studio": 3, "user": 2, "updated_date_time": "2015-08-05T06:38:23.554Z", "booking_code": "TFLL2N", "booking_status": "CANCELLED", "service_updated": "cancel booking", "mobile_no": "9677267542"}, "model": "booking.bookingdetails", "pk": 66}, {"fields": {"purchase": 66, "is_reviewed": false, "appointment_date": "2015-08-06", "coupon": null, "status_code": "B001", "notification_send": true, "booked_date": "2015-08-05T07:52:29.531Z", "appointment_start_time": "07:00:00", "is_valid": true, "appointment_end_time": "07:15:00", "studio": 4, "user": 2, "updated_date_time": "2015-08-05T06:19:46.539Z", "booking_code": "ZDC0VZ", "booking_status": "BOOKED", "service_updated": "new booking", "mobile_no": "9677267542"}, "model": "booking.bookingdetails", "pk": 67}, {"fields": {"purchase": 67, "is_reviewed": false, "appointment_date": "2015-08-06", "coupon": null, "status_code": "B001", "notification_send": true, "booked_date": "2015-08-05T07:59:41.839Z", "appointment_start_time": "07:15:00", "is_valid": true, "appointment_end_time": "07:30:00", "studio": 4, "user": 2, "updated_date_time": "2015-08-05T07:59:15.393Z", "booking_code": "ZB901W", "booking_status": "BOOKED", "service_updated": "new booking", "mobile_no": "9677267542"}, "model": "booking.bookingdetails", "pk": 68}, {"fields": {"purchase": 68, "is_reviewed": false, "appointment_date": "2015-08-06", "coupon": null, "status_code": "B003", "notification_send": true, "booked_date": "2015-08-05T08:00:18.181Z", "appointment_start_time": "07:30:00", "is_valid": false, "appointment_end_time": "08:00:00", "studio": 4, "user": 2, "updated_date_time": "2015-08-16T14:53:43.637Z", "booking_code": "TWE4B4", "booking_status": "CANCELLED", "service_updated": "cancel booking", "mobile_no": "9677267542"}, "model": "booking.bookingdetails", "pk": 69}, {"fields": {"purchase": 69, "is_reviewed": true, "appointment_date": "2015-09-05", "coupon": 1, "status_code": "B004", "notification_send": true, "booked_date": "2015-08-05T08:01:36Z", "appointment_start_time": "11:00:00", "is_valid": false, "appointment_end_time": "14:15:00", "studio": 4, "user": 2, "updated_date_time": "2015-08-05T08:00:15Z", "booking_code": "MALCK5", "booking_status": "USED", "service_updated": "new booking", "mobile_no": "9677267542"}, "model": "booking.bookingdetails", "pk": 70}, {"fields": {"purchase": 70, "is_reviewed": true, "appointment_date": "2015-08-06", "coupon": 1, "status_code": "B004", "notification_send": true, "booked_date": "2015-08-05T08:02:19Z", "appointment_start_time": "09:00:00", "is_valid": false, "appointment_end_time": "10:00:00", "studio": 4, "user": 2, "updated_date_time": "2015-08-05T08:00:15Z", "booking_code": "CUL8QD", "booking_status": "USED", "service_updated": "new booking", "mobile_no": "9677267542"}, "model": "booking.bookingdetails", "pk": 71}, {"fields": {"purchase": 71, "is_reviewed": true, "appointment_date": "2015-08-16", "coupon": 1, "status_code": "B004", "notification_send": true, "booked_date": "2015-08-05T08:14:57Z", "appointment_start_time": "13:00:00", "is_valid": false, "appointment_end_time": "13:45:00", "studio": 4, "user": 2, "updated_date_time": "2015-08-05T08:14:40Z", "booking_code": "E3JXT2", "booking_status": "USED", "service_updated": "new booking", "mobile_no": "9677267542"}, "model": "booking.bookingdetails", "pk": 72}, {"fields": {"purchase": 72, "is_reviewed": false, "appointment_date": "2015-08-27", "coupon": null, "status_code": "B003", "notification_send": true, "booked_date": "2015-08-05T08:15:36.089Z", "appointment_start_time": "09:15:00", "is_valid": false, "appointment_end_time": "09:30:00", "studio": 4, "user": 2, "updated_date_time": "2015-08-15T08:57:43.624Z", "booking_code": "EC2LZL", "booking_status": "CANCELLED", "service_updated": "cancel booking", "mobile_no": "9677267542"}, "model": "booking.bookingdetails", "pk": 73}, {"fields": {"purchase": 73, "is_reviewed": false, "appointment_date": "2015-08-11", "coupon": null, "status_code": "B003", "notification_send": true, "booked_date": "2015-08-08T13:54:05.439Z", "appointment_start_time": "07:00:00", "is_valid": false, "appointment_end_time": "07:15:00", "studio": 2, "user": 3, "updated_date_time": "2015-08-12T17:13:02.680Z", "booking_code": "JZI5AV", "booking_status": "CANCELLED", "service_updated": "cancel booking", "mobile_no": "9667267542"}, "model": "booking.bookingdetails", "pk": 74}, {"fields": {"purchase": 74, "is_reviewed": false, "appointment_date": "2015-08-11", "coupon": null, "status_code": "B003", "notification_send": true, "booked_date": "2015-08-08T13:56:11.131Z", "appointment_start_time": "07:15:00", "is_valid": false, "appointment_end_time": "07:30:00", "studio": 2, "user": 3, "updated_date_time": "2015-08-08T14:49:12.150Z", "booking_code": "S9HRX2", "booking_status": "CANCELLED", "service_updated": "cancel booking", "mobile_no": "9677267542"}, "model": "booking.bookingdetails", "pk": 75}, {"fields": {"purchase": 75, "is_reviewed": false, "appointment_date": "2015-08-13", "coupon": 1, "status_code": "B004", "notification_send": true, "booked_date": "2015-08-12T17:40:56Z", "appointment_start_time": "07:00:00", "is_valid": true, "appointment_end_time": "09:00:00", "studio": 3, "user": 3, "updated_date_time": "2015-08-12T16:24:37Z", "booking_code": "3UCREM", "booking_status": "USED", "service_updated": "new booking", "mobile_no": "9876543210"}, "model": "booking.bookingdetails", "pk": 76}, {"fields": {"purchase": 76, "is_reviewed": false, "appointment_date": "2015-08-13", "coupon": null, "status_code": "B003", "notification_send": true, "booked_date": "2015-08-13T04:20:33.814Z", "appointment_start_time": "13:15:00", "is_valid": false, "appointment_end_time": "15:15:00", "studio": 3, "user": 2, "updated_date_time": "2015-08-13T04:21:08.466Z", "booking_code": "CA9QCQ", "booking_status": "CANCELLED", "service_updated": "cancel booking", "mobile_no": "9677267542"}, "model": "booking.bookingdetails", "pk": 77}, {"fields": {"purchase": 77, "is_reviewed": false, "appointment_date": "2015-08-13", "coupon": null, "status_code": "B003", "notification_send": true, "booked_date": "2015-08-12T22:44:22.254Z", "appointment_start_time": "10:00:00", "is_valid": false, "appointment_end_time": "10:15:00", "studio": 1, "user": 2, "updated_date_time": "2015-08-15T06:19:15.448Z", "booking_code": "74UBS9", "booking_status": "CANCELLED", "service_updated": "cancel booking", "mobile_no": "9790757037"}, "model": "booking.bookingdetails", "pk": 78}, {"fields": {"purchase": 78, "is_reviewed": false, "appointment_date": "2015-08-14", "coupon": null, "status_code": "B003", "notification_send": true, "booked_date": "2015-08-13T17:53:30.977Z", "appointment_start_time": "07:00:00", "is_valid": false, "appointment_end_time": "09:00:00", "studio": 3, "user": 2, "updated_date_time": "2015-08-15T06:14:42.550Z", "booking_code": "OH6D9L", "booking_status": "CANCELLED", "service_updated": "cancel booking", "mobile_no": "9790757037"}, "model": "booking.bookingdetails", "pk": 79}, {"fields": {"purchase": 79, "is_reviewed": false, "appointment_date": "2015-09-11", "coupon": null, "status_code": "B003", "notification_send": true, "booked_date": "2015-08-14T13:24:20.769Z", "appointment_start_time": "10:00:00", "is_valid": false, "appointment_end_time": "10:15:00", "studio": 1, "user": 2, "updated_date_time": "2015-08-15T06:13:37.727Z", "booking_code": "TUT3NK", "booking_status": "CANCELLED", "service_updated": "cancel booking", "mobile_no": "9790757037"}, "model": "booking.bookingdetails", "pk": 80}, {"fields": {"purchase": 80, "is_reviewed": true, "appointment_date": "2015-08-20", "coupon": 1, "status_code": "B004", "notification_send": true, "booked_date": "2015-08-14T18:46:34Z", "appointment_start_time": "10:00:00", "is_valid": true, "appointment_end_time": "10:15:00", "studio": 1, "user": 2, "updated_date_time": "2015-08-14T17:33:39Z", "booking_code": "YO43ZX", "booking_status": "USED", "service_updated": "new booking", "mobile_no": "9790757036"}, "model": "booking.bookingdetails", "pk": 81}, {"fields": {"purchase": 81, "is_reviewed": false, "appointment_date": "2015-08-17", "coupon": null, "status_code": "B003", "notification_send": true, "booked_date": "2015-08-14T19:27:23.995Z", "appointment_start_time": "07:00:00", "is_valid": false, "appointment_end_time": "09:00:00", "studio": 3, "user": 2, "updated_date_time": "2015-08-15T06:13:04.651Z", "booking_code": "RN8TPL", "booking_status": "CANCELLED", "service_updated": "cancel booking", "mobile_no": "9790757036"}, "model": "booking.bookingdetails", "pk": 82}, {"fields": {"purchase": 82, "is_reviewed": false, "appointment_date": "2015-08-17", "coupon": null, "status_code": "B003", "notification_send": true, "booked_date": "2015-08-15T15:28:08.408Z", "appointment_start_time": "10:00:00", "is_valid": false, "appointment_end_time": "10:15:00", "studio": 1, "user": 2, "updated_date_time": "2015-08-16T09:10:06.079Z", "booking_code": "01NUBZ", "booking_status": "CANCELLED", "service_updated": "cancel booking", "mobile_no": "9790757036"}, "model": "booking.bookingdetails", "pk": 83}, {"fields": {"purchase": 83, "is_reviewed": true, "appointment_date": "2015-08-17", "coupon": 1, "status_code": "B004", "notification_send": true, "booked_date": "2015-08-15T17:42:37Z", "appointment_start_time": "14:15:00", "is_valid": false, "appointment_end_time": "14:30:00", "studio": 1, "user": 2, "updated_date_time": "2015-08-15T17:34:10Z", "booking_code": "Z6ZDI1", "booking_status": "USED", "service_updated": "new booking", "mobile_no": "9790757036"}, "model": "booking.bookingdetails", "pk": 84}, {"fields": {"purchase": 84, "is_reviewed": false, "appointment_date": "2015-08-18", "coupon": null, "status_code": "B003", "notification_send": true, "booked_date": "2015-08-15T18:20:57.783Z", "appointment_start_time": "10:00:00", "is_valid": false, "appointment_end_time": "10:15:00", "studio": 1, "user": 2, "updated_date_time": "2015-08-15T18:23:14.593Z", "booking_code": "QJ7W4B", "booking_status": "CANCELLED", "service_updated": "cancel booking", "mobile_no": "9790757036"}, "model": "booking.bookingdetails", "pk": 85}, {"fields": {"purchase": 85, "is_reviewed": true, "appointment_date": "2015-08-25", "coupon": 1, "status_code": "B004", "notification_send": true, "booked_date": "2015-08-16T03:41:55Z", "appointment_start_time": "12:15:00", "is_valid": true, "appointment_end_time": "12:45:00", "studio": 7, "user": 2, "updated_date_time": "2015-08-16T03:40:29Z", "booking_code": "ECSQ5I", "booking_status": "USED", "service_updated": "new booking", "mobile_no": "9790757036"}, "model": "booking.bookingdetails", "pk": 86}, {"fields": {"purchase": 86, "is_reviewed": false, "appointment_date": "2015-08-25", "coupon": null, "status_code": "B001", "notification_send": true, "booked_date": "2015-08-16T17:22:57.929Z", "appointment_start_time": "12:00:00", "is_valid": true, "appointment_end_time": "12:30:00", "studio": 7, "user": 2, "updated_date_time": "2015-08-16T15:53:25.487Z", "booking_code": "0O4WYO", "booking_status": "BOOKED", "service_updated": "new booking", "mobile_no": "9790757036"}, "model": "booking.bookingdetails", "pk": 87}, {"fields": {"purchase": 87, "is_reviewed": false, "appointment_date": "2015-08-26", "coupon": null, "status_code": "B007", "notification_send": true, "booked_date": "2015-08-16T17:26:30.418Z", "appointment_start_time": "16:15:00", "is_valid": false, "appointment_end_time": "16:45:00", "studio": 7, "user": 2, "updated_date_time": "2015-08-16T15:53:25.487Z", "booking_code": "2CUGKO", "booking_status": "EXPIRED", "service_updated": "new booking", "mobile_no": "9790757036"}, "model": "booking.bookingdetails", "pk": 88}, {"fields": {"purchase": 88, "is_reviewed": false, "appointment_date": "2015-08-19", "coupon": null, "status_code": "B001", "notification_send": true, "booked_date": "2015-08-16T17:29:43.960Z", "appointment_start_time": "12:15:00", "is_valid": true, "appointment_end_time": "12:45:00", "studio": 7, "user": 2, "updated_date_time": "2015-08-16T15:53:25.487Z", "booking_code": "NWHMCH", "booking_status": "BOOKED", "service_updated": "new booking", "mobile_no": "9790757036"}, "model": "booking.bookingdetails", "pk": 89}, {"fields": {"purchase": 89, "is_reviewed": false, "appointment_date": "2015-08-21", "coupon": null, "status_code": "B001", "notification_send": true, "booked_date": "2015-08-16T17:31:15.140Z", "appointment_start_time": "15:30:00", "is_valid": true, "appointment_end_time": "16:00:00", "studio": 4, "user": 2, "updated_date_time": "2015-08-16T15:53:25.487Z", "booking_code": "E5FMBK", "booking_status": "BOOKED", "service_updated": "new booking", "mobile_no": "9790757036"}, "model": "booking.bookingdetails", "pk": 90}, {"fields": {"purchase": 90, "is_reviewed": false, "appointment_date": "2015-08-20", "coupon": null, "status_code": "B001", "notification_send": true, "booked_date": "2015-08-16T17:32:25.470Z", "appointment_start_time": "16:30:00", "is_valid": true, "appointment_end_time": "17:00:00", "studio": 7, "user": 2, "updated_date_time": "2015-08-16T15:53:25.487Z", "booking_code": "IGF66V", "booking_status": "BOOKED", "service_updated": "new booking", "mobile_no": "9790757036"}, "model": "booking.bookingdetails", "pk": 91}, {"fields": {"purchase": 91, "is_reviewed": false, "appointment_date": "2015-08-19", "coupon": null, "status_code": "B001", "notification_send": true, "booked_date": "2015-08-16T17:34:06.357Z", "appointment_start_time": "16:30:00", "is_valid": true, "appointment_end_time": "17:00:00", "studio": 7, "user": 2, "updated_date_time": "2015-08-16T15:53:25.487Z", "booking_code": "VTIE58", "booking_status": "BOOKED", "service_updated": "new booking", "mobile_no": "9790757036"}, "model": "booking.bookingdetails", "pk": 92}, {"fields": {"purchase": 92, "is_reviewed": false, "appointment_date": "2015-08-19", "coupon": null, "status_code": "B001", "notification_send": true, "booked_date": "2015-08-17T19:54:49.319Z", "appointment_start_time": "15:15:00", "is_valid": true, "appointment_end_time": "15:45:00", "studio": 7, "user": 2, "updated_date_time": "2015-08-17T19:02:59.493Z", "booking_code": "JRPOB3", "booking_status": "BOOKED", "service_updated": "new booking", "mobile_no": "9790757036"}, "model": "booking.bookingdetails", "pk": 93}, {"fields": {"purchase": 93, "is_reviewed": false, "appointment_date": "2015-08-19", "coupon": null, "status_code": "B001", "notification_send": true, "booked_date": "2015-08-17T20:36:50.806Z", "appointment_start_time": "14:15:00", "is_valid": true, "appointment_end_time": "14:45:00", "studio": 7, "user": 2, "updated_date_time": "2015-08-17T20:36:28.951Z", "booking_code": "GWQ0BS", "booking_status": "BOOKED", "service_updated": "new booking", "mobile_no": "9790757036"}, "model": "booking.bookingdetails", "pk": 94}, {"fields": {"purchase": 94, "is_reviewed": false, "appointment_date": "2015-08-20", "coupon": null, "status_code": "B001", "notification_send": true, "booked_date": "2015-08-17T20:45:18.412Z", "appointment_start_time": "12:00:00", "is_valid": true, "appointment_end_time": "12:30:00", "studio": 7, "user": 2, "updated_date_time": "2015-08-17T20:45:04.859Z", "booking_code": "GSDC0D", "booking_status": "BOOKED", "service_updated": "new booking", "mobile_no": "9790757036"}, "model": "booking.bookingdetails", "pk": 95}, {"fields": {"purchase": 95, "is_reviewed": false, "appointment_date": "2015-08-20", "coupon": null, "status_code": "B001", "notification_send": true, "booked_date": "2015-08-17T20:48:59.928Z", "appointment_start_time": "14:00:00", "is_valid": true, "appointment_end_time": "14:30:00", "studio": 7, "user": 2, "updated_date_time": "2015-08-17T20:46:40.065Z", "booking_code": "ZZRD42", "booking_status": "BOOKED", "service_updated": "new booking", "mobile_no": "9790757036"}, "model": "booking.bookingdetails", "pk": 96}, {"fields": {"purchase": 96, "is_reviewed": false, "appointment_date": "2015-09-02", "coupon": null, "status_code": "B001", "notification_send": true, "booked_date": "2015-08-17T20:54:08.068Z", "appointment_start_time": "12:00:00", "is_valid": true, "appointment_end_time": "12:30:00", "studio": 7, "user": 2, "updated_date_time": "2015-08-17T20:53:39.323Z", "booking_code": "Y78VY2", "booking_status": "BOOKED", "service_updated": "new booking", "mobile_no": "9790757036"}, "model": "booking.bookingdetails", "pk": 97}, {"fields": {"purchase": 97, "is_reviewed": false, "appointment_date": "2015-09-04", "coupon": null, "status_code": "B001", "notification_send": true, "booked_date": "2015-08-17T20:55:32.715Z", "appointment_start_time": "16:30:00", "is_valid": true, "appointment_end_time": "18:30:00", "studio": 3, "user": 2, "updated_date_time": "2015-08-17T20:53:39.323Z", "booking_code": "Z8UYLR", "booking_status": "BOOKED", "service_updated": "new booking", "mobile_no": "9790757036"}, "model": "booking.bookingdetails", "pk": 98}, {"fields": {"purchase": 98, "is_reviewed": false, "appointment_date": "2015-09-03", "coupon": null, "status_code": "B003", "notification_send": true, "booked_date": "2015-08-17T20:56:26.929Z", "appointment_start_time": "16:00:00", "is_valid": false, "appointment_end_time": "16:30:00", "studio": 7, "user": 2, "updated_date_time": "2015-08-17T21:44:17.869Z", "booking_code": "CL6G2C", "booking_status": "CANCELLED", "service_updated": "cancel booking", "mobile_no": "9790757036"}, "model": "booking.bookingdetails", "pk": 99}, {"fields": {"purchase": 99, "is_reviewed": false, "appointment_date": "2015-08-19", "coupon": null, "status_code": "B003", "notification_send": true, "booked_date": "2015-08-17T21:03:34.338Z", "appointment_start_time": "17:15:00", "is_valid": false, "appointment_end_time": "19:15:00", "studio": 3, "user": 2, "updated_date_time": "2015-08-25T17:52:22.411Z", "booking_code": "VEH9C7", "booking_status": "CANCELLED", "service_updated": "cancel booking", "mobile_no": "9790757036"}, "model": "booking.bookingdetails", "pk": 100}, {"fields": {"purchase": 100, "is_reviewed": false, "appointment_date": "2015-08-19", "coupon": null, "status_code": "B003", "notification_send": true, "booked_date": "2015-08-17T21:13:25.337Z", "appointment_start_time": "15:00:00", "is_valid": false, "appointment_end_time": "17:00:00", "studio": 3, "user": 2, "updated_date_time": "2015-08-17T21:31:24.788Z", "booking_code": "5VZZPE", "booking_status": "CANCELLED", "service_updated": "cancel booking", "mobile_no": "9790757036"}, "model": "booking.bookingdetails", "pk": 101}, {"fields": {"purchase": 101, "is_reviewed": false, "appointment_date": "2015-08-18", "coupon": null, "status_code": "B001", "notification_send": true, "booked_date": "2015-08-17T21:15:28.837Z", "appointment_start_time": "12:00:00", "is_valid": true, "appointment_end_time": "12:30:00", "studio": 7, "user": 2, "updated_date_time": "2015-08-17T21:14:59.310Z", "booking_code": "G39OQ5", "booking_status": "BOOKED", "service_updated": "new booking", "mobile_no": "9790757036"}, "model": "booking.bookingdetails", "pk": 102}, {"fields": {"purchase": 102, "is_reviewed": false, "appointment_date": "2015-08-26", "coupon": null, "status_code": "B003", "notification_send": true, "booked_date": "2015-08-18T17:34:44.679Z", "appointment_start_time": "12:00:00", "is_valid": false, "appointment_end_time": "12:30:00", "studio": 7, "user": 2, "updated_date_time": "2015-08-18T17:36:17.228Z", "booking_code": "K5JR2D", "booking_status": "CANCELLED", "service_updated": "cancel booking", "mobile_no": "9790757036"}, "model": "booking.bookingdetails", "pk": 103}, {"fields": {"purchase": 103, "is_reviewed": false, "appointment_date": "2015-08-19", "coupon": null, "status_code": "B003", "notification_send": true, "booked_date": "2015-08-18T17:53:38.575Z", "appointment_start_time": "12:00:00", "is_valid": false, "appointment_end_time": "12:30:00", "studio": 4, "user": 2, "updated_date_time": "2015-08-24T18:31:13.326Z", "booking_code": "PZD30E", "booking_status": "CANCELLED", "service_updated": "cancel booking", "mobile_no": "9790757036"}, "model": "booking.bookingdetails", "pk": 104}, {"fields": {"purchase": 104, "is_reviewed": false, "appointment_date": "2015-08-26", "coupon": null, "status_code": "B007", "notification_send": true, "booked_date": "2015-08-18T18:42:09.568Z", "appointment_start_time": "14:15:00", "is_valid": false, "appointment_end_time": "14:45:00", "studio": 7, "user": 3, "updated_date_time": "2015-08-18T17:28:24.963Z", "booking_code": "OGS5CV", "booking_status": "EXPIRED", "service_updated": "new booking", "mobile_no": "9087654321"}, "model": "booking.bookingdetails", "pk": 105}, {"fields": {"purchase": 105, "is_reviewed": false, "appointment_date": "2015-08-25", "coupon": null, "status_code": "B001", "notification_send": true, "booked_date": "2015-08-24T18:30:51.387Z", "appointment_start_time": "13:00:00", "is_valid": true, "appointment_end_time": "15:00:00", "studio": 3, "user": 2, "updated_date_time": "2015-08-23T15:09:20.710Z", "booking_code": "0SRPN9", "booking_status": "BOOKED", "service_updated": "new booking", "mobile_no": "9790757036"}, "model": "booking.bookingdetails", "pk": 106}, {"fields": {"purchase": 106, "is_reviewed": false, "appointment_date": "2015-08-26", "coupon": null, "status_code": "B003", "notification_send": true, "booked_date": "2015-08-25T19:12:55.232Z", "appointment_start_time": "17:30:00", "is_valid": false, "appointment_end_time": "18:00:00", "studio": 7, "user": 2, "updated_date_time": "2015-08-25T19:21:52.783Z", "booking_code": "6LVR63", "booking_status": "CANCELLED", "service_updated": "cancel booking", "mobile_no": "9790757036"}, "model": "booking.bookingdetails", "pk": 107}, {"fields": {"purchase": 107, "is_reviewed": false, "appointment_date": "2015-08-27", "coupon": null, "status_code": "B003", "notification_send": true, "booked_date": "2015-08-25T19:17:32.100Z", "appointment_start_time": "15:30:00", "is_valid": false, "appointment_end_time": "16:00:00", "studio": 7, "user": 2, "updated_date_time": "2015-08-25T19:21:26.680Z", "booking_code": "UGWYUD", "booking_status": "CANCELLED", "service_updated": "cancel booking", "mobile_no": "9790757036"}, "model": "booking.bookingdetails", "pk": 108}, {"fields": {"purchase": 108, "is_reviewed": false, "appointment_date": "2015-09-01", "coupon": null, "status_code": "B003", "notification_send": true, "booked_date": "2015-08-26T18:11:16.441Z", "appointment_start_time": "20:15:00", "is_valid": false, "appointment_end_time": "20:45:00", "studio": 7, "user": 2, "updated_date_time": "2015-08-26T18:11:39.140Z", "booking_code": "NN4ZPA", "booking_status": "CANCELLED", "service_updated": "cancel booking", "mobile_no": "9790757036"}, "model": "booking.bookingdetails", "pk": 109}, {"fields": {"purchase": 109, "is_reviewed": false, "appointment_date": "2015-08-28", "coupon": null, "status_code": "B001", "notification_send": true, "booked_date": "2015-08-27T11:59:03.158Z", "appointment_start_time": "11:45:00", "is_valid": true, "appointment_end_time": "12:15:00", "studio": 4, "user": 2, "updated_date_time": "2015-08-27T11:41:27.549Z", "booking_code": "FB7H9T", "booking_status": "BOOKED", "service_updated": "new booking", "mobile_no": "9790757036"}, "model": "booking.bookingdetails", "pk": 110}, {"fields": {"purchase": 110, "is_reviewed": true, "appointment_date": "2015-08-27", "coupon": 1, "status_code": "B007", "notification_send": true, "booked_date": "2015-08-27T18:11:25Z", "appointment_start_time": "11:15:00", "is_valid": true, "appointment_end_time": "11:45:00", "studio": 4, "user": 2, "updated_date_time": "2015-08-27T17:58:16Z", "booking_code": "GEGJ5E", "booking_status": "EXPIRED", "service_updated": "new booking", "mobile_no": "9790757036"}, "model": "booking.bookingdetails", "pk": 111}, {"fields": {"purchase": 111, "is_reviewed": false, "appointment_date": "2015-08-28", "coupon": null, "status_code": "B003", "notification_send": true, "booked_date": "2015-08-27T18:51:17.614Z", "appointment_start_time": "07:15:00", "is_valid": false, "appointment_end_time": "07:45:00", "studio": 4, "user": 2, "updated_date_time": "2015-08-27T18:54:47.602Z", "booking_code": "6QTK5I", "booking_status": "CANCELLED", "service_updated": "cancel booking", "mobile_no": "9790757036"}, "model": "booking.bookingdetails", "pk": 112}, {"fields": {"purchase": 112, "is_reviewed": false, "appointment_date": "2015-08-29", "coupon": null, "status_code": "B001", "notification_send": true, "booked_date": "2015-08-28T17:11:10.642Z", "appointment_start_time": "12:00:00", "is_valid": true, "appointment_end_time": "12:30:00", "studio": 7, "user": 2, "updated_date_time": "2015-08-28T17:01:46.322Z", "booking_code": "L7YNAU", "booking_status": "BOOKED", "service_updated": "new booking", "mobile_no": "9790757036"}, "model": "booking.bookingdetails", "pk": 113}, {"fields": {"purchase": 113, "is_reviewed": false, "appointment_date": "2015-09-02", "coupon": null, "status_code": "B003", "notification_send": true, "booked_date": "2015-08-28T18:05:56.786Z", "appointment_start_time": "15:15:00", "is_valid": false, "appointment_end_time": "15:45:00", "studio": 7, "user": 2, "updated_date_time": "2015-08-28T18:06:21.762Z", "booking_code": "OEHYNJ", "booking_status": "CANCELLED", "service_updated": "cancel booking", "mobile_no": "9790757036"}, "model": "booking.bookingdetails", "pk": 114}, {"fields": {"purchase": 114, "is_reviewed": false, "appointment_date": "2015-09-03", "coupon": null, "status_code": "B001", "notification_send": true, "booked_date": "2015-08-28T18:20:43.061Z", "appointment_start_time": "13:00:00", "is_valid": true, "appointment_end_time": "21:00:00", "studio": 3, "user": 2, "updated_date_time": "2015-08-28T18:17:28.432Z", "booking_code": "0Q93M3", "booking_status": "BOOKED", "service_updated": "new booking", "mobile_no": "9790757036"}, "model": "booking.bookingdetails", "pk": 115}, {"fields": {"purchase": 115, "is_reviewed": false, "appointment_date": "2015-09-02", "coupon": null, "status_code": "B001", "notification_send": true, "booked_date": "2015-08-28T18:30:02.807Z", "appointment_start_time": "14:15:00", "is_valid": true, "appointment_end_time": "16:15:00", "studio": 3, "user": 2, "updated_date_time": "2015-08-28T18:29:38.166Z", "booking_code": "5SOL8A", "booking_status": "BOOKED", "service_updated": "new booking", "mobile_no": "9790757036"}, "model": "booking.bookingdetails", "pk": 116}, {"fields": {"purchase": 116, "is_reviewed": false, "appointment_date": "2015-09-02", "coupon": null, "status_code": "B003", "notification_send": true, "booked_date": "2015-08-30T06:47:46.562Z", "appointment_start_time": "12:15:00", "is_valid": false, "appointment_end_time": "12:45:00", "studio": 4, "user": 4, "updated_date_time": "2015-08-30T06:48:29.295Z", "booking_code": "AFSHYH", "booking_status": "CANCELLED", "service_updated": "cancel booking", "mobile_no": "9677257542"}, "model": "booking.bookingdetails", "pk": 117}, {"fields": {"purchase": 117, "is_reviewed": false, "appointment_date": "2015-09-03", "coupon": null, "status_code": "B001", "notification_send": true, "booked_date": "2015-08-30T08:57:10.646Z", "appointment_start_time": "12:30:00", "is_valid": true, "appointment_end_time": "12:45:00", "studio": 4, "user": 4, "updated_date_time": "2015-08-30T06:18:45.837Z", "booking_code": "A31B06", "booking_status": "BOOKED", "service_updated": "new booking", "mobile_no": "9677000179"}, "model": "booking.bookingdetails", "pk": 118}, {"fields": {"purchase": 118, "is_reviewed": false, "appointment_date": "2015-09-03", "coupon": null, "status_code": "B001", "notification_send": true, "booked_date": "2015-08-30T09:05:16.539Z", "appointment_start_time": "14:30:00", "is_valid": true, "appointment_end_time": "14:45:00", "studio": 4, "user": 4, "updated_date_time": "2015-08-30T06:18:45.837Z", "booking_code": "2548L6", "booking_status": "BOOKED", "service_updated": "new booking", "mobile_no": "9677000179"}, "model": "booking.bookingdetails", "pk": 119}, {"fields": {"purchase": 119, "is_reviewed": false, "appointment_date": "2015-09-03", "coupon": null, "status_code": "B001", "notification_send": true, "booked_date": "2015-08-30T10:03:46.506Z", "appointment_start_time": "13:30:00", "is_valid": true, "appointment_end_time": "13:45:00", "studio": 4, "user": 4, "updated_date_time": "2015-08-30T06:18:45.837Z", "booking_code": "95RP6R", "booking_status": "BOOKED", "service_updated": "new booking", "mobile_no": "9677000179"}, "model": "booking.bookingdetails", "pk": 120}, {"fields": {"comment": "It was really awesome", "rating": 4, "studio_profile": 3, "updated_date_time": "2015-06-25T12:34:46Z", "is_active": true, "service_updated": "Admin", "user": 2, "booking": 20}, "model": "booking.studioreviews", "pk": 1}, {"fields": {"comment": "Super salon for you guys", "rating": 3, "studio_profile": 3, "updated_date_time": "2015-07-25T06:56:59Z", "is_active": true, "service_updated": "Admin", "user": 2, "booking": 19}, "model": "booking.studioreviews", "pk": 2}, {"fields": {"comment": "Way to go guys.Really superb salon for Guys", "rating": 5, "studio_profile": 3, "updated_date_time": "2015-07-25T06:56:59Z", "is_active": true, "service_updated": "Admin", "user": 2, "booking": 18}, "model": "booking.studioreviews", "pk": 3}, {"fields": {"comment": "No so good for coloring", "rating": 2, "studio_profile": 3, "updated_date_time": "2015-07-25T06:56:59Z", "is_active": true, "service_updated": "Admin", "user": 2, "booking": 17}, "model": "booking.studioreviews", "pk": 4}, {"fields": {"comment": "Ok average styling", "rating": 3, "studio_profile": 3, "updated_date_time": "2015-07-25T06:56:59Z", "is_active": true, "service_updated": "Admin", "user": 2, "booking": 16}, "model": "booking.studioreviews", "pk": 5}, {"fields": {"comment": "Very bad for me", "rating": 1, "studio_profile": 3, "updated_date_time": "2015-07-25T06:56:59Z", "is_active": true, "service_updated": "Admin", "user": 2, "booking": 15}, "model": "booking.studioreviews", "pk": 6}, {"fields": {"comment": "Good", "rating": 3, "studio_profile": 3, "updated_date_time": "2015-08-02T06:34:03.687Z", "is_active": true, "service_updated": "add review", "user": 2, "booking": 15}, "model": "booking.studioreviews", "pk": 7}, {"fields": {"comment": "Good", "rating": 4, "studio_profile": 3, "updated_date_time": "2015-08-02T06:34:03.687Z", "is_active": true, "service_updated": "add review", "user": 2, "booking": 15}, "model": "booking.studioreviews", "pk": 8}, {"fields": {"comment": "Superb services", "rating": 5, "studio_profile": 1, "updated_date_time": "2015-08-02T10:40:11.246Z", "is_active": true, "service_updated": "add review", "user": 2, "booking": 7}, "model": "booking.studioreviews", "pk": 9}, {"fields": {"comment": "Cool Guys", "rating": 3, "studio_profile": 3, "updated_date_time": "2015-08-05T05:38:03.210Z", "is_active": true, "service_updated": "add review", "user": 2, "booking": 20}, "model": "booking.studioreviews", "pk": 10}, {"fields": {"comment": "Cool Guys", "rating": 3, "studio_profile": 3, "updated_date_time": "2015-08-05T06:19:46.546Z", "is_active": true, "service_updated": "add review", "user": 2, "booking": 18}, "model": "booking.studioreviews", "pk": 11}, {"fields": {"comment": "Cool guys", "rating": 3, "studio_profile": 3, "updated_date_time": "2015-08-05T06:19:46.546Z", "is_active": true, "service_updated": "add review", "user": 2, "booking": 16}, "model": "booking.studioreviews", "pk": 12}, {"fields": {"comment": "Good", "rating": 3, "studio_profile": 3, "updated_date_time": "2015-08-05T06:19:46.546Z", "is_active": true, "service_updated": "add review", "user": 2, "booking": 19}, "model": "booking.studioreviews", "pk": 13}, {"fields": {"comment": "Hello", "rating": 3, "studio_profile": 1, "updated_date_time": "2015-08-15T17:58:16.112Z", "is_active": true, "service_updated": "add review", "user": 2, "booking": 84}, "model": "booking.studioreviews", "pk": 14}, {"fields": {"comment": "Super", "rating": 3, "studio_profile": 1, "updated_date_time": "2015-08-15T17:58:16.112Z", "is_active": true, "service_updated": "add review", "user": 2, "booking": 81}, "model": "booking.studioreviews", "pk": 15}, {"fields": {"comment": "good", "rating": 4, "studio_profile": 7, "updated_date_time": "2015-08-16T07:03:02.321Z", "is_active": true, "service_updated": "add review", "user": 2, "booking": 86}, "model": "booking.studioreviews", "pk": 16}, {"fields": {"comment": "good", "rating": 3, "studio_profile": 4, "updated_date_time": "2015-08-16T07:03:02.321Z", "is_active": true, "service_updated": "add review", "user": 2, "booking": 72}, "model": "booking.studioreviews", "pk": 17}, {"fields": {"comment": "cool", "rating": 3, "studio_profile": 4, "updated_date_time": "2015-08-16T07:03:02.321Z", "is_active": true, "service_updated": "add review", "user": 2, "booking": 71}, "model": "booking.studioreviews", "pk": 18}, {"fields": {"comment": "sdsd", "rating": 2, "studio_profile": 4, "updated_date_time": "2015-08-16T07:03:02.321Z", "is_active": true, "service_updated": "add review", "user": 2, "booking": 70}, "model": "booking.studioreviews", "pk": 19}, {"fields": {"comment": "dsfsdf", "rating": 4, "studio_profile": 4, "updated_date_time": "2015-08-28T11:10:02.231Z", "is_active": true, "service_updated": "review from email", "user": 2, "booking": 111}, "model": "booking.studioreviews", "pk": 20}, {"fields": {"status": false, "updated_date_time": "2015-07-02T08:03:14Z", "user": 2, "mobile_no": "9677267542", "message": "Hi Mithun,This is a reminder for your booking for B&W KKDI, Karaikudi, Tamil Nadu, India on 2015-07-02 at 07:19 AM. Booking code - YE8LTZ", "service_updated": "daily reminder", "booking": 5}, "model": "booking.dailyreminder", "pk": 1}, {"fields": {"status": true, "updated_date_time": "2015-07-02T08:08:15.980Z", "user": 2, "mobile_no": "9677267542", "message": "Hi Mithun,This is a reminder for your booking for B&W KKDI, Karaikudi, Tamil Nadu, India on 2015-07-02 at 07:19 AM. Booking code - YE8LTZ", "service_updated": "daily reminder", "booking": 5}, "model": "booking.dailyreminder", "pk": 2}, {"fields": {"status": false, "updated_date_time": "2015-07-02T11:50:56Z", "user": 2, "mobile_no": "9677267542", "message": "Hi Mithun,This is a reminder for your booking in zaloon.in for B&W KKDI, Karaikudi, Tamil Nadu, India on 2015-07-02 at 10:30 AM. Booking code - 59RBIF", "service_updated": "daily reminder", "booking": 7}, "model": "booking.dailyreminder", "pk": 3}, {"fields": {"status": true, "updated_date_time": "2015-07-02T11:50:56.898Z", "user": 2, "mobile_no": "9790757037", "message": "Hi Mithun,This is a reminder for your booking in zaloon.in for B&W KKDI, Karaikudi, Tamil Nadu, India on 2015-07-02 at 10:30 AM. Booking code - 59RBIF", "service_updated": "daily reminder", "booking": 7}, "model": "booking.dailyreminder", "pk": 4}, {"fields": {"status": false, "updated_date_time": "2015-08-27T15:05:16.261Z", "user": 2, "mobile_no": "9677267542", "message": "Hi Mithun,This is a reminder for your booking in zaloon.in for Naturals, Porur, porur on 2015-08-27 at 07:00 AM. Booking code - ND7ZSM", "service_updated": "daily reminder", "booking": 58}, "model": "booking.dailyreminder", "pk": 5}, {"fields": {"status": true, "updated_date_time": "2015-08-28T10:34:12.130Z", "user": 2, "mobile_no": "9677267542", "message": "Hi Mithun,This is a reminder for your booking in zaloon.in for Naturals, Porur, porur on 2015-08-28 at 07:00 AM. Booking code - OABL6P", "service_updated": "daily reminder", "booking": 57}, "model": "booking.dailyreminder", "pk": 6}, {"fields": {"status": true, "updated_date_time": "2015-08-28T10:34:12.130Z", "user": 2, "mobile_no": "9790757036", "message": "Hi Mithun,This is a reminder for your booking in zaloon.in for Naturals, Guindy, Guindy on 2015-08-28 at 11:45 AM. Booking code - FB7H9T", "service_updated": "daily reminder", "booking": 110}, "model": "booking.dailyreminder", "pk": 7}, {"fields": {"status": true, "updated_date_time": "2015-06-20T23:44:00.007Z", "booking": 3, "email": "vbnetmithun@gmail.com", "service_updated": "daily reminder", "user": 2}, "model": "booking.thanksmail", "pk": 1}, {"fields": {"status": false, "updated_date_time": "2015-06-20T23:44:00.007Z", "booking": 3, "email": "vbnetmithun@gmail.com", "service_updated": "daily reminder", "user": 2}, "model": "booking.thanksmail", "pk": 2}, {"fields": {"status": false, "updated_date_time": "2015-06-20T23:44:00.007Z", "booking": 3, "email": "vbnetmithun@gmail.com", "service_updated": "daily reminder", "user": 2}, "model": "booking.thanksmail", "pk": 3}, {"fields": {"status": true, "updated_date_time": "2015-06-20T23:49:14.840Z", "booking": 3, "email": "vbnetmithun@gmail.com", "service_updated": "daily reminder", "user": 2}, "model": "booking.thanksmail", "pk": 4}, {"fields": {"status": true, "updated_date_time": "2015-06-21T01:18:38.002Z", "booking": 3, "email": "vbnetmithun@gmail.com", "service_updated": "daily reminder", "user": 2}, "model": "booking.thanksmail", "pk": 5}, {"fields": {"status": true, "updated_date_time": "2015-07-18T13:07:15.400Z", "booking": 13, "email": "vbnetmithun@gmail.com", "service_updated": "daily reminder", "user": 2}, "model": "booking.thanksmail", "pk": 6}, {"fields": {"status": true, "updated_date_time": "2015-08-27T17:51:42.473Z", "booking": 60, "email": "vbnetmithun@gmail.com", "service_updated": "daily reminder", "user": 2}, "model": "booking.thanksmail", "pk": 7}, {"fields": {"status": true, "updated_date_time": "2015-08-27T17:51:42.473Z", "booking": 88, "email": "vbnetmithun@gmail.com", "service_updated": "daily reminder", "user": 2}, "model": "booking.thanksmail", "pk": 8}, {"fields": {"status": false, "updated_date_time": "2015-08-27T17:51:42.473Z", "booking": 105, "email": "jawahar7.ceg@gmail.com", "service_updated": "daily reminder", "user": 3}, "model": "booking.thanksmail", "pk": 9}, {"fields": {"status": true, "updated_date_time": "2015-08-27T18:15:47.312Z", "booking": 111, "email": "vbnetmithun@gmail.com", "service_updated": "daily reminder", "user": 2}, "model": "booking.thanksmail", "pk": 10}, {"fields": {"status": true, "updated_date_time": "2015-08-27T18:55:57.353Z", "booking": 58, "email": "vbnetmithun@gmail.com", "service_updated": "daily reminder", "user": 2}, "model": "booking.thanksmail", "pk": 11}, {"fields": {"action_flag": 1, "action_time": "2015-05-30T20:47:52.333Z", "object_repr": "StudioType object", "object_id": "1", "change_message": "", "user": 1, "content_type": 24}, "model": "admin.logentry", "pk": 1}, {"fields": {"action_flag": 1, "action_time": "2015-05-30T20:49:10.168Z", "object_repr": "StudioGroup object", "object_id": "1", "change_message": "", "user": 1, "content_type": 25}, "model": "admin.logentry", "pk": 2}, {"fields": {"action_flag": 1, "action_time": "2015-05-30T20:51:14.100Z", "object_repr": "StudioProfile object", "object_id": "1", "change_message": "", "user": 1, "content_type": 26}, "model": "admin.logentry", "pk": 3}, {"fields": {"action_flag": 1, "action_time": "2015-05-30T20:51:42.166Z", "object_repr": "ServiceType object", "object_id": "1", "change_message": "", "user": 1, "content_type": 21}, "model": "admin.logentry", "pk": 4}, {"fields": {"action_flag": 1, "action_time": "2015-05-30T20:52:01.336Z", "object_repr": "Service object", "object_id": "1", "change_message": "", "user": 1, "content_type": 22}, "model": "admin.logentry", "pk": 5}, {"fields": {"action_flag": 1, "action_time": "2015-05-31T07:20:35.066Z", "object_repr": "StudioServices object", "object_id": "1", "change_message": "", "user": 1, "content_type": 40}, "model": "admin.logentry", "pk": 6}, {"fields": {"action_flag": 2, "action_time": "2015-05-31T07:29:41.113Z", "object_repr": "Service object", "object_id": "1", "change_message": "No fields changed.", "user": 1, "content_type": 22}, "model": "admin.logentry", "pk": 7}, {"fields": {"action_flag": 1, "action_time": "2015-05-31T07:29:52.693Z", "object_repr": "Service object", "object_id": "2", "change_message": "", "user": 1, "content_type": 22}, "model": "admin.logentry", "pk": 8}, {"fields": {"action_flag": 1, "action_time": "2015-05-31T07:35:33.027Z", "object_repr": "StudioServices object", "object_id": "2", "change_message": "", "user": 1, "content_type": 40}, "model": "admin.logentry", "pk": 9}, {"fields": {"action_flag": 1, "action_time": "2015-05-31T17:44:36.124Z", "object_repr": "Amenities object", "object_id": "1", "change_message": "", "user": 1, "content_type": 41}, "model": "admin.logentry", "pk": 10}, {"fields": {"action_flag": 1, "action_time": "2015-05-31T17:44:57.957Z", "object_repr": "StudioAmenities object", "object_id": "1", "change_message": "", "user": 1, "content_type": 42}, "model": "admin.logentry", "pk": 11}, {"fields": {"action_flag": 1, "action_time": "2015-05-31T17:47:35.367Z", "object_repr": "StudioPicture object", "object_id": "1", "change_message": "", "user": 1, "content_type": 38}, "model": "admin.logentry", "pk": 12}, {"fields": {"action_flag": 3, "action_time": "2015-05-31T17:48:21.744Z", "object_repr": "StudioPicture object", "object_id": "1", "change_message": "", "user": 1, "content_type": 38}, "model": "admin.logentry", "pk": 13}, {"fields": {"action_flag": 1, "action_time": "2015-05-31T17:48:46.039Z", "object_repr": "StudioPicture object", "object_id": "2", "change_message": "", "user": 1, "content_type": 38}, "model": "admin.logentry", "pk": 14}, {"fields": {"action_flag": 2, "action_time": "2015-06-03T17:19:13.585Z", "object_repr": "p7jCkmr5WMLLoChe3FsQeGOPcVjOsg", "object_id": "2", "change_message": "Changed expires.", "user": 1, "content_type": 9}, "model": "admin.logentry", "pk": 15}, {"fields": {"action_flag": 2, "action_time": "2015-06-04T17:25:19.171Z", "object_repr": "Facebook", "object_id": "1", "change_message": "Changed client_id and client_secret.", "user": 1, "content_type": 7}, "model": "admin.logentry", "pk": 16}, {"fields": {"action_flag": 2, "action_time": "2015-06-04T17:25:27.394Z", "object_repr": "Facebook", "object_id": "1", "change_message": "No fields changed.", "user": 1, "content_type": 7}, "model": "admin.logentry", "pk": 17}, {"fields": {"action_flag": 2, "action_time": "2015-06-04T17:25:29.806Z", "object_repr": "Facebook", "object_id": "1", "change_message": "No fields changed.", "user": 1, "content_type": 7}, "model": "admin.logentry", "pk": 18}, {"fields": {"action_flag": 2, "action_time": "2015-06-06T05:48:44.302Z", "object_repr": "mithu", "object_id": "1", "change_message": "Changed email.", "user": 1, "content_type": 4}, "model": "admin.logentry", "pk": 19}, {"fields": {"action_flag": 1, "action_time": "2015-06-06T05:57:56.379Z", "object_repr": "Purchase object", "object_id": "1", "change_message": "", "user": 1, "content_type": 16}, "model": "admin.logentry", "pk": 20}, {"fields": {"action_flag": 2, "action_time": "2015-06-06T05:57:59.002Z", "object_repr": "Purchase object", "object_id": "1", "change_message": "No fields changed.", "user": 1, "content_type": 16}, "model": "admin.logentry", "pk": 21}, {"fields": {"action_flag": 1, "action_time": "2015-06-06T05:58:29.777Z", "object_repr": "BookingDetails object", "object_id": "1", "change_message": "", "user": 1, "content_type": 17}, "model": "admin.logentry", "pk": 22}, {"fields": {"action_flag": 1, "action_time": "2015-06-06T06:07:43.641Z", "object_repr": "BookingServices object", "object_id": "1", "change_message": "", "user": 1, "content_type": 19}, "model": "admin.logentry", "pk": 23}, {"fields": {"action_flag": 1, "action_time": "2015-06-06T06:07:51.209Z", "object_repr": "BookingServices object", "object_id": "2", "change_message": "", "user": 1, "content_type": 19}, "model": "admin.logentry", "pk": 24}, {"fields": {"action_flag": 1, "action_time": "2015-06-06T07:44:22.757Z", "object_repr": "studi1@gmail.com", "object_id": "1", "change_message": "", "user": 1, "content_type": 23}, "model": "admin.logentry", "pk": 25}, {"fields": {"action_flag": 2, "action_time": "2015-06-06T07:44:32.887Z", "object_repr": "StudioProfile object", "object_id": "1", "change_message": "Changed studio and studio_type.", "user": 1, "content_type": 26}, "model": "admin.logentry", "pk": 26}, {"fields": {"action_flag": 1, "action_time": "2015-06-06T07:45:35.353Z", "object_repr": "CloseDates object", "object_id": "1", "change_message": "", "user": 1, "content_type": 34}, "model": "admin.logentry", "pk": 27}, {"fields": {"action_flag": 1, "action_time": "2015-06-06T07:45:45.488Z", "object_repr": "StudioClosedDetails object", "object_id": "1", "change_message": "", "user": 1, "content_type": 35}, "model": "admin.logentry", "pk": 28}, {"fields": {"action_flag": 2, "action_time": "2015-06-06T08:04:15.552Z", "object_repr": "StudioProfile object", "object_id": "1", "change_message": "Changed is_closed.", "user": 1, "content_type": 26}, "model": "admin.logentry", "pk": 29}, {"fields": {"action_flag": 2, "action_time": "2015-06-10T03:15:03.274Z", "object_repr": "StudioPicture object", "object_id": "2", "change_message": "Changed picture.", "user": 1, "content_type": 38}, "model": "admin.logentry", "pk": 30}, {"fields": {"action_flag": 1, "action_time": "2015-06-17T23:19:30.226Z", "object_repr": "BookingDetails object", "object_id": "2", "change_message": "", "user": 1, "content_type": 17}, "model": "admin.logentry", "pk": 32}, {"fields": {"action_flag": 2, "action_time": "2015-06-18T00:01:48.064Z", "object_repr": "BookingDetails object", "object_id": "2", "change_message": "Changed appointment_date.", "user": 1, "content_type": 17}, "model": "admin.logentry", "pk": 33}, {"fields": {"action_flag": 1, "action_time": "2015-06-18T00:04:55.154Z", "object_repr": "Purchase object", "object_id": "2", "change_message": "", "user": 1, "content_type": 16}, "model": "admin.logentry", "pk": 34}, {"fields": {"action_flag": 1, "action_time": "2015-06-18T00:05:22.723Z", "object_repr": "BookingDetails object", "object_id": "3", "change_message": "", "user": 1, "content_type": 17}, "model": "admin.logentry", "pk": 35}, {"fields": {"action_flag": 1, "action_time": "2015-06-18T00:09:12.944Z", "object_repr": "BookingServices object", "object_id": "3", "change_message": "", "user": 1, "content_type": 19}, "model": "admin.logentry", "pk": 36}, {"fields": {"action_flag": 2, "action_time": "2015-06-18T00:09:19.305Z", "object_repr": "BookingServices object", "object_id": "3", "change_message": "Changed booking and service.", "user": 1, "content_type": 19}, "model": "admin.logentry", "pk": 37}, {"fields": {"action_flag": 2, "action_time": "2015-06-18T00:09:19.590Z", "object_repr": "BookingServices object", "object_id": "3", "change_message": "No fields changed.", "user": 1, "content_type": 19}, "model": "admin.logentry", "pk": 38}, {"fields": {"action_flag": 2, "action_time": "2015-06-18T00:09:26.523Z", "object_repr": "BookingServices object", "object_id": "3", "change_message": "Changed booking.", "user": 1, "content_type": 19}, "model": "admin.logentry", "pk": 39}, {"fields": {"action_flag": 2, "action_time": "2015-06-18T00:10:46.800Z", "object_repr": "BookingServices object", "object_id": "3", "change_message": "Changed booking.", "user": 1, "content_type": 19}, "model": "admin.logentry", "pk": 40}, {"fields": {"action_flag": 2, "action_time": "2015-06-18T00:10:48.932Z", "object_repr": "BookingServices object", "object_id": "3", "change_message": "No fields changed.", "user": 1, "content_type": 19}, "model": "admin.logentry", "pk": 41}, {"fields": {"action_flag": 2, "action_time": "2015-06-18T00:10:58.060Z", "object_repr": "BookingServices object", "object_id": "2", "change_message": "Changed booking.", "user": 1, "content_type": 19}, "model": "admin.logentry", "pk": 42}, {"fields": {"action_flag": 1, "action_time": "2015-06-18T00:11:09.938Z", "object_repr": "BookingServices object", "object_id": "4", "change_message": "", "user": 1, "content_type": 19}, "model": "admin.logentry", "pk": 43}, {"fields": {"action_flag": 1, "action_time": "2015-06-19T07:37:05.037Z", "object_repr": "StudioKind object", "object_id": "1", "change_message": "", "user": 1, "content_type": 46}, "model": "admin.logentry", "pk": 44}, {"fields": {"action_flag": 2, "action_time": "2015-06-19T07:37:20.074Z", "object_repr": "StudioProfile object", "object_id": "1", "change_message": "Changed address_2.", "user": 1, "content_type": 26}, "model": "admin.logentry", "pk": 45}, {"fields": {"action_flag": 2, "action_time": "2015-06-19T07:38:29.402Z", "object_repr": "StudioProfile object", "object_id": "1", "change_message": "Changed address_2 and area.", "user": 1, "content_type": 26}, "model": "admin.logentry", "pk": 46}, {"fields": {"action_flag": 2, "action_time": "2015-06-19T15:53:17.096Z", "object_repr": "StudioProfile object", "object_id": "1", "change_message": "Changed area.", "user": 1, "content_type": 26}, "model": "admin.logentry", "pk": 47}, {"fields": {"action_flag": 2, "action_time": "2015-06-19T16:05:21.864Z", "object_repr": "StudioProfile object", "object_id": "1", "change_message": "Changed area.", "user": 1, "content_type": 26}, "model": "admin.logentry", "pk": 48}, {"fields": {"action_flag": 1, "action_time": "2015-06-19T17:06:04.225Z", "object_repr": "StudioProfile object", "object_id": "2", "change_message": "", "user": 1, "content_type": 26}, "model": "admin.logentry", "pk": 49}, {"fields": {"action_flag": 2, "action_time": "2015-06-20T22:27:50.308Z", "object_repr": "BookingDetails object", "object_id": "3", "change_message": "Changed appointment_date.", "user": 1, "content_type": 17}, "model": "admin.logentry", "pk": 50}, {"fields": {"action_flag": 2, "action_time": "2015-06-21T00:24:27.691Z", "object_repr": "BookingDetails object", "object_id": "3", "change_message": "Changed appointment_time.", "user": 1, "content_type": 17}, "model": "admin.logentry", "pk": 51}, {"fields": {"action_flag": 2, "action_time": "2015-06-21T00:40:37.338Z", "object_repr": "BookingDetails object", "object_id": "3", "change_message": "Changed appointment_date, appointment_time, status_code and booking_status.", "user": 1, "content_type": 17}, "model": "admin.logentry", "pk": 52}, {"fields": {"action_flag": 2, "action_time": "2015-06-21T00:42:06.670Z", "object_repr": "BookingDetails object", "object_id": "3", "change_message": "Changed is_valid.", "user": 1, "content_type": 17}, "model": "admin.logentry", "pk": 53}, {"fields": {"action_flag": 2, "action_time": "2015-06-21T00:44:21.969Z", "object_repr": "BookingDetails object", "object_id": "3", "change_message": "Changed appointment_time.", "user": 1, "content_type": 17}, "model": "admin.logentry", "pk": 54}, {"fields": {"action_flag": 2, "action_time": "2015-06-21T00:44:51.246Z", "object_repr": "BookingDetails object", "object_id": "3", "change_message": "Changed appointment_time.", "user": 1, "content_type": 17}, "model": "admin.logentry", "pk": 55}, {"fields": {"action_flag": 2, "action_time": "2015-06-21T01:19:22.721Z", "object_repr": "BookingDetails object", "object_id": "3", "change_message": "Changed appointment_date, status_code and booking_status.", "user": 1, "content_type": 17}, "model": "admin.logentry", "pk": 56}, {"fields": {"action_flag": 2, "action_time": "2015-06-23T23:57:59.547Z", "object_repr": "RzFkAv1YqohjiIEDP9UmYArj92To7k", "object_id": "149", "change_message": "Changed expires.", "user": 1, "content_type": 9}, "model": "admin.logentry", "pk": 57}, {"fields": {"action_flag": 2, "action_time": "2015-06-24T00:02:55.607Z", "object_repr": "RzFkAv1YqohjiIEDP9UmYArj92To7k", "object_id": "149", "change_message": "No fields changed.", "user": 1, "content_type": 9}, "model": "admin.logentry", "pk": 58}, {"fields": {"action_flag": 2, "action_time": "2015-06-25T11:38:12.717Z", "object_repr": "BookingDetails object", "object_id": "3", "change_message": "Changed appointment_start_time and appointment_end_time.", "user": 1, "content_type": 17}, "model": "admin.logentry", "pk": 59}, {"fields": {"action_flag": 2, "action_time": "2015-06-25T11:38:18.346Z", "object_repr": "BookingDetails object", "object_id": "2", "change_message": "Changed appointment_start_time and appointment_end_time.", "user": 1, "content_type": 17}, "model": "admin.logentry", "pk": 60}, {"fields": {"action_flag": 2, "action_time": "2015-06-25T11:38:30.049Z", "object_repr": "BookingDetails object", "object_id": "1", "change_message": "Changed appointment_start_time, appointment_end_time and promo.", "user": 1, "content_type": 17}, "model": "admin.logentry", "pk": 61}, {"fields": {"action_flag": 2, "action_time": "2015-06-25T11:46:18.208Z", "object_repr": "BookingDetails object", "object_id": "1", "change_message": "Changed user.", "user": 1, "content_type": 17}, "model": "admin.logentry", "pk": 62}, {"fields": {"action_flag": 2, "action_time": "2015-06-25T11:46:52.254Z", "object_repr": "BookingDetails object", "object_id": "1", "change_message": "Changed booking_status.", "user": 1, "content_type": 17}, "model": "admin.logentry", "pk": 63}, {"fields": {"action_flag": 2, "action_time": "2015-06-25T12:05:20.546Z", "object_repr": "BookingDetails object", "object_id": "2", "change_message": "Changed appointment_date, status_code and booking_status.", "user": 1, "content_type": 17}, "model": "admin.logentry", "pk": 64}, {"fields": {"action_flag": 2, "action_time": "2015-06-26T07:19:16.473Z", "object_repr": "bUFBYksaMEysMEVdN4tidHh4lGlEw0", "object_id": "150", "change_message": "Changed expires.", "user": 1, "content_type": 9}, "model": "admin.logentry", "pk": 65}, {"fields": {"action_flag": 2, "action_time": "2015-06-26T07:19:49.914Z", "object_repr": "RzFkAv1YqohjiIEDP9UmYArj92To7k", "object_id": "150", "change_message": "Changed token.", "user": 1, "content_type": 9}, "model": "admin.logentry", "pk": 66}, {"fields": {"action_flag": 3, "action_time": "2015-06-26T07:32:24.796Z", "object_repr": "StudioAddRequest object", "object_id": "1", "change_message": "", "user": 1, "content_type": 53}, "model": "admin.logentry", "pk": 67}, {"fields": {"action_flag": 2, "action_time": "2015-06-29T11:46:37.771Z", "object_repr": "rtPmqphRY60xPVbUO1gDYYZVYx0DE5", "object_id": "151", "change_message": "Changed expires.", "user": 1, "content_type": 9}, "model": "admin.logentry", "pk": 68}, {"fields": {"action_flag": 2, "action_time": "2015-06-29T12:24:52.746Z", "object_repr": "BookingDetails object", "object_id": "3", "change_message": "Changed appointment_date, status_code, booking_status and is_valid.", "user": 1, "content_type": 17}, "model": "admin.logentry", "pk": 69}, {"fields": {"action_flag": 2, "action_time": "2015-06-29T12:26:51.604Z", "object_repr": "BookingDetails object", "object_id": "3", "change_message": "No fields changed.", "user": 1, "content_type": 17}, "model": "admin.logentry", "pk": 70}, {"fields": {"action_flag": 2, "action_time": "2015-06-29T12:30:12.628Z", "object_repr": "BookingDetails object", "object_id": "3", "change_message": "Changed status_code, booking_status and is_valid.", "user": 1, "content_type": 17}, "model": "admin.logentry", "pk": 71}, {"fields": {"action_flag": 2, "action_time": "2015-06-29T12:30:26.538Z", "object_repr": "BookingDetails object", "object_id": "3", "change_message": "Changed status_code, booking_status, is_valid and updated_date_time.", "user": 1, "content_type": 17}, "model": "admin.logentry", "pk": 72}, {"fields": {"action_flag": 2, "action_time": "2015-06-30T06:49:22.460Z", "object_repr": "RzFkAv1YqohjiIEDP9UmYArj92To7k", "object_id": "151", "change_message": "Changed token.", "user": 1, "content_type": 9}, "model": "admin.logentry", "pk": 73}, {"fields": {"action_flag": 2, "action_time": "2015-06-30T07:34:35.899Z", "object_repr": "Purchase object", "object_id": "3", "change_message": "Changed purchase_status and status_code.", "user": 1, "content_type": 16}, "model": "admin.logentry", "pk": 74}, {"fields": {"action_flag": 2, "action_time": "2015-07-01T22:31:58.300Z", "object_repr": "StudioProfile object", "object_id": "2", "change_message": "Changed studio.", "user": 1, "content_type": 26}, "model": "admin.logentry", "pk": 75}, {"fields": {"action_flag": 2, "action_time": "2015-07-01T22:33:16.360Z", "object_repr": "BookingDetails object", "object_id": "5", "change_message": "Changed appointment_date, studio and promo.", "user": 1, "content_type": 17}, "model": "admin.logentry", "pk": 76}, {"fields": {"action_flag": 2, "action_time": "2015-07-01T22:33:54.980Z", "object_repr": "BookingDetails object", "object_id": "4", "change_message": "Changed appointment_date, studio and promo.", "user": 1, "content_type": 17}, "model": "admin.logentry", "pk": 77}, {"fields": {"action_flag": 2, "action_time": "2015-07-01T22:57:58.107Z", "object_repr": "BookingDetails object", "object_id": "4", "change_message": "Changed appointment_start_time.", "user": 1, "content_type": 17}, "model": "admin.logentry", "pk": 78}, {"fields": {"action_flag": 2, "action_time": "2015-07-01T22:58:11.554Z", "object_repr": "BookingDetails object", "object_id": "5", "change_message": "Changed appointment_start_time.", "user": 1, "content_type": 17}, "model": "admin.logentry", "pk": 79}, {"fields": {"action_flag": 2, "action_time": "2015-07-01T23:02:12.944Z", "object_repr": "BookingDetails object", "object_id": "5", "change_message": "Changed studio.", "user": 1, "content_type": 17}, "model": "admin.logentry", "pk": 80}, {"fields": {"action_flag": 2, "action_time": "2015-07-01T23:03:07.186Z", "object_repr": "BookingDetails object", "object_id": "3", "change_message": "Changed appointment_date, appointment_start_time, status_code, booking_status and is_valid.", "user": 1, "content_type": 17}, "model": "admin.logentry", "pk": 81}, {"fields": {"action_flag": 2, "action_time": "2015-07-02T07:19:19.269Z", "object_repr": "BookingDetails object", "object_id": "5", "change_message": "Changed booked_date, appointment_date, appointment_start_time and appointment_end_time.", "user": 1, "content_type": 17}, "model": "admin.logentry", "pk": 82}, {"fields": {"action_flag": 2, "action_time": "2015-07-02T07:30:25.664Z", "object_repr": "BookingDetails object", "object_id": "5", "change_message": "Changed appointment_start_time.", "user": 1, "content_type": 17}, "model": "admin.logentry", "pk": 83}, {"fields": {"action_flag": 2, "action_time": "2015-07-02T08:10:25.400Z", "object_repr": "DailyReminder object", "object_id": "1", "change_message": "Changed status.", "user": 1, "content_type": 49}, "model": "admin.logentry", "pk": 84}, {"fields": {"action_flag": 2, "action_time": "2015-07-02T11:57:49.759Z", "object_repr": "BookingDetails object", "object_id": "7", "change_message": "Changed appointment_date and promo.", "user": 1, "content_type": 17}, "model": "admin.logentry", "pk": 85}, {"fields": {"action_flag": 2, "action_time": "2015-07-02T11:58:35.165Z", "object_repr": "BookingDetails object", "object_id": "7", "change_message": "Changed mobile_no.", "user": 1, "content_type": 17}, "model": "admin.logentry", "pk": 86}, {"fields": {"action_flag": 2, "action_time": "2015-07-02T11:58:55.489Z", "object_repr": "DailyReminder object", "object_id": "3", "change_message": "Changed status.", "user": 1, "content_type": 49}, "model": "admin.logentry", "pk": 87}, {"fields": {"action_flag": 2, "action_time": "2015-07-02T12:04:06.089Z", "object_repr": "BookingDetails object", "object_id": "7", "change_message": "Changed status_code, booking_status and is_valid.", "user": 1, "content_type": 17}, "model": "admin.logentry", "pk": 88}, {"fields": {"action_flag": 1, "action_time": "2015-07-03T21:34:59.271Z", "object_repr": "Coupon object", "object_id": "1", "change_message": "", "user": 1, "content_type": 55}, "model": "admin.logentry", "pk": 89}, {"fields": {"action_flag": 1, "action_time": "2015-07-03T21:58:13.328Z", "object_repr": "CouponForStudios object", "object_id": "1", "change_message": "", "user": 1, "content_type": 56}, "model": "admin.logentry", "pk": 90}, {"fields": {"action_flag": 2, "action_time": "2015-07-03T21:58:24.619Z", "object_repr": "Coupon object", "object_id": "1", "change_message": "Changed for_all_studios.", "user": 1, "content_type": 55}, "model": "admin.logentry", "pk": 91}, {"fields": {"action_flag": 2, "action_time": "2015-07-03T22:04:46.517Z", "object_repr": "Coupon object", "object_id": "1", "change_message": "Changed expiry_date.", "user": 1, "content_type": 55}, "model": "admin.logentry", "pk": 92}, {"fields": {"action_flag": 2, "action_time": "2015-07-03T22:05:15.578Z", "object_repr": "Coupon object", "object_id": "1", "change_message": "Changed expiry_date, for_all_studios and is_one_time.", "user": 1, "content_type": 55}, "model": "admin.logentry", "pk": 93}, {"fields": {"action_flag": 2, "action_time": "2015-07-03T22:05:26.196Z", "object_repr": "BookingDetails object", "object_id": "7", "change_message": "Changed coupon.", "user": 1, "content_type": 17}, "model": "admin.logentry", "pk": 94}, {"fields": {"action_flag": 2, "action_time": "2015-07-03T22:06:21.423Z", "object_repr": "Coupon object", "object_id": "1", "change_message": "Changed is_one_time.", "user": 1, "content_type": 55}, "model": "admin.logentry", "pk": 95}, {"fields": {"action_flag": 2, "action_time": "2015-07-04T00:00:33.241Z", "object_repr": "StudioProfile object", "object_id": "2", "change_message": "Changed daily_studio_closed_from and daily_studio_closed_till.", "user": 1, "content_type": 26}, "model": "admin.logentry", "pk": 96}, {"fields": {"action_flag": 2, "action_time": "2015-07-14T07:03:49.397Z", "object_repr": "StudioProfile object", "object_id": "2", "change_message": "Changed opening_at, closing_at, daily_studio_closed_from and daily_studio_closed_till.", "user": 1, "content_type": 26}, "model": "admin.logentry", "pk": 97}, {"fields": {"action_flag": 2, "action_time": "2015-07-14T07:04:22.196Z", "object_repr": "StudioProfile object", "object_id": "1", "change_message": "Changed opening_at, closing_at, daily_studio_closed_from and daily_studio_closed_till.", "user": 1, "content_type": 26}, "model": "admin.logentry", "pk": 98}, {"fields": {"action_flag": 2, "action_time": "2015-07-14T07:43:20.399Z", "object_repr": "BookingDetails object", "object_id": "13", "change_message": "Changed appointment_end_time and coupon.", "user": 1, "content_type": 17}, "model": "admin.logentry", "pk": 99}, {"fields": {"action_flag": 2, "action_time": "2015-07-14T07:46:25.727Z", "object_repr": "BookingDetails object", "object_id": "13", "change_message": "Changed appointment_date.", "user": 1, "content_type": 17}, "model": "admin.logentry", "pk": 100}, {"fields": {"action_flag": 2, "action_time": "2015-07-14T08:33:05.285Z", "object_repr": "BookingDetails object", "object_id": "13", "change_message": "Changed appointment_date.", "user": 1, "content_type": 17}, "model": "admin.logentry", "pk": 101}, {"fields": {"action_flag": 2, "action_time": "2015-07-14T23:40:49.400Z", "object_repr": "StudioProfile object", "object_id": "1", "change_message": "Changed closing_at, daily_studio_closed_from and daily_studio_closed_till.", "user": 1, "content_type": 26}, "model": "admin.logentry", "pk": 102}, {"fields": {"action_flag": 2, "action_time": "2015-07-14T23:42:18.984Z", "object_repr": "BookingDetails object", "object_id": "13", "change_message": "Changed appointment_start_time and appointment_end_time.", "user": 1, "content_type": 17}, "model": "admin.logentry", "pk": 103}, {"fields": {"action_flag": 2, "action_time": "2015-07-16T22:40:46.867Z", "object_repr": "StudioProfile object", "object_id": "1", "change_message": "Changed closing_at.", "user": 1, "content_type": 26}, "model": "admin.logentry", "pk": 104}, {"fields": {"action_flag": 2, "action_time": "2015-07-17T22:41:37.002Z", "object_repr": "StudioProfile object", "object_id": "1", "change_message": "Changed opening_at, closing_at, daily_studio_closed_from and daily_studio_closed_till.", "user": 1, "content_type": 26}, "model": "admin.logentry", "pk": 105}, {"fields": {"action_flag": 2, "action_time": "2015-07-17T22:50:39.404Z", "object_repr": "StudioProfile object", "object_id": "1", "change_message": "Changed daily_studio_closed_from and daily_studio_closed_till.", "user": 1, "content_type": 26}, "model": "admin.logentry", "pk": 106}, {"fields": {"action_flag": 2, "action_time": "2015-07-17T23:20:31.466Z", "object_repr": "StudioProfile object", "object_id": "1", "change_message": "Changed closing_at.", "user": 1, "content_type": 26}, "model": "admin.logentry", "pk": 107}, {"fields": {"action_flag": 2, "action_time": "2015-07-17T23:20:55.444Z", "object_repr": "StudioProfile object", "object_id": "1", "change_message": "Changed daily_studio_closed_till.", "user": 1, "content_type": 26}, "model": "admin.logentry", "pk": 108}, {"fields": {"action_flag": 2, "action_time": "2015-07-18T12:49:08.588Z", "object_repr": "BookingDetails object", "object_id": "13", "change_message": "Changed booked_date and is_valid.", "user": 1, "content_type": 17}, "model": "admin.logentry", "pk": 109}, {"fields": {"action_flag": 2, "action_time": "2015-07-18T12:53:15.822Z", "object_repr": "BookingDetails object", "object_id": "13", "change_message": "Changed status_code and booking_status.", "user": 1, "content_type": 17}, "model": "admin.logentry", "pk": 110}, {"fields": {"action_flag": 2, "action_time": "2015-07-18T13:04:36.839Z", "object_repr": "BookingDetails object", "object_id": "13", "change_message": "Changed appointment_date.", "user": 1, "content_type": 17}, "model": "admin.logentry", "pk": 111}, {"fields": {"action_flag": 2, "action_time": "2015-07-19T00:04:21.894Z", "object_repr": "StudioProfile object", "object_id": "1", "change_message": "Changed latitude and longitude.", "user": 1, "content_type": 26}, "model": "admin.logentry", "pk": 112}, {"fields": {"action_flag": 2, "action_time": "2015-07-19T01:16:40.099Z", "object_repr": "StudioProfile object", "object_id": "1", "change_message": "Changed thumbnail.", "user": 1, "content_type": 26}, "model": "admin.logentry", "pk": 113}, {"fields": {"action_flag": 2, "action_time": "2015-07-19T02:31:27.868Z", "object_repr": "StudioProfile object", "object_id": "1", "change_message": "Changed thumbnail.", "user": 1, "content_type": 26}, "model": "admin.logentry", "pk": 114}, {"fields": {"action_flag": 2, "action_time": "2015-07-19T12:47:21.647Z", "object_repr": "StudioProfile object", "object_id": "2", "change_message": "Changed area.", "user": 1, "content_type": 26}, "model": "admin.logentry", "pk": 115}, {"fields": {"action_flag": 1, "action_time": "2015-07-19T14:41:49.526Z", "object_repr": "naturalporur@zaloon.in", "object_id": "4", "change_message": "", "user": 1, "content_type": 23}, "model": "admin.logentry", "pk": 116}, {"fields": {"action_flag": 2, "action_time": "2015-07-19T14:42:01.635Z", "object_repr": "naturals_porur@zaloon.in", "object_id": "4", "change_message": "Changed email.", "user": 1, "content_type": 23}, "model": "admin.logentry", "pk": 117}, {"fields": {"action_flag": 1, "action_time": "2015-07-19T14:44:30.848Z", "object_repr": "StudioGroup object", "object_id": "2", "change_message": "", "user": 1, "content_type": 25}, "model": "admin.logentry", "pk": 118}, {"fields": {"action_flag": 1, "action_time": "2015-07-19T14:49:26.502Z", "object_repr": "StudioProfile object", "object_id": "3", "change_message": "", "user": 1, "content_type": 26}, "model": "admin.logentry", "pk": 119}, {"fields": {"action_flag": 1, "action_time": "2015-07-19T14:49:53.736Z", "object_repr": "StudioType object", "object_id": "2", "change_message": "", "user": 1, "content_type": 24}, "model": "admin.logentry", "pk": 120}, {"fields": {"action_flag": 1, "action_time": "2015-07-19T14:50:02.183Z", "object_repr": "StudioType object", "object_id": "3", "change_message": "", "user": 1, "content_type": 24}, "model": "admin.logentry", "pk": 121}, {"fields": {"action_flag": 1, "action_time": "2015-07-19T14:51:02.775Z", "object_repr": "StudioKind object", "object_id": "2", "change_message": "", "user": 1, "content_type": 46}, "model": "admin.logentry", "pk": 122}, {"fields": {"action_flag": 2, "action_time": "2015-07-19T14:51:05.940Z", "object_repr": "StudioKind object", "object_id": "2", "change_message": "No fields changed.", "user": 1, "content_type": 46}, "model": "admin.logentry", "pk": 123}, {"fields": {"action_flag": 1, "action_time": "2015-07-19T14:51:17.422Z", "object_repr": "StudioKind object", "object_id": "3", "change_message": "", "user": 1, "content_type": 46}, "model": "admin.logentry", "pk": 124}, {"fields": {"action_flag": 2, "action_time": "2015-07-19T14:52:28.514Z", "object_repr": "ServiceType object", "object_id": "1", "change_message": "Changed service_type_name and description.", "user": 1, "content_type": 21}, "model": "admin.logentry", "pk": 125}, {"fields": {"action_flag": 2, "action_time": "2015-07-19T14:52:47.835Z", "object_repr": "Service object", "object_id": "2", "change_message": "No fields changed.", "user": 1, "content_type": 22}, "model": "admin.logentry", "pk": 126}, {"fields": {"action_flag": 1, "action_time": "2015-07-19T14:53:02.675Z", "object_repr": "Service object", "object_id": "3", "change_message": "", "user": 1, "content_type": 22}, "model": "admin.logentry", "pk": 127}, {"fields": {"action_flag": 1, "action_time": "2015-07-19T14:53:51.016Z", "object_repr": "Service object", "object_id": "4", "change_message": "", "user": 1, "content_type": 22}, "model": "admin.logentry", "pk": 128}, {"fields": {"action_flag": 1, "action_time": "2015-07-19T14:54:44.111Z", "object_repr": "ServiceType object", "object_id": "2", "change_message": "", "user": 1, "content_type": 21}, "model": "admin.logentry", "pk": 129}, {"fields": {"action_flag": 2, "action_time": "2015-07-19T14:54:46.480Z", "object_repr": "Service object", "object_id": "1", "change_message": "Changed service_type.", "user": 1, "content_type": 22}, "model": "admin.logentry", "pk": 130}, {"fields": {"action_flag": 2, "action_time": "2015-07-20T00:50:39.312Z", "object_repr": "CloseDates object", "object_id": "1", "change_message": "Changed closed_on_day.", "user": 1, "content_type": 34}, "model": "admin.logentry", "pk": 131}, {"fields": {"action_flag": 2, "action_time": "2015-07-20T00:50:49.123Z", "object_repr": "CloseDates object", "object_id": "1", "change_message": "Changed closed_on_day.", "user": 1, "content_type": 34}, "model": "admin.logentry", "pk": 132}, {"fields": {"action_flag": 1, "action_time": "2015-07-20T00:52:55.877Z", "object_repr": "CloseDates object", "object_id": "2", "change_message": "", "user": 1, "content_type": 34}, "model": "admin.logentry", "pk": 133}, {"fields": {"action_flag": 2, "action_time": "2015-07-20T00:53:04.867Z", "object_repr": "StudioClosedDetails object", "object_id": "1", "change_message": "Changed closed_on.", "user": 1, "content_type": 35}, "model": "admin.logentry", "pk": 134}, {"fields": {"action_flag": 2, "action_time": "2015-07-21T22:05:03.219Z", "object_repr": "StudioClosedDetails object", "object_id": "1", "change_message": "Changed closed_on.", "user": 1, "content_type": 35}, "model": "admin.logentry", "pk": 135}, {"fields": {"action_flag": 2, "action_time": "2015-07-21T23:35:20.799Z", "object_repr": "Haircut Men", "object_id": "2", "change_message": "Changed service_name.", "user": 1, "content_type": 22}, "model": "admin.logentry", "pk": 136}, {"fields": {"action_flag": 1, "action_time": "2015-07-21T23:35:56.313Z", "object_repr": "Shaving", "object_id": "5", "change_message": "", "user": 1, "content_type": 22}, "model": "admin.logentry", "pk": 137}, {"fields": {"action_flag": 1, "action_time": "2015-07-21T23:36:15.960Z", "object_repr": "Trimming", "object_id": "6", "change_message": "", "user": 1, "content_type": 22}, "model": "admin.logentry", "pk": 138}, {"fields": {"action_flag": 1, "action_time": "2015-07-21T23:36:31.957Z", "object_repr": "Papaya Facial", "object_id": "7", "change_message": "", "user": 1, "content_type": 22}, "model": "admin.logentry", "pk": 139}, {"fields": {"action_flag": 1, "action_time": "2015-07-21T23:36:53.393Z", "object_repr": "Bleach", "object_id": "8", "change_message": "", "user": 1, "content_type": 22}, "model": "admin.logentry", "pk": 140}, {"fields": {"action_flag": 1, "action_time": "2015-07-21T23:38:48.985Z", "object_repr": "Hair Makeover", "object_id": "9", "change_message": "", "user": 1, "content_type": 22}, "model": "admin.logentry", "pk": 141}, {"fields": {"action_flag": 1, "action_time": "2015-07-21T23:39:03.278Z", "object_repr": "Hair Conditioning", "object_id": "10", "change_message": "", "user": 1, "content_type": 22}, "model": "admin.logentry", "pk": 142}, {"fields": {"action_flag": 1, "action_time": "2015-07-21T23:39:15.149Z", "object_repr": "Premium Shampooing", "object_id": "11", "change_message": "", "user": 1, "content_type": 22}, "model": "admin.logentry", "pk": 143}, {"fields": {"action_flag": 1, "action_time": "2015-07-21T23:39:39.906Z", "object_repr": "Head Shaving", "object_id": "12", "change_message": "", "user": 1, "content_type": 22}, "model": "admin.logentry", "pk": 144}, {"fields": {"action_flag": 2, "action_time": "2015-07-21T23:40:52.673Z", "object_repr": "Naturals", "object_id": "2", "change_message": "Changed address, landline_no_1 and landline_no_2.", "user": 1, "content_type": 25}, "model": "admin.logentry", "pk": 145}, {"fields": {"action_flag": 1, "action_time": "2015-07-21T23:41:34.042Z", "object_repr": "naturals_guindy@zaloon.in", "object_id": "5", "change_message": "", "user": 1, "content_type": 23}, "model": "admin.logentry", "pk": 146}, {"fields": {"action_flag": 1, "action_time": "2015-07-21T23:42:11.474Z", "object_repr": "naturals_adyar@zaloon.in", "object_id": "6", "change_message": "", "user": 1, "content_type": 23}, "model": "admin.logentry", "pk": 147}, {"fields": {"action_flag": 1, "action_time": "2015-07-21T23:42:40.414Z", "object_repr": "naturals_besant@zaloon.in", "object_id": "7", "change_message": "", "user": 1, "content_type": 23}, "model": "admin.logentry", "pk": 148}, {"fields": {"action_flag": 2, "action_time": "2015-07-21T23:42:44.084Z", "object_repr": "naturals_besant@zaloon.in", "object_id": "7", "change_message": "No fields changed.", "user": 1, "content_type": 23}, "model": "admin.logentry", "pk": 149}, {"fields": {"action_flag": 1, "action_time": "2015-07-21T23:43:31.515Z", "object_repr": "naturals_ramapuram@zaloon.in", "object_id": "8", "change_message": "", "user": 1, "content_type": 23}, "model": "admin.logentry", "pk": 150}, {"fields": {"action_flag": 1, "action_time": "2015-07-21T23:49:55.417Z", "object_repr": "Naturals, Guindy", "object_id": "4", "change_message": "", "user": 1, "content_type": 26}, "model": "admin.logentry", "pk": 151}, {"fields": {"action_flag": 1, "action_time": "2015-07-21T23:50:18.033Z", "object_repr": "StudioClosedDetails object", "object_id": "2", "change_message": "", "user": 1, "content_type": 35}, "model": "admin.logentry", "pk": 152}, {"fields": {"action_flag": 1, "action_time": "2015-07-21T23:50:52.736Z", "object_repr": "StudioServices object", "object_id": "3", "change_message": "", "user": 1, "content_type": 40}, "model": "admin.logentry", "pk": 153}, {"fields": {"action_flag": 2, "action_time": "2015-07-21T23:50:56.461Z", "object_repr": "StudioServices object", "object_id": "3", "change_message": "No fields changed.", "user": 1, "content_type": 40}, "model": "admin.logentry", "pk": 154}, {"fields": {"action_flag": 1, "action_time": "2015-07-21T23:51:08.137Z", "object_repr": "StudioServices object", "object_id": "4", "change_message": "", "user": 1, "content_type": 40}, "model": "admin.logentry", "pk": 155}, {"fields": {"action_flag": 1, "action_time": "2015-07-21T23:51:23.845Z", "object_repr": "StudioServices object", "object_id": "5", "change_message": "", "user": 1, "content_type": 40}, "model": "admin.logentry", "pk": 156}, {"fields": {"action_flag": 1, "action_time": "2015-07-21T23:51:45.829Z", "object_repr": "StudioServices object", "object_id": "6", "change_message": "", "user": 1, "content_type": 40}, "model": "admin.logentry", "pk": 157}, {"fields": {"action_flag": 2, "action_time": "2015-07-21T23:55:12.847Z", "object_repr": "Naturals, Porur", "object_id": "3", "change_message": "Changed thumbnail.", "user": 1, "content_type": 26}, "model": "admin.logentry", "pk": 158}, {"fields": {"action_flag": 2, "action_time": "2015-07-21T23:55:30.493Z", "object_repr": "Greenn Trends Porur", "object_id": "2", "change_message": "Changed thumbnail.", "user": 1, "content_type": 26}, "model": "admin.logentry", "pk": 159}, {"fields": {"action_flag": 2, "action_time": "2015-07-21T23:55:42.221Z", "object_repr": "B&W KKDI", "object_id": "1", "change_message": "Changed thumbnail.", "user": 1, "content_type": 26}, "model": "admin.logentry", "pk": 160}, {"fields": {"action_flag": 1, "action_time": "2015-07-21T23:58:37.178Z", "object_repr": "Green Trends", "object_id": "3", "change_message": "", "user": 1, "content_type": 25}, "model": "admin.logentry", "pk": 161}, {"fields": {"action_flag": 1, "action_time": "2015-07-22T00:00:19.603Z", "object_repr": "Black and White", "object_id": "4", "change_message": "", "user": 1, "content_type": 25}, "model": "admin.logentry", "pk": 162}, {"fields": {"action_flag": 1, "action_time": "2015-07-22T00:01:53.361Z", "object_repr": "Manicure", "object_id": "3", "change_message": "", "user": 1, "content_type": 21}, "model": "admin.logentry", "pk": 163}, {"fields": {"action_flag": 1, "action_time": "2015-07-22T00:02:19.900Z", "object_repr": "Pedicure", "object_id": "4", "change_message": "", "user": 1, "content_type": 21}, "model": "admin.logentry", "pk": 164}, {"fields": {"action_flag": 1, "action_time": "2015-07-22T00:02:41.332Z", "object_repr": "Hair coloring", "object_id": "5", "change_message": "", "user": 1, "content_type": 21}, "model": "admin.logentry", "pk": 165}, {"fields": {"action_flag": 1, "action_time": "2015-07-22T00:03:03.944Z", "object_repr": "Makeup", "object_id": "6", "change_message": "", "user": 1, "content_type": 21}, "model": "admin.logentry", "pk": 166}, {"fields": {"action_flag": 1, "action_time": "2015-07-22T00:04:31.964Z", "object_repr": "Bright & Shine Facial", "object_id": "13", "change_message": "", "user": 1, "content_type": 22}, "model": "admin.logentry", "pk": 167}, {"fields": {"action_flag": 1, "action_time": "2015-07-22T00:04:47.176Z", "object_repr": "Fair Bloom Facial", "object_id": "14", "change_message": "", "user": 1, "content_type": 22}, "model": "admin.logentry", "pk": 168}, {"fields": {"action_flag": 1, "action_time": "2015-07-22T00:05:03.270Z", "object_repr": "White Sparkle Facial", "object_id": "15", "change_message": "", "user": 1, "content_type": 22}, "model": "admin.logentry", "pk": 169}, {"fields": {"action_flag": 1, "action_time": "2015-07-22T00:05:23.446Z", "object_repr": "Glowing Radiance Facial", "object_id": "16", "change_message": "", "user": 1, "content_type": 22}, "model": "admin.logentry", "pk": 170}, {"fields": {"action_flag": 1, "action_time": "2015-07-22T00:06:41.351Z", "object_repr": "Fair Bloom Facial Women", "object_id": "17", "change_message": "", "user": 1, "content_type": 22}, "model": "admin.logentry", "pk": 171}, {"fields": {"action_flag": 1, "action_time": "2015-07-22T00:08:27.107Z", "object_repr": "Skin Brightening Facial Women", "object_id": "18", "change_message": "", "user": 1, "content_type": 22}, "model": "admin.logentry", "pk": 172}, {"fields": {"action_flag": 1, "action_time": "2015-07-22T00:09:15.032Z", "object_repr": "Oxygen Facial Women", "object_id": "19", "change_message": "", "user": 1, "content_type": 22}, "model": "admin.logentry", "pk": 173}, {"fields": {"action_flag": 2, "action_time": "2015-07-22T00:09:48.839Z", "object_repr": "Oxygen Facial - Women", "object_id": "19", "change_message": "Changed service_name.", "user": 1, "content_type": 22}, "model": "admin.logentry", "pk": 174}, {"fields": {"action_flag": 1, "action_time": "2015-07-22T00:15:30.328Z", "object_repr": "Monday", "object_id": "3", "change_message": "", "user": 1, "content_type": 34}, "model": "admin.logentry", "pk": 175}, {"fields": {"action_flag": 1, "action_time": "2015-07-22T00:15:43.040Z", "object_repr": "Wednesday", "object_id": "4", "change_message": "", "user": 1, "content_type": 34}, "model": "admin.logentry", "pk": 176}, {"fields": {"action_flag": 1, "action_time": "2015-07-22T00:15:54.417Z", "object_repr": "Thursday", "object_id": "5", "change_message": "", "user": 1, "content_type": 34}, "model": "admin.logentry", "pk": 177}, {"fields": {"action_flag": 1, "action_time": "2015-07-22T00:16:09.786Z", "object_repr": "Friday", "object_id": "6", "change_message": "", "user": 1, "content_type": 34}, "model": "admin.logentry", "pk": 178}, {"fields": {"action_flag": 1, "action_time": "2015-07-22T00:16:23.326Z", "object_repr": "Saturday", "object_id": "7", "change_message": "", "user": 1, "content_type": 34}, "model": "admin.logentry", "pk": 179}, {"fields": {"action_flag": 1, "action_time": "2015-07-22T00:17:04.182Z", "object_repr": "StudioClosedDetails object", "object_id": "3", "change_message": "", "user": 1, "content_type": 35}, "model": "admin.logentry", "pk": 180}, {"fields": {"action_flag": 1, "action_time": "2015-07-22T00:17:23.583Z", "object_repr": "StudioClosedDetails object", "object_id": "4", "change_message": "", "user": 1, "content_type": 35}, "model": "admin.logentry", "pk": 181}, {"fields": {"action_flag": 1, "action_time": "2015-07-22T00:24:42.630Z", "object_repr": "Naturals, Adyar", "object_id": "5", "change_message": "", "user": 1, "content_type": 26}, "model": "admin.logentry", "pk": 182}, {"fields": {"action_flag": 1, "action_time": "2015-07-22T00:27:02.873Z", "object_repr": "Naturals, Besant Nagar", "object_id": "6", "change_message": "", "user": 1, "content_type": 26}, "model": "admin.logentry", "pk": 183}, {"fields": {"action_flag": 1, "action_time": "2015-07-22T00:30:40.637Z", "object_repr": "Naturals, Ramapuram", "object_id": "7", "change_message": "", "user": 1, "content_type": 26}, "model": "admin.logentry", "pk": 184}, {"fields": {"action_flag": 1, "action_time": "2015-07-22T00:32:10.690Z", "object_repr": "StudioClosedDetails object", "object_id": "5", "change_message": "", "user": 1, "content_type": 35}, "model": "admin.logentry", "pk": 185}, {"fields": {"action_flag": 1, "action_time": "2015-07-22T00:32:20.549Z", "object_repr": "StudioClosedDetails object", "object_id": "6", "change_message": "", "user": 1, "content_type": 35}, "model": "admin.logentry", "pk": 186}, {"fields": {"action_flag": 2, "action_time": "2015-07-22T00:57:15.453Z", "object_repr": "Naturals, Ramapuram", "object_id": "7", "change_message": "No fields changed.", "user": 1, "content_type": 26}, "model": "admin.logentry", "pk": 187}, {"fields": {"action_flag": 2, "action_time": "2015-07-22T00:58:09.131Z", "object_repr": "B&W KKDI", "object_id": "1", "change_message": "Changed is_closed.", "user": 1, "content_type": 26}, "model": "admin.logentry", "pk": 188}, {"fields": {"action_flag": 2, "action_time": "2015-07-22T00:58:23.263Z", "object_repr": "B&W KKDI", "object_id": "1", "change_message": "Changed is_closed.", "user": 1, "content_type": 26}, "model": "admin.logentry", "pk": 189}, {"fields": {"action_flag": 2, "action_time": "2015-07-22T00:58:35.887Z", "object_repr": "Naturals, Ramapuram", "object_id": "7", "change_message": "Changed is_closed.", "user": 1, "content_type": 26}, "model": "admin.logentry", "pk": 190}, {"fields": {"action_flag": 2, "action_time": "2015-07-22T00:58:42.393Z", "object_repr": "Naturals, Besant Nagar", "object_id": "6", "change_message": "Changed is_closed.", "user": 1, "content_type": 26}, "model": "admin.logentry", "pk": 191}, {"fields": {"action_flag": 2, "action_time": "2015-07-22T00:58:52.953Z", "object_repr": "Naturals, Adyar", "object_id": "5", "change_message": "Changed is_closed.", "user": 1, "content_type": 26}, "model": "admin.logentry", "pk": 192}, {"fields": {"action_flag": 2, "action_time": "2015-07-22T00:58:59.581Z", "object_repr": "Naturals, Guindy", "object_id": "4", "change_message": "Changed is_closed.", "user": 1, "content_type": 26}, "model": "admin.logentry", "pk": 193}, {"fields": {"action_flag": 2, "action_time": "2015-07-22T00:59:07.356Z", "object_repr": "Naturals, Porur", "object_id": "3", "change_message": "Changed is_closed.", "user": 1, "content_type": 26}, "model": "admin.logentry", "pk": 194}, {"fields": {"action_flag": 2, "action_time": "2015-07-22T00:59:13.950Z", "object_repr": "Greenn Trends Porur", "object_id": "2", "change_message": "Changed is_closed.", "user": 1, "content_type": 26}, "model": "admin.logentry", "pk": 195}, {"fields": {"action_flag": 2, "action_time": "2015-07-22T01:02:45.821Z", "object_repr": "Naturals, Guindy", "object_id": "4", "change_message": "No fields changed.", "user": 1, "content_type": 26}, "model": "admin.logentry", "pk": 196}, {"fields": {"action_flag": 1, "action_time": "2015-07-22T22:41:46.464Z", "object_repr": "StudioServices object", "object_id": "7", "change_message": "", "user": 1, "content_type": 40}, "model": "admin.logentry", "pk": 197}, {"fields": {"action_flag": 1, "action_time": "2015-07-22T22:42:08.826Z", "object_repr": "StudioServices object", "object_id": "8", "change_message": "", "user": 1, "content_type": 40}, "model": "admin.logentry", "pk": 198}, {"fields": {"action_flag": 2, "action_time": "2015-07-22T22:42:11.952Z", "object_repr": "StudioServices object", "object_id": "8", "change_message": "No fields changed.", "user": 1, "content_type": 40}, "model": "admin.logentry", "pk": 199}, {"fields": {"action_flag": 1, "action_time": "2015-07-22T22:42:28.500Z", "object_repr": "StudioServices object", "object_id": "9", "change_message": "", "user": 1, "content_type": 40}, "model": "admin.logentry", "pk": 200}, {"fields": {"action_flag": 1, "action_time": "2015-07-22T22:42:39.432Z", "object_repr": "StudioServices object", "object_id": "10", "change_message": "", "user": 1, "content_type": 40}, "model": "admin.logentry", "pk": 201}, {"fields": {"action_flag": 1, "action_time": "2015-07-22T22:42:56.181Z", "object_repr": "StudioServices object", "object_id": "11", "change_message": "", "user": 1, "content_type": 40}, "model": "admin.logentry", "pk": 202}, {"fields": {"action_flag": 1, "action_time": "2015-07-22T22:43:12.960Z", "object_repr": "StudioServices object", "object_id": "12", "change_message": "", "user": 1, "content_type": 40}, "model": "admin.logentry", "pk": 203}, {"fields": {"action_flag": 1, "action_time": "2015-07-22T22:43:26.605Z", "object_repr": "StudioServices object", "object_id": "13", "change_message": "", "user": 1, "content_type": 40}, "model": "admin.logentry", "pk": 204}, {"fields": {"action_flag": 1, "action_time": "2015-07-22T22:43:44.505Z", "object_repr": "StudioServices object", "object_id": "14", "change_message": "", "user": 1, "content_type": 40}, "model": "admin.logentry", "pk": 205}, {"fields": {"action_flag": 2, "action_time": "2015-07-22T22:43:46.083Z", "object_repr": "StudioServices object", "object_id": "14", "change_message": "No fields changed.", "user": 1, "content_type": 40}, "model": "admin.logentry", "pk": 206}, {"fields": {"action_flag": 1, "action_time": "2015-07-22T22:44:17.370Z", "object_repr": "StudioServices object", "object_id": "15", "change_message": "", "user": 1, "content_type": 40}, "model": "admin.logentry", "pk": 207}, {"fields": {"action_flag": 1, "action_time": "2015-07-22T22:44:33.872Z", "object_repr": "StudioServices object", "object_id": "16", "change_message": "", "user": 1, "content_type": 40}, "model": "admin.logentry", "pk": 208}, {"fields": {"action_flag": 1, "action_time": "2015-07-22T22:47:45.885Z", "object_repr": "StudioServices object", "object_id": "17", "change_message": "", "user": 1, "content_type": 40}, "model": "admin.logentry", "pk": 209}, {"fields": {"action_flag": 1, "action_time": "2015-07-22T22:48:35.527Z", "object_repr": "StudioServices object", "object_id": "18", "change_message": "", "user": 1, "content_type": 40}, "model": "admin.logentry", "pk": 210}, {"fields": {"action_flag": 1, "action_time": "2015-07-22T22:48:53.519Z", "object_repr": "StudioServices object", "object_id": "19", "change_message": "", "user": 1, "content_type": 40}, "model": "admin.logentry", "pk": 211}, {"fields": {"action_flag": 1, "action_time": "2015-07-22T22:51:49.085Z", "object_repr": "StudioServices object", "object_id": "20", "change_message": "", "user": 1, "content_type": 40}, "model": "admin.logentry", "pk": 212}, {"fields": {"action_flag": 1, "action_time": "2015-07-22T22:52:14.938Z", "object_repr": "StudioServices object", "object_id": "21", "change_message": "", "user": 1, "content_type": 40}, "model": "admin.logentry", "pk": 213}, {"fields": {"action_flag": 1, "action_time": "2015-07-22T22:52:33.954Z", "object_repr": "StudioServices object", "object_id": "22", "change_message": "", "user": 1, "content_type": 40}, "model": "admin.logentry", "pk": 214}, {"fields": {"action_flag": 1, "action_time": "2015-07-22T22:52:47.278Z", "object_repr": "StudioServices object", "object_id": "23", "change_message": "", "user": 1, "content_type": 40}, "model": "admin.logentry", "pk": 215}, {"fields": {"action_flag": 2, "action_time": "2015-07-22T22:56:03.783Z", "object_repr": "Greenn Trends Porur", "object_id": "2", "change_message": "Changed latitude and longitude.", "user": 1, "content_type": 26}, "model": "admin.logentry", "pk": 216}, {"fields": {"action_flag": 1, "action_time": "2015-07-22T23:01:32.157Z", "object_repr": "StudioServices object", "object_id": "24", "change_message": "", "user": 1, "content_type": 40}, "model": "admin.logentry", "pk": 217}, {"fields": {"action_flag": 1, "action_time": "2015-07-22T23:02:02.985Z", "object_repr": "StudioServices object", "object_id": "25", "change_message": "", "user": 1, "content_type": 40}, "model": "admin.logentry", "pk": 218}, {"fields": {"action_flag": 2, "action_time": "2015-07-22T23:05:47.691Z", "object_repr": "StudioServices object", "object_id": "25", "change_message": "No fields changed.", "user": 1, "content_type": 40}, "model": "admin.logentry", "pk": 219}, {"fields": {"action_flag": 1, "action_time": "2015-07-22T23:06:03.315Z", "object_repr": "StudioServices object", "object_id": "26", "change_message": "", "user": 1, "content_type": 40}, "model": "admin.logentry", "pk": 220}, {"fields": {"action_flag": 1, "action_time": "2015-07-22T23:06:16.223Z", "object_repr": "StudioServices object", "object_id": "27", "change_message": "", "user": 1, "content_type": 40}, "model": "admin.logentry", "pk": 221}, {"fields": {"action_flag": 1, "action_time": "2015-07-22T23:06:30.553Z", "object_repr": "StudioServices object", "object_id": "28", "change_message": "", "user": 1, "content_type": 40}, "model": "admin.logentry", "pk": 222}, {"fields": {"action_flag": 1, "action_time": "2015-07-22T23:06:47.451Z", "object_repr": "StudioServices object", "object_id": "29", "change_message": "", "user": 1, "content_type": 40}, "model": "admin.logentry", "pk": 223}, {"fields": {"action_flag": 1, "action_time": "2015-07-22T23:08:03.469Z", "object_repr": "StudioServices object", "object_id": "30", "change_message": "", "user": 1, "content_type": 40}, "model": "admin.logentry", "pk": 224}, {"fields": {"action_flag": 1, "action_time": "2015-07-22T23:08:15.049Z", "object_repr": "StudioServices object", "object_id": "31", "change_message": "", "user": 1, "content_type": 40}, "model": "admin.logentry", "pk": 225}, {"fields": {"action_flag": 1, "action_time": "2015-07-22T23:08:32.530Z", "object_repr": "StudioServices object", "object_id": "32", "change_message": "", "user": 1, "content_type": 40}, "model": "admin.logentry", "pk": 226}, {"fields": {"action_flag": 1, "action_time": "2015-07-22T23:09:06.631Z", "object_repr": "StudioServices object", "object_id": "33", "change_message": "", "user": 1, "content_type": 40}, "model": "admin.logentry", "pk": 227}, {"fields": {"action_flag": 1, "action_time": "2015-07-22T23:09:57.115Z", "object_repr": "StudioServices object", "object_id": "34", "change_message": "", "user": 1, "content_type": 40}, "model": "admin.logentry", "pk": 228}, {"fields": {"action_flag": 2, "action_time": "2015-07-22T23:23:39.218Z", "object_repr": "StudioPicture object", "object_id": "2", "change_message": "Changed picture.", "user": 1, "content_type": 38}, "model": "admin.logentry", "pk": 229}, {"fields": {"action_flag": 1, "action_time": "2015-07-22T23:25:00.692Z", "object_repr": "StudioPicture object", "object_id": "3", "change_message": "", "user": 1, "content_type": 38}, "model": "admin.logentry", "pk": 230}, {"fields": {"action_flag": 1, "action_time": "2015-07-22T23:25:12.958Z", "object_repr": "StudioPicture object", "object_id": "4", "change_message": "", "user": 1, "content_type": 38}, "model": "admin.logentry", "pk": 231}, {"fields": {"action_flag": 1, "action_time": "2015-07-22T23:25:29.281Z", "object_repr": "StudioPicture object", "object_id": "5", "change_message": "", "user": 1, "content_type": 38}, "model": "admin.logentry", "pk": 232}, {"fields": {"action_flag": 1, "action_time": "2015-07-22T23:25:53.658Z", "object_repr": "StudioPicture object", "object_id": "6", "change_message": "", "user": 1, "content_type": 38}, "model": "admin.logentry", "pk": 233}, {"fields": {"action_flag": 1, "action_time": "2015-07-22T23:26:48.427Z", "object_repr": "StudioPicture object", "object_id": "7", "change_message": "", "user": 1, "content_type": 38}, "model": "admin.logentry", "pk": 234}, {"fields": {"action_flag": 1, "action_time": "2015-07-22T23:27:01.269Z", "object_repr": "StudioPicture object", "object_id": "8", "change_message": "", "user": 1, "content_type": 38}, "model": "admin.logentry", "pk": 235}, {"fields": {"action_flag": 1, "action_time": "2015-07-22T23:27:15.329Z", "object_repr": "StudioPicture object", "object_id": "9", "change_message": "", "user": 1, "content_type": 38}, "model": "admin.logentry", "pk": 236}, {"fields": {"action_flag": 1, "action_time": "2015-07-22T23:28:05.403Z", "object_repr": "StudioPicture object", "object_id": "10", "change_message": "", "user": 1, "content_type": 38}, "model": "admin.logentry", "pk": 237}, {"fields": {"action_flag": 1, "action_time": "2015-07-22T23:28:35.818Z", "object_repr": "StudioPicture object", "object_id": "11", "change_message": "", "user": 1, "content_type": 38}, "model": "admin.logentry", "pk": 238}, {"fields": {"action_flag": 1, "action_time": "2015-07-22T23:30:25.494Z", "object_repr": "StudioPicture object", "object_id": "12", "change_message": "", "user": 1, "content_type": 38}, "model": "admin.logentry", "pk": 239}, {"fields": {"action_flag": 1, "action_time": "2015-07-22T23:31:37.722Z", "object_repr": "StudioPicture object", "object_id": "13", "change_message": "", "user": 1, "content_type": 38}, "model": "admin.logentry", "pk": 240}, {"fields": {"action_flag": 1, "action_time": "2015-07-22T23:31:56.630Z", "object_repr": "StudioPicture object", "object_id": "14", "change_message": "", "user": 1, "content_type": 38}, "model": "admin.logentry", "pk": 241}, {"fields": {"action_flag": 1, "action_time": "2015-07-22T23:32:08.584Z", "object_repr": "StudioPicture object", "object_id": "15", "change_message": "", "user": 1, "content_type": 38}, "model": "admin.logentry", "pk": 242}, {"fields": {"action_flag": 1, "action_time": "2015-07-22T23:32:25.439Z", "object_repr": "StudioPicture object", "object_id": "16", "change_message": "", "user": 1, "content_type": 38}, "model": "admin.logentry", "pk": 243}, {"fields": {"action_flag": 1, "action_time": "2015-07-22T23:32:41.809Z", "object_repr": "StudioPicture object", "object_id": "17", "change_message": "", "user": 1, "content_type": 38}, "model": "admin.logentry", "pk": 244}, {"fields": {"action_flag": 1, "action_time": "2015-07-22T23:34:02.256Z", "object_repr": "StudioPicture object", "object_id": "18", "change_message": "", "user": 1, "content_type": 38}, "model": "admin.logentry", "pk": 245}, {"fields": {"action_flag": 1, "action_time": "2015-07-22T23:35:22.303Z", "object_repr": "StudioPicture object", "object_id": "19", "change_message": "", "user": 1, "content_type": 38}, "model": "admin.logentry", "pk": 246}, {"fields": {"action_flag": 1, "action_time": "2015-07-22T23:35:45.217Z", "object_repr": "StudioPicture object", "object_id": "20", "change_message": "", "user": 1, "content_type": 38}, "model": "admin.logentry", "pk": 247}, {"fields": {"action_flag": 1, "action_time": "2015-07-22T23:36:30.032Z", "object_repr": "StudioPicture object", "object_id": "21", "change_message": "", "user": 1, "content_type": 38}, "model": "admin.logentry", "pk": 248}, {"fields": {"action_flag": 1, "action_time": "2015-07-22T23:36:48.661Z", "object_repr": "StudioPicture object", "object_id": "22", "change_message": "", "user": 1, "content_type": 38}, "model": "admin.logentry", "pk": 249}, {"fields": {"action_flag": 1, "action_time": "2015-07-22T23:37:02.316Z", "object_repr": "StudioPicture object", "object_id": "23", "change_message": "", "user": 1, "content_type": 38}, "model": "admin.logentry", "pk": 250}, {"fields": {"action_flag": 1, "action_time": "2015-07-22T23:37:28.030Z", "object_repr": "StudioPicture object", "object_id": "24", "change_message": "", "user": 1, "content_type": 38}, "model": "admin.logentry", "pk": 251}, {"fields": {"action_flag": 1, "action_time": "2015-07-22T23:39:17.581Z", "object_repr": "StudioPicture object", "object_id": "25", "change_message": "", "user": 1, "content_type": 38}, "model": "admin.logentry", "pk": 252}, {"fields": {"action_flag": 1, "action_time": "2015-07-22T23:41:08.106Z", "object_repr": "StudioPicture object", "object_id": "26", "change_message": "", "user": 1, "content_type": 38}, "model": "admin.logentry", "pk": 253}, {"fields": {"action_flag": 1, "action_time": "2015-07-22T23:44:44.807Z", "object_repr": "StudioPicture object", "object_id": "27", "change_message": "", "user": 1, "content_type": 38}, "model": "admin.logentry", "pk": 254}, {"fields": {"action_flag": 1, "action_time": "2015-07-22T23:44:59.150Z", "object_repr": "StudioPicture object", "object_id": "28", "change_message": "", "user": 1, "content_type": 38}, "model": "admin.logentry", "pk": 255}, {"fields": {"action_flag": 1, "action_time": "2015-07-22T23:45:37.290Z", "object_repr": "StudioPicture object", "object_id": "29", "change_message": "", "user": 1, "content_type": 38}, "model": "admin.logentry", "pk": 256}, {"fields": {"action_flag": 2, "action_time": "2015-07-24T06:29:28.048Z", "object_repr": "pqm5shfAZ95xQxZkWB4pKLIO3UWrhM", "object_id": "153", "change_message": "Changed expires.", "user": 1, "content_type": 9}, "model": "admin.logentry", "pk": 257}, {"fields": {"action_flag": 2, "action_time": "2015-07-24T06:30:56.526Z", "object_repr": "RzFkAv1YqohjiIEDP9UmYArj92To7k", "object_id": "153", "change_message": "Changed token.", "user": 1, "content_type": 9}, "model": "admin.logentry", "pk": 258}, {"fields": {"action_flag": 1, "action_time": "2015-07-25T06:20:53.849Z", "object_repr": "StudioPicture object", "object_id": "30", "change_message": "", "user": 1, "content_type": 38}, "model": "admin.logentry", "pk": 259}, {"fields": {"action_flag": 2, "action_time": "2015-07-25T06:43:36.821Z", "object_repr": "StudioPicture object", "object_id": "30", "change_message": "No fields changed.", "user": 1, "content_type": 38}, "model": "admin.logentry", "pk": 260}, {"fields": {"action_flag": 1, "action_time": "2015-07-25T06:43:49.304Z", "object_repr": "StudioPicture object", "object_id": "31", "change_message": "", "user": 1, "content_type": 38}, "model": "admin.logentry", "pk": 261}, {"fields": {"action_flag": 2, "action_time": "2015-07-25T06:52:08.372Z", "object_repr": "BookingDetails object", "object_id": "20", "change_message": "Changed studio, coupon, status_code and booking_status.", "user": 1, "content_type": 17}, "model": "admin.logentry", "pk": 262}, {"fields": {"action_flag": 2, "action_time": "2015-07-25T06:52:37.769Z", "object_repr": "BookingDetails object", "object_id": "19", "change_message": "Changed appointment_date, studio, coupon, status_code, booking_status and is_valid.", "user": 1, "content_type": 17}, "model": "admin.logentry", "pk": 263}, {"fields": {"action_flag": 2, "action_time": "2015-07-25T06:52:47.656Z", "object_repr": "BookingDetails object", "object_id": "20", "change_message": "Changed is_valid.", "user": 1, "content_type": 17}, "model": "admin.logentry", "pk": 264}, {"fields": {"action_flag": 2, "action_time": "2015-07-25T06:53:14.660Z", "object_repr": "BookingDetails object", "object_id": "18", "change_message": "Changed appointment_date, studio, coupon, status_code, booking_status and is_valid.", "user": 1, "content_type": 17}, "model": "admin.logentry", "pk": 265}, {"fields": {"action_flag": 2, "action_time": "2015-07-25T06:53:33.507Z", "object_repr": "BookingDetails object", "object_id": "17", "change_message": "Changed appointment_date, studio, coupon, status_code, booking_status and is_valid.", "user": 1, "content_type": 17}, "model": "admin.logentry", "pk": 266}, {"fields": {"action_flag": 2, "action_time": "2015-07-25T06:53:52.688Z", "object_repr": "BookingDetails object", "object_id": "16", "change_message": "Changed appointment_date, studio, coupon, status_code, booking_status and is_valid.", "user": 1, "content_type": 17}, "model": "admin.logentry", "pk": 267}, {"fields": {"action_flag": 2, "action_time": "2015-07-25T06:54:12.076Z", "object_repr": "BookingDetails object", "object_id": "15", "change_message": "Changed appointment_date, studio, coupon, status_code, booking_status and is_valid.", "user": 1, "content_type": 17}, "model": "admin.logentry", "pk": 268}, {"fields": {"action_flag": 2, "action_time": "2015-07-25T06:57:36.027Z", "object_repr": "StudioReviews object", "object_id": "1", "change_message": "Changed booking.", "user": 1, "content_type": 43}, "model": "admin.logentry", "pk": 269}, {"fields": {"action_flag": 2, "action_time": "2015-07-25T06:57:50.112Z", "object_repr": "StudioReviews object", "object_id": "1", "change_message": "Changed studio_profile, has_reviewed and service_updated.", "user": 1, "content_type": 43}, "model": "admin.logentry", "pk": 270}, {"fields": {"action_flag": 2, "action_time": "2015-07-25T06:57:54.188Z", "object_repr": "StudioReviews object", "object_id": "1", "change_message": "No fields changed.", "user": 1, "content_type": 43}, "model": "admin.logentry", "pk": 271}, {"fields": {"action_flag": 1, "action_time": "2015-07-25T06:58:17.437Z", "object_repr": "StudioReviews object", "object_id": "2", "change_message": "", "user": 1, "content_type": 43}, "model": "admin.logentry", "pk": 272}, {"fields": {"action_flag": 1, "action_time": "2015-07-25T06:58:47.053Z", "object_repr": "StudioReviews object", "object_id": "3", "change_message": "", "user": 1, "content_type": 43}, "model": "admin.logentry", "pk": 273}, {"fields": {"action_flag": 1, "action_time": "2015-07-25T06:59:08.443Z", "object_repr": "StudioReviews object", "object_id": "4", "change_message": "", "user": 1, "content_type": 43}, "model": "admin.logentry", "pk": 274}, {"fields": {"action_flag": 1, "action_time": "2015-07-25T06:59:39.471Z", "object_repr": "StudioReviews object", "object_id": "5", "change_message": "", "user": 1, "content_type": 43}, "model": "admin.logentry", "pk": 275}, {"fields": {"action_flag": 1, "action_time": "2015-07-25T07:00:05.159Z", "object_repr": "StudioReviews object", "object_id": "6", "change_message": "", "user": 1, "content_type": 43}, "model": "admin.logentry", "pk": 276}, {"fields": {"action_flag": 2, "action_time": "2015-07-26T11:13:48.016Z", "object_repr": "RzFkAv1YqohjiIEDP9UmYArj92To7k", "object_id": "184", "change_message": "Changed token.", "user": 1, "content_type": 9}, "model": "admin.logentry", "pk": 277}, {"fields": {"action_flag": 2, "action_time": "2015-07-27T06:26:07.877Z", "object_repr": "Naturals, Porur", "object_id": "3", "change_message": "Changed opening_at, closing_at, daily_studio_closed_from and daily_studio_closed_till.", "user": 1, "content_type": 26}, "model": "admin.logentry", "pk": 278}, {"fields": {"action_flag": 1, "action_time": "2015-07-31T17:27:49.377Z", "object_repr": "StudioClosedDetails object", "object_id": "7", "change_message": "", "user": 1, "content_type": 35}, "model": "admin.logentry", "pk": 279}, {"fields": {"action_flag": 2, "action_time": "2015-08-01T17:22:51.337Z", "object_repr": "Coupon object", "object_id": "1", "change_message": "Changed expiry_date.", "user": 1, "content_type": 55}, "model": "admin.logentry", "pk": 280}, {"fields": {"action_flag": 2, "action_time": "2015-08-01T17:23:04.656Z", "object_repr": "Coupon object", "object_id": "1", "change_message": "Changed is_one_time.", "user": 1, "content_type": 55}, "model": "admin.logentry", "pk": 281}, {"fields": {"action_flag": 2, "action_time": "2015-08-01T17:51:29.471Z", "object_repr": "Naturals, Porur", "object_id": "3", "change_message": "Changed closing_at.", "user": 1, "content_type": 26}, "model": "admin.logentry", "pk": 282}, {"fields": {"action_flag": 2, "action_time": "2015-08-02T04:29:55.535Z", "object_repr": "HHDPW1", "object_id": "21", "change_message": "Changed appointment_end_time and coupon.", "user": 1, "content_type": 17}, "model": "admin.logentry", "pk": 283}, {"fields": {"action_flag": 2, "action_time": "2015-08-02T04:30:04.512Z", "object_repr": "JD4L7L", "object_id": "22", "change_message": "Changed appointment_end_time and coupon.", "user": 1, "content_type": 17}, "model": "admin.logentry", "pk": 284}, {"fields": {"action_flag": 2, "action_time": "2015-08-02T06:04:43.653Z", "object_repr": "6NKQJT", "object_id": "17", "change_message": "Changed is_reviewed.", "user": 1, "content_type": 17}, "model": "admin.logentry", "pk": 285}, {"fields": {"action_flag": 2, "action_time": "2015-08-02T06:30:29.677Z", "object_repr": "7NABA1JA", "object_id": "2", "change_message": "Changed mobile_no, coupon and is_reviewed.", "user": 1, "content_type": 17}, "model": "admin.logentry", "pk": 286}, {"fields": {"action_flag": 2, "action_time": "2015-08-02T06:30:48.877Z", "object_repr": "NHAUB", "object_id": "3", "change_message": "Changed mobile_no, coupon and is_reviewed.", "user": 1, "content_type": 17}, "model": "admin.logentry", "pk": 287}, {"fields": {"action_flag": 2, "action_time": "2015-08-02T06:35:53.915Z", "object_repr": "13UUON", "object_id": "15", "change_message": "Changed is_reviewed.", "user": 1, "content_type": 17}, "model": "admin.logentry", "pk": 288}, {"fields": {"action_flag": 2, "action_time": "2015-08-02T17:35:25.775Z", "object_repr": "Naturals, Guindy", "object_id": "4", "change_message": "Changed opening_at, closing_at, daily_studio_closed_from and daily_studio_closed_till.", "user": 1, "content_type": 26}, "model": "admin.logentry", "pk": 289}, {"fields": {"action_flag": 2, "action_time": "2015-08-03T17:52:55.254Z", "object_repr": "Greenn Trends Porur", "object_id": "2", "change_message": "Changed opening_at, closing_at, daily_studio_closed_from and daily_studio_closed_till.", "user": 1, "content_type": 26}, "model": "admin.logentry", "pk": 290}, {"fields": {"action_flag": 2, "action_time": "2015-08-05T05:40:52.228Z", "object_repr": "YicfsS1EHiLlOsCXoFT869alzYpEvp", "object_id": "202", "change_message": "Changed expires.", "user": 1, "content_type": 9}, "model": "admin.logentry", "pk": 291}, {"fields": {"action_flag": 2, "action_time": "2015-08-08T14:01:48.887Z", "object_repr": "ZE4jOnFNQXS2voP3U7BUWppJhC5Eze", "object_id": "206", "change_message": "Changed expires.", "user": 1, "content_type": 9}, "model": "admin.logentry", "pk": 292}, {"fields": {"action_flag": 2, "action_time": "2015-08-12T17:41:28.673Z", "object_repr": "3UCREM", "object_id": "76", "change_message": "Changed coupon, status_code and booking_status.", "user": 1, "content_type": 17}, "model": "admin.logentry", "pk": 293}, {"fields": {"action_flag": 2, "action_time": "2015-08-13T06:23:53.911Z", "object_repr": "B&W KKDI", "object_id": "1", "change_message": "Changed opening_at, closing_at, daily_studio_closed_from and daily_studio_closed_till.", "user": 1, "content_type": 26}, "model": "admin.logentry", "pk": 294}, {"fields": {"action_flag": 2, "action_time": "2015-08-14T18:57:05.266Z", "object_repr": "YO43ZX", "object_id": "81", "change_message": "Changed coupon, status_code and booking_status.", "user": 1, "content_type": 17}, "model": "admin.logentry", "pk": 295}, {"fields": {"action_flag": 2, "action_time": "2015-08-15T07:31:03.974Z", "object_repr": "DSF7ceCgrV4Kc1LJZeV1J1dFGUy2yE", "object_id": "218", "change_message": "Changed expires.", "user": 1, "content_type": 9}, "model": "admin.logentry", "pk": 296}, {"fields": {"action_flag": 1, "action_time": "2015-08-15T17:32:09.795Z", "object_repr": "StudioServices object", "object_id": "35", "change_message": "", "user": 1, "content_type": 40}, "model": "admin.logentry", "pk": 297}, {"fields": {"action_flag": 2, "action_time": "2015-08-15T17:33:28.119Z", "object_repr": "Naturals, Ramapuram", "object_id": "7", "change_message": "Changed opening_at, closing_at, daily_studio_closed_from and daily_studio_closed_till.", "user": 1, "content_type": 26}, "model": "admin.logentry", "pk": 298}, {"fields": {"action_flag": 2, "action_time": "2015-08-15T17:37:13.726Z", "object_repr": "Naturals, Ramapuram", "object_id": "7", "change_message": "Changed studio_type.", "user": 1, "content_type": 26}, "model": "admin.logentry", "pk": 299}, {"fields": {"action_flag": 2, "action_time": "2015-08-15T18:05:39.192Z", "object_repr": "Z6ZDI1", "object_id": "84", "change_message": "Changed coupon, status_code, booking_status and is_valid.", "user": 1, "content_type": 17}, "model": "admin.logentry", "pk": 300}, {"fields": {"action_flag": 2, "action_time": "2015-08-16T02:40:22.972Z", "object_repr": "Naturals, Ramapuram", "object_id": "7", "change_message": "No fields changed.", "user": 1, "content_type": 26}, "model": "admin.logentry", "pk": 301}, {"fields": {"action_flag": 2, "action_time": "2015-08-16T02:56:21.870Z", "object_repr": "Naturals, Besant Nagar", "object_id": "6", "change_message": "Changed opening_at, closing_at, daily_studio_closed_from and daily_studio_closed_till.", "user": 1, "content_type": 26}, "model": "admin.logentry", "pk": 302}, {"fields": {"action_flag": 2, "action_time": "2015-08-16T02:56:52.996Z", "object_repr": "Naturals, Adyar", "object_id": "5", "change_message": "Changed opening_at, closing_at, daily_studio_closed_from and daily_studio_closed_till.", "user": 1, "content_type": 26}, "model": "admin.logentry", "pk": 303}, {"fields": {"action_flag": 2, "action_time": "2015-08-16T02:57:16.230Z", "object_repr": "B&W KKDI", "object_id": "1", "change_message": "Changed has_online_payment.", "user": 1, "content_type": 26}, "model": "admin.logentry", "pk": 304}, {"fields": {"action_flag": 2, "action_time": "2015-08-16T02:57:20.153Z", "object_repr": "Naturals, Ramapuram", "object_id": "7", "change_message": "Changed has_online_payment.", "user": 1, "content_type": 26}, "model": "admin.logentry", "pk": 305}, {"fields": {"action_flag": 2, "action_time": "2015-08-16T02:57:24.174Z", "object_repr": "Naturals, Besant Nagar", "object_id": "6", "change_message": "Changed has_online_payment.", "user": 1, "content_type": 26}, "model": "admin.logentry", "pk": 306}, {"fields": {"action_flag": 2, "action_time": "2015-08-16T02:57:33.692Z", "object_repr": "Naturals, Guindy", "object_id": "4", "change_message": "Changed has_online_payment.", "user": 1, "content_type": 26}, "model": "admin.logentry", "pk": 307}, {"fields": {"action_flag": 2, "action_time": "2015-08-16T02:57:42.176Z", "object_repr": "Naturals, Porur", "object_id": "3", "change_message": "Changed has_online_payment.", "user": 1, "content_type": 26}, "model": "admin.logentry", "pk": 308}, {"fields": {"action_flag": 2, "action_time": "2015-08-16T02:57:45.577Z", "object_repr": "Greenn Trends Porur", "object_id": "2", "change_message": "No fields changed.", "user": 1, "content_type": 26}, "model": "admin.logentry", "pk": 309}, {"fields": {"action_flag": 2, "action_time": "2015-08-16T02:57:49.580Z", "object_repr": "B&W KKDI", "object_id": "1", "change_message": "Changed has_online_payment.", "user": 1, "content_type": 26}, "model": "admin.logentry", "pk": 310}, {"fields": {"action_flag": 2, "action_time": "2015-08-16T09:04:40.479Z", "object_repr": "ECSQ5I", "object_id": "86", "change_message": "Changed coupon, status_code and booking_status.", "user": 1, "content_type": 17}, "model": "admin.logentry", "pk": 311}, {"fields": {"action_flag": 2, "action_time": "2015-08-16T09:30:22.942Z", "object_repr": "E3JXT2", "object_id": "72", "change_message": "Changed appointment_date and coupon.", "user": 1, "content_type": 17}, "model": "admin.logentry", "pk": 312}, {"fields": {"action_flag": 2, "action_time": "2015-08-16T05:35:55.384Z", "object_repr": "E3JXT2", "object_id": "72", "change_message": "Changed appointment_start_time and appointment_end_time.", "user": 1, "content_type": 17}, "model": "admin.logentry", "pk": 313}, {"fields": {"action_flag": 2, "action_time": "2015-08-16T10:09:49.921Z", "object_repr": "E3JXT2", "object_id": "72", "change_message": "Changed appointment_start_time.", "user": 1, "content_type": 17}, "model": "admin.logentry", "pk": 314}, {"fields": {"action_flag": 2, "action_time": "2015-08-16T10:10:56.828Z", "object_repr": "E3JXT2", "object_id": "72", "change_message": "Changed appointment_start_time.", "user": 1, "content_type": 17}, "model": "admin.logentry", "pk": 315}, {"fields": {"action_flag": 2, "action_time": "2015-08-16T10:18:09.975Z", "object_repr": "E3JXT2", "object_id": "72", "change_message": "Changed status_code and booking_status.", "user": 1, "content_type": 17}, "model": "admin.logentry", "pk": 316}, {"fields": {"action_flag": 2, "action_time": "2015-08-16T10:19:06.047Z", "object_repr": "E3JXT2", "object_id": "72", "change_message": "Changed is_valid.", "user": 1, "content_type": 17}, "model": "admin.logentry", "pk": 317}, {"fields": {"action_flag": 2, "action_time": "2015-08-16T10:21:14.392Z", "object_repr": "CUL8QD", "object_id": "71", "change_message": "Changed coupon, status_code, booking_status and is_valid.", "user": 1, "content_type": 17}, "model": "admin.logentry", "pk": 318}, {"fields": {"action_flag": 2, "action_time": "2015-08-16T10:36:29.341Z", "object_repr": "MALCK5", "object_id": "70", "change_message": "Changed coupon, status_code, booking_status and is_valid.", "user": 1, "content_type": 17}, "model": "admin.logentry", "pk": 319}, {"fields": {"action_flag": 2, "action_time": "2015-08-26T17:35:36.898Z", "object_repr": "Naturals, Guindy", "object_id": "4", "change_message": "Changed closing_at.", "user": 1, "content_type": 26}, "model": "admin.logentry", "pk": 320}, {"fields": {"action_flag": 2, "action_time": "2015-08-27T18:11:56.122Z", "object_repr": "GEGJ5E", "object_id": "111", "change_message": "Changed appointment_date and coupon.", "user": 1, "content_type": 17}, "model": "admin.logentry", "pk": 321}, {"fields": {"action_flag": 2, "action_time": "2015-08-27T18:13:51.488Z", "object_repr": "GEGJ5E", "object_id": "111", "change_message": "Changed appointment_date.", "user": 1, "content_type": 17}, "model": "admin.logentry", "pk": 322}, {"fields": {"action_flag": 2, "action_time": "2015-08-27T18:55:52.498Z", "object_repr": "GEGJ5E", "object_id": "111", "change_message": "Changed appointment_date and is_valid.", "user": 1, "content_type": 17}, "model": "admin.logentry", "pk": 323}, {"fields": {"action_flag": 1, "action_time": "2015-08-28T18:13:20.353Z", "object_repr": "Coupon object", "object_id": "2", "change_message": "", "user": 1, "content_type": 55}, "model": "admin.logentry", "pk": 324}, {"fields": {"action_flag": 1, "action_time": "2015-08-28T18:13:49.799Z", "object_repr": "CouponForStudios object", "object_id": "2", "change_message": "", "user": 1, "content_type": 56}, "model": "admin.logentry", "pk": 325}, {"fields": {"action_flag": 1, "action_time": "2015-08-28T18:14:27.215Z", "object_repr": "CouponForStudios object", "object_id": "3", "change_message": "", "user": 1, "content_type": 56}, "model": "admin.logentry", "pk": 326}, {"fields": {"action_flag": 2, "action_time": "2015-08-28T18:17:37.907Z", "object_repr": "CouponForStudios object", "object_id": "3", "change_message": "Changed coupon.", "user": 1, "content_type": 56}, "model": "admin.logentry", "pk": 327}]